bron_rij,Ad Name,Product,Awareness Level,Angle Type,Marketing Angle (origineel),Desires (origineel),Format,Media Type,Hook (short),Channel,Audience,Persona,Date Live,Budget (€),Impressions,Hook Rate (%),Hold Rate (%),CTR (%),CPM (€),CPC (€),Conversions,CVR (%),CPA (€),AOV (€),ROAS,Break-even ROAS,Target ROAS,Score (1-10),Status,Next Step,Notes,Creatives Link
1,001-1,Shave Package 3.0,2. Problem Aware,Storytelling / Narrative,Humor + relatability rond mannelijke verzorging,"“Van gevoelige plekken tot neushaar – één pakket, nul zorgen.”
“Geen schaamte. Geen bultjes. Alleen gemak.”",📱 UGC Talking Head Testimonial,🎬 Video,"Er zijn dus trimmers die de gevoelige plekken aankunnen, en de neushaar?",Meta,NL & BE,Luca,2025-08-04,7.69,,0.25,0.0374,0.0051,13.08,1.3,,,,,0.0,1.81,2.26,,Killed,,,https://drive.google.com/drive/folders/1CCOwXf0CMRZNuR88Ir4djrecDa8pe9QD?usp=sharing
2,001-2,Shave Package 3.0,2. Problem Aware,Storytelling / Narrative,Humor + relatability rond mannelijke verzorging,"“Van gevoelige plekken tot neushaar – één pakket, nul zorgen.”
“Geen schaamte. Geen bultjes. Alleen gemak.”",📱 UGC Talking Head Testimonial,🎬 Video,Waarom voelt trimmen op gevoelige plekken altijd zo vervelend?,Meta,NL & BE,Luca,2025-08-04,16.96,,0.262,0.053,0.0092,11.98,1.3,,,,,0.0,1.81,2.26,,Killed,,,https://drive.google.com/drive/folders/1CCOwXf0CMRZNuR88Ir4djrecDa8pe9QD?usp=sharing
3,001-3,Shave Package 3.0,2. Problem Aware,Storytelling / Narrative,Humor + relatability rond mannelijke verzorging,"“Van gevoelige plekken tot neushaar – één pakket, nul zorgen.”
“Geen schaamte. Geen bultjes. Alleen gemak.”",📱 UGC Talking Head Testimonial,🎬 Video,"Ik dacht altijd, pijn en irritatie hoort erbij!",Meta,NL & BE,Luca,2025-08-05,4.8,,0.25,0.0485,0.0102,12.24,1.2,,,,,0.0,1.81,2.26,,Killed,,,https://drive.google.com/drive/folders/1CCOwXf0CMRZNuR88Ir4djrecDa8pe9QD?usp=sharing
4,002-1,Groom Guard,1. Unaware,Storytelling / Narrative,Break-up storytelling + relatability,Verlangen naar pijnvrij en zorgeloos trimmen,📱 UGC Talking Head Testimonial,🎬 Video,"Ik heb laatst afscheid genomen van iets, iets waar ik best lang mee ben geweest... mijn oude trimmer",Meta,NL & BE,Luca,2025-08-06,9.0,,0.2198,0.0337,0.0058,10.53,1.81,,,,,0.0,1.9,2.38,,Killed,,,https://drive.google.com/drive/folders/1CLGqNa9YNMITnHfPMC2UulAmvImbPX8I?usp=sharing
5,002-2,Groom Guard,1. Unaware,Storytelling / Narrative,Break-up storytelling + relatability,Verlangen naar pijnvrij en zorgeloos trimmen,📱 UGC Talking Head Testimonial,🎬 Video,"FF serieus, waarom doen we onszelf dit nog aan?",Meta,NL & BE,Luca,2025-08-06,18.03,,0.0,0.0,0.0198,11.18,1.0,,0.0,,,0.0,1.9,2.38,,Killed,,,https://drive.google.com/drive/folders/1CLGqNa9YNMITnHfPMC2UulAmvImbPX8I?usp=sharing
6,002-3,Groom Guard,1. Unaware,Storytelling / Narrative,Break-up storytelling + relatability,Verlangen naar pijnvrij en zorgeloos trimmen,📱 UGC Talking Head Testimonial,🎬 Video,"Ken je dat? Die ene trimmer die pijn jeuk of irritatie veroorzaakt? Ja ik ook, maar ik ben verder gegaan",Meta,NL & BE,Luca,2025-08-06,11.18,,0.2249,0.0552,0.0102,11.43,1.4,,,,0.0,0.0,1.9,2.38,,Killed,,,https://drive.google.com/drive/folders/1CLGqNa9YNMITnHfPMC2UulAmvImbPX8I?usp=sharing
7,003-1,Groom Guard,2. Problem Aware,Social Proof / Reviews,Attractiveness & social approval,Verlangen naar aantrekkelijkheid en sociale goedkeuring,📱 UGC Talking Head Testimonial,🎬 Video,Mannen die zich niet goed scheren? Dat is een afknapper,Meta,NL & BE,Daan,2025-08-06,307.0,,0.3422,0.0858,0.0184,8.16,0.72,,0.0267,25.0,46.7,1.82,1.9,2.38,,Iterate,,,https://drive.google.com/drive/folders/1EKFnITcYDDfZbIVZVVc9SBPH4ejsH5oi?usp=sharing
8,003-2,Groom Guard,2. Problem Aware,Social Proof / Reviews,Attractiveness & social approval,Verlangen naar aantrekkelijkheid en sociale goedkeuring,📱 UGC Talking Head Testimonial,🎬 Video,"Geloof mij, elke vrouw wilt dat hun man zicht goed verzorgd",Meta,NL & BE,Daan,2025-08-06,52.0,,0.2753,0.0485,0.0181,1.29,0.92,,0.0345,26.17,39.95,1.53,1.9,2.38,,Killed,,,https://drive.google.com/drive/folders/1EKFnITcYDDfZbIVZVVc9SBPH4ejsH5oi?usp=sharing
9,003-3,Groom Guard,2. Problem Aware,Social Proof / Reviews,Attractiveness & social approval,Verlangen naar aantrekkelijkheid en sociale goedkeuring,📱 UGC Talking Head Testimonial,🎬 Video,Elke vrouw wilt toch een verzorgde man?,Meta,NL & BE,Daan,2025-08-06,25.88,,0.213,0.0521,0.0204,11.73,0.81,,0.0,,,0.0,1.9,2.38,,Killed,,,https://drive.google.com/drive/folders/1EKFnITcYDDfZbIVZVVc9SBPH4ejsH5oi?usp=sharing
10,004-1,Groom Guard,2. Problem Aware,Storytelling / Narrative,Zelfzorg = status & eerste indruk,Verlangen naar zelfvertrouwen en sociale waardering,📱 UGC Talking Head Testimonial,🎬 Video,"Mannen deze video is voor jullie, onverzorgd zijn als man is gewoon niet oke. Niemand maakt een betere indruk, dan iemand die zijn grooming serieus neemt",Meta,NL & BE,Daan,2025-08-06,3.21,,0.2525,0.0248,0.0099,15.89,1.61,,0.0,,,0.0,1.9,2.38,,Killed,,,https://drive.google.com/drive/folders/1QFYRIhYZfwV7G0eQTXMRCu873cvLp9pJ?usp=sharing
11,004-2,Groom Guard,2. Problem Aware,Storytelling / Narrative,Zelfzorg = status & eerste indruk,Verlangen naar zelfvertrouwen en sociale waardering,📱 UGC Talking Head Testimonial,🎬 Video,"Mannen deze video is voor jullie, onverzorgd zijn als man is gewoon niet oke. Niemand maakt een betere indruk, dan iemand die zijn grooming serieus neemt",Meta,NL & BE,Daan,2025-08-06,4.37,,0.191,0.0347,0.0243,15.17,1.46,,0.0,,,0.0,1.9,2.38,,Killed,,,https://drive.google.com/drive/folders/1QFYRIhYZfwV7G0eQTXMRCu873cvLp9pJ?usp=sharing
12,004-3,Groom Guard,2. Problem Aware,Storytelling / Narrative,Zelfzorg = status & eerste indruk,Verlangen naar zelfvertrouwen en sociale waardering,📱 UGC Talking Head Testimonial,🎬 Video,"Mannen deze video is voor jullie, onverzorgd zijn als man is gewoon niet oke. Niemand maakt een betere indruk, dan iemand die zijn grooming serieus neemt",Meta,NL & BE,Daan,2025-08-06,15.73,,0.2221,0.0433,0.0129,14.5,1.57,,0.0,,,0.0,1.9,2.38,,Killed,,,https://drive.google.com/drive/folders/1QFYRIhYZfwV7G0eQTXMRCu873cvLp9pJ?usp=sharing
13,005-1,Groom Guard,2. Problem Aware,Authority / Expert,Founder credibility + probleemoplossing,Verlangen naar vertrouwen en pijnvrij trimmen,👤 Founder Story / Origin Video,🎬 Video,"“Mensen vraag wel eens, Jordi, hoe repareer je auto’s, ik heet helemaal geen Jordi en ik repareer geen auto’s. Mijn naam is Dustin founder van Wellshave”",Meta,NL & BE,Luca,2025-08-06,38.76,,0.3549,0.1058,0.0133,6.54,0.64,,,,,0.0,1.9,2.38,,Killed,,,https://drive.google.com/drive/folders/1p7lbWi6dAf2f7_nGnXxI6cqFAQSP7XiH?usp=sharing
14,005-2,Groom Guard,2. Problem Aware,Authority / Expert,Founder credibility + probleemoplossing,Verlangen naar vertrouwen en pijnvrij trimmen,👤 Founder Story / Origin Video,🎬 Video,"Mensen vraag wel eens, Jordi, hoe vervang je auto banden, ik heet helemaal geen Jordi en ik vervang geen banden. Mijn naam is Dustin founder van Wellshave”",Meta,NL & BE,Luca,2025-08-06,39.2,,0.3367,0.0806,0.0163,6.6,0.8,,0.0,,,0.0,1.9,2.38,,Killed,,,https://drive.google.com/drive/folders/1p7lbWi6dAf2f7_nGnXxI6cqFAQSP7XiH?usp=sharing
15,005-3,Groom Guard,2. Problem Aware,Authority / Expert,Founder credibility + probleemoplossing,Verlangen naar vertrouwen en pijnvrij trimmen,👤 Founder Story / Origin Video,🎬 Video,"Pohhh, ze vragen me weleens Joey, hoe fix ik deze auto. Ik heb geen idee. Ik heet ook helemaal geen Joey. Mijn naam is Dustin en ik ben de founder van Wellshave",Meta,NL & BE,Luca,2025-08-06,1155.7,,0.4958,0.1793,0.0252,6.7,0.48,,0.0146,30.41,43.01,1.41,1.9,2.38,,Killed,,,https://drive.google.com/drive/folders/1p7lbWi6dAf2f7_nGnXxI6cqFAQSP7XiH?usp=sharing
16,006-1,Groom Guard,1. Unaware,Storytelling / Narrative,Stressvrij manscapen met humor en founder-trust,"Verlangen naar rust, vertrouwen en pijnloos scheren",👤 Founder Story / Origin Video,🎬 Video,“Luister Luister! Er zijn twee dingen waar je nooit stress over wil… en je schaamstreek is er één van.”,Meta,NL & BE,Luca,2025-08-06,3.89,,0.3713,0.0919,0.0625,14.3,0.28,,0.0,,,0.0,1.9,2.38,,Killed,,,https://drive.google.com/drive/folders/1PMgGTO1j5vz3FGTb9lbBepY6n2vINgJZ?usp=sharing
17,006-2,Groom Guard,1. Unaware,Storytelling / Narrative,Stressvrij manscapen met humor en founder-trust,"Verlangen naar rust, vertrouwen en pijnloos scheren",👤 Founder Story / Origin Video,🎬 Video,"“Rustig rustig, maar uit onderzoek is gebleken dat maar 40% van de mannen zich daar beneden scheert”",Meta,NL & BE,Luca,2025-08-06,14.94,,0.5335,0.1678,0.0393,8.77,0.24,,0.0,,,0.0,1.9,2.38,,Killed,,,https://drive.google.com/drive/folders/1PMgGTO1j5vz3FGTb9lbBepY6n2vINgJZ?usp=sharing
18,006-3,Groom Guard,1. Unaware,Storytelling / Narrative,Stressvrij manscapen met humor en founder-trust,"Verlangen naar rust, vertrouwen en pijnloos scheren",👤 Founder Story / Origin Video,🎬 Video,"“Rustig Rustig, Ik weet het."" Je wilt niet weer allemaal rode plekjes over heel je lichaam",Meta,NL & BE,Luca,2025-08-06,23.94,,0.5939,0.1356,0.0206,8.8,0.5,,0.0,,,0.0,1.9,2.38,,Killed,,,https://drive.google.com/drive/folders/1PMgGTO1j5vz3FGTb9lbBepY6n2vINgJZ?usp=sharing
19,007-1,Groom Guard,2. Problem Aware,Storytelling / Narrative,Bro-to-bro guidance + zelfvertrouwen,Verlangen naar zelfvertrouwen en controle,📱 UGC Talking Head Testimonial,🎬 Video,Scheren op gevoelige plekken klinkt moeilijk… maar dat is het dus echt niet,Meta,NL & BE,Daan,2025-08-06,15.55,,0.1488,0.0394,0.0108,9.89,1.11,,,,,0.0,1.9,2.38,,Killed,,,https://drive.google.com/drive/folders/1doeyJadCOEiWMsRFlK4GuBXB4HfnPRrm?usp=sharing
20,007-2,Groom Guard,2. Problem Aware,Storytelling / Narrative,Bro-to-bro guidance + zelfvertrouwen,Verlangen naar zelfvertrouwen en controle,📱 UGC Talking Head Testimonial,🎬 Video,Niemand leert je dit. Maar je voelt je anders als je het doet.,Meta,NL & BE,Daan,2025-08-06,201.45,,0.2107,0.0643,0.0161,9.99,0.8,,0.0235,33.58,40.96,1.22,1.9,2.38,,Killed,,,https://drive.google.com/drive/folders/1doeyJadCOEiWMsRFlK4GuBXB4HfnPRrm?usp=sharing
21,007-3,Groom Guard,2. Problem Aware,Storytelling / Narrative,Bro-to-bro guidance + zelfvertrouwen,Verlangen naar zelfvertrouwen en controle,📱 UGC Talking Head Testimonial,🎬 Video,Bro… dit is letterlijk gemaakt voor gasten die niet weten wat ze doen.,Meta,NL & BE,Daan,2025-08-06,44.3,,0.2496,0.0504,0.0127,10.19,1.14,,0.0952,11.08,51.45,4.65,1.9,2.38,,Iterate,,,https://drive.google.com/drive/folders/1doeyJadCOEiWMsRFlK4GuBXB4HfnPRrm?usp=sharing
22,008-1,Groom Guard,3. Solution Aware,Benefits-Driven,"Gemak, multifunctionaliteit & betrouwbaarheid",Verlangen naar gemak en zekerheid,👤 Founder Story / Origin Video,🎬 Video,"Je hoeft toch geen hoevenier te zijn, om jezelf een beetje netjes te verzorgen",Meta,NL & BE,Jasper,2025-08-06,45.89,,0.2302,0.0626,0.0158,10.33,1.18,,0.0238,45.89,39.95,0.87,1.9,2.38,,Killed,,,https://drive.google.com/drive/folders/1fmgy0vH7bwEQ_qH9iTgtoALlgrJph_KB?usp=sharing
23,008-2,Shave Package 3.0,3. Solution Aware,Benefits-Driven,"Gemak, multifunctionaliteit & betrouwbaarheid",Verlangen naar gemak en zekerheid,👤 Founder Story / Origin Video,🎬 Video,"We gebruiken allemaal hetzelfde apparaat, voor alles",Meta,NL & BE,Jasper,2025-08-06,10.0,,0.2072,0.0542,0.0207,7.97,0.91,,,,,0.0,1.81,2.26,,Killed,,,https://drive.google.com/drive/folders/1fmgy0vH7bwEQ_qH9iTgtoALlgrJph_KB?usp=sharing
24,008-3,Shave Package 3.0,3. Solution Aware,Benefits-Driven,"Gemak, multifunctionaliteit & betrouwbaarheid",Verlangen naar gemak en zekerheid,👤 Founder Story / Origin Video,🎬 Video,Weet je wat ik haat? Apparaten die na 3 maanden al stuk zijn.,Meta,NL & BE,Jasper,2025-08-06,14.01,,0.2011,0.0598,0.0237,9.2,1.08,,0.0,,,0.0,1.81,2.26,,Killed,,,https://drive.google.com/drive/folders/1fmgy0vH7bwEQ_qH9iTgtoALlgrJph_KB?usp=sharing
25,009-1,Groom Guard,2. Problem Aware,Problem-Solution,Pijnvrij & precisie-groomen,Verlangen naar zorgeloos en precies trimmen,🖼️ Static ad,🖼️ Static ad,Eindelijk geen wondjes en geen stress,Meta,NL & BE,Luca,2025-08-15,9.19,,0.0,0.0,0.0144,9.45,1.31,,0.0,,,0.0,1.9,2.38,,Killed,,,https://drive.google.com/drive/folders/1I3u-NwclV49R1dx5Tkf-CnuLlny0RTlS?usp=sharing
26,009-2,Groom Guard,2. Problem Aware,Problem-Solution,Pijnvrij & precisie-groomen,Verlangen naar zorgeloos en precies trimmen,🖼️ Static ad,🖼️ Static ad,Nooit meer scheerfoutjes op foute plekken,Meta,NL & BE,Luca,2025-08-15,59.23,,0.0,0.0,0.0149,8.04,1.0,,0.0169,59.23,39.95,0.67,1.9,2.38,,Killed,,,https://drive.google.com/drive/folders/1I3u-NwclV49R1dx5Tkf-CnuLlny0RTlS?usp=sharing
27,009-3,Groom Guard,2. Problem Aware,Problem-Solution,Pijnvrij & precisie-groomen,Verlangen naar zorgeloos en precies trimmen,🖼️ Static ad,🖼️ Static ad,Scheer met precisie waar het spannend wordt,Meta,NL & BE,Luca,2025-08-15,25.45,,0.0,0.0,0.0137,9.65,0.91,,0.0,,,0.0,1.9,2.38,,Killed,,,https://drive.google.com/drive/folders/1I3u-NwclV49R1dx5Tkf-CnuLlny0RTlS?usp=sharing
28,011-1,5in1 baardtrimmer (8188),3. Solution Aware,Curiosity / Intrigue,Curiosity bait + product authority,Verlangen naar kwaliteit en veelzijdigheid,👤 Founder Story / Origin Video,🎬 Video,"Was je nu echt aan het wachten tot die doos mijn hoofd raakte.... Ontmoet de 5in1 baardtrimmer van Wellshave, de meest multi funcitonele baardtrimmer op de markt",Meta,NL & BE,Jasper,2025-08-16,26.34,,0.3869,0.0845,0.018,11.59,0.91,,0.0333,26.34,36.95,1.4,2.06,2.58,,Killed,,,https://drive.google.com/drive/folders/1RUV5bVgrQrsxmyE_b8AIAIfrVKXiuyna?usp=sharing
29,011-2,5in1 baardtrimmer (8188),3. Solution Aware,Curiosity / Intrigue,Curiosity bait + product authority,Verlangen naar kwaliteit en veelzijdigheid,👤 Founder Story / Origin Video,🎬 Video,Poh was je nu echt aan het wachten of die doos mijn hoofd zou raken. Laat maar zitten.... Ontmoet de 5in1 baardtrimmer van Wellshave 1 van de beste trimmers op de markt.,Meta,NL & BE,Jasper,2025-08-16,9.94,,0.3849,0.0842,0.0272,12.3,0.58,,,,,0.0,2.06,2.58,,Killed,,,https://drive.google.com/drive/folders/1RUV5bVgrQrsxmyE_b8AIAIfrVKXiuyna?usp=sharing
30,011-3,5in1 baardtrimmer (8188),3. Solution Aware,Curiosity / Intrigue,Curiosity bait + product authority,Verlangen naar kwaliteit en veelzijdigheid,👤 Founder Story / Origin Video,🎬 Video,"Jij was benieuwd he, of die doos op mijn hoofd zou komen. Never mind ontmoet de 5in1 baardtrimmer van Wellshave, beoordeeld met een 4,6 uit 5 op Trustpilot",Meta,NL & BE,Jasper,2025-08-16,12.15,,0.3405,0.0889,0.0317,9.64,0.53,,,,,0.0,2.06,2.58,,Killed,,,https://drive.google.com/drive/folders/1RUV5bVgrQrsxmyE_b8AIAIfrVKXiuyna?usp=sharing
31,014-1,5in1 baardtrimmer (8188),3. Solution Aware,Benefits-Driven,Multifunctionele perfectie & premium grooming,"Verlangen naar controle, precisie en efficiëntie",📱 UGC Talking Head Testimonial,🎬 Video,“Eén trimmer. Vijf functies. Klaar in 5 minuten.”,Meta,NL & BE,Jasper,2025-08-16,11.18,,0.1699,0.0528,0.0124,11.59,1.4,,0.0,,,0.0,2.06,2.58,,Killed,,,https://drive.google.com/drive/folders/1qbn8efF40v4Iov1yD5kcC8ck1LPr078E?usp=sharing
32,014-2,5in1 baardtrimmer (8188),3. Solution Aware,Benefits-Driven,Multifunctionele perfectie & premium grooming,"Verlangen naar controle, precisie en efficiëntie",📱 UGC Talking Head Testimonial,🎬 Video,“Strak gelijnd. Millimeterprecies. Altijd in controle.”,Meta,NL & BE,Jasper,2025-08-16,36.33,,0.2177,0.0626,0.0142,13.55,1.45,,0.0,,,0.0,2.06,2.58,,Killed,,,https://drive.google.com/drive/folders/1qbn8efF40v4Iov1yD5kcC8ck1LPr078E?usp=sharing
33,014-3,5in1 baardtrimmer (8188),3. Solution Aware,Benefits-Driven,Multifunctionele perfectie & premium grooming,"Verlangen naar controle, precisie en efficiëntie",📱 UGC Talking Head Testimonial,🎬 Video,“Betaalbare power. Geen gedoe. Gewoon trimmen.”,Meta,NL & BE,Jasper,2025-08-16,0.56,,0.2073,0.0732,0.0244,6.83,0.56,,0.0,,,0.0,2.06,2.58,,Killed,,,https://drive.google.com/drive/folders/1qbn8efF40v4Iov1yD5kcC8ck1LPr078E?usp=sharing
34,015-1,Groom Guard,3. Solution Aware,Benefits-Driven,Multifunctionele perfectie & premium grooming,"Verlangen naar controle, precisie en efficiëntie",📱 UGC Talking Head Testimonial,🎬 Video,“Dames… koop dit voor je man. ECHT.”,Meta,NL & BE,Jasper,2025-08-16,35.87,,0.2187,0.0409,0.0126,9.23,1.38,,0.0,,,0.0,1.9,2.38,,Killed,,,https://drive.google.com/drive/folders/1xfwEa-u2YTZYD_VfHRvvsZiCIC63LRsu?usp=sharing
35,015-2,Groom Guard,3. Solution Aware,Benefits-Driven,Multifunctionele perfectie & premium grooming,"Verlangen naar controle, precisie en efficiëntie",📱 UGC Talking Head Testimonial,🎬 Video,“Dames… koop dit voor je man. ECHT.”,Meta,NL & BE,Jasper,2025-08-16,2.25,,0.1746,0.0714,0.0238,8.93,0.32,,0.0,,,0.0,1.9,2.38,,Killed,,,https://drive.google.com/drive/folders/1xfwEa-u2YTZYD_VfHRvvsZiCIC63LRsu?usp=sharing
36,016-1,Groom Guard,2. Problem Aware,Social Proof / Reviews,Sociale bevestiging + aantrekkelijkheid,Verlangen naar aantrekkelijkheid en waardering,📱 UGC Talking Head Testimonial,🎬 Video,Elke vrouw wilt toch een verzorgde man? Ze geven allemaal geld uit aan onzin maar aan een goed scheerapparaat niet.,Meta,NL & BE,Daan,2025-08-22,4.07,,0.2667,0.0356,0.0178,18.09,1.36,,,,,0.0,1.9,2.38,,Killed,,,https://drive.google.com/drive/folders/1XJaUYOyA7jOQP1Y_lzw-pZHLlx0hneqd?usp=sharing
37,016-2,Groom Guard,2. Problem Aware,Social Proof / Reviews,Sociale bevestiging + aantrekkelijkheid,Verlangen naar aantrekkelijkheid en waardering,📱 UGC Talking Head Testimonial,🎬 Video,"Mannen, die zich niet goedscheren. Dat is een afknapper! Ze geven allemaal geld uit aan onzin maar aan een goed scheerapparaat niet.",Meta,NL & BE,Daan,2025-08-22,85.75,,0.2992,0.0602,0.0121,9.27,1.01,,0.0111,85.75,40.46,0.47,1.9,2.38,,Killed,,,https://drive.google.com/drive/folders/1XJaUYOyA7jOQP1Y_lzw-pZHLlx0hneqd?usp=sharing
38,016-3,Groom Guard,2. Problem Aware,Social Proof / Reviews,Sociale bevestiging + aantrekkelijkheid,Verlangen naar aantrekkelijkheid en waardering,📱 UGC Talking Head Testimonial,🎬 Video,"Geloof mij, elke vrouw wilt dat hun man zicht goed verzorgd. Ze geven allemaal geld uit aan onzin maar aan een goed scheerapparaat niet.",Meta,NL & BE,Daan,2025-08-22,3.34,,0.2438,0.0719,0.0094,10.44,1.11,,0.0,,,0.0,1.9,2.38,,Killed,,,https://drive.google.com/drive/folders/1XJaUYOyA7jOQP1Y_lzw-pZHLlx0hneqd?usp=sharing
39,017-1,Groom Guard,2. Problem Aware,Problem-Solution,Aantrekkelijkheid + zelfvertrouwen + probleemoplossing,"Verlangen naar verzorging, zekerheid en comfort",👤 Founder Story / Origin Video,🎬 Video,Zweet plekken verdienen scheerwerk,Meta,NL & BE,Luca,2025-08-22,8.85,,0.1535,0.0432,0.0108,9.57,1.48,,0.0,,,0.0,1.9,2.38,,Killed,,,https://drive.google.com/drive/folders/1s85906KnFDbSwOATZ0Yvt6alsZbBHIFc?usp=sharing
40,017-2,Groom Guard,2. Problem Aware,Problem-Solution,Aantrekkelijkheid + zelfvertrouwen + probleemoplossing,"Verlangen naar verzorging, zekerheid en comfort",👤 Founder Story / Origin Video,🎬 Video,"Elke keer na het scheren: Rood, Jeuk, Bultjes, ik dacht dat het gewoon normaal was.",Meta,NL & BE,Luca,2025-08-22,199.86,,0.1701,0.0457,0.0177,12.93,0.97,,0.0521,18.17,48.08,2.65,1.9,2.38,,Winner,,,https://drive.google.com/drive/folders/1s85906KnFDbSwOATZ0Yvt6alsZbBHIFc?usp=sharing
41,018-1,Groom Guard,3. Solution Aware,Benefits-Driven,Rationele overtuiging + bewijsvoering,Verlangen naar zekerheid en de juiste keuze,📱 UGC Talking Head Testimonial,🎬 Video,"Als je wéér je huid openhaalt, weet je: dit was geen slimme keuze.",Meta,NL & BE,Jasper,2025-08-22,0.7,,0.1733,0.0533,0.0,9.33,,,,,,0.0,1.9,2.38,,Killed,,,https://drive.google.com/drive/folders/1G68UHCayGyYOwpYMIMp2sdNEqk8Ce9g3?usp=sharing
42,018-2,Groom Guard,3. Solution Aware,Benefits-Driven,Rationele overtuiging + bewijsvoering,Verlangen naar zekerheid en de juiste keuze,📱 UGC Talking Head Testimonial,🎬 Video,"Let op."" ""Dit is waarom ik ben gestopt met vergelijken.",Meta,NL & BE,Jasper,2025-08-22,126.95,,0.2032,0.0507,0.016,12.03,0.98,,0.0231,42.32,35.86,0.85,1.9,2.38,,Killed,,,https://drive.google.com/drive/folders/1G68UHCayGyYOwpYMIMp2sdNEqk8Ce9g3?usp=sharing
43,018-3,Groom Guard,3. Solution Aware,Benefits-Driven,Rationele overtuiging + bewijsvoering,Verlangen naar zekerheid en de juiste keuze,📱 UGC Talking Head Testimonial,🎬 Video,Iedere groomer belooft ‘veilig’ te zijn… Maar deze doet het écht.,Meta,NL & BE,Jasper,2025-08-22,451.89,,0.1626,0.0555,0.0176,11.34,0.86,,0.0324,26.58,51.74,1.95,1.9,2.38,,Iterate,,,https://drive.google.com/drive/folders/1G68UHCayGyYOwpYMIMp2sdNEqk8Ce9g3?usp=sharing
44,019-1,Groom Guard,3. Solution Aware,Social Proof / Reviews,Bewijsvoering + slimme keuze”,Verlangen naar zekerheid en controle,📱 UGC Talking Head Testimonial,🎬 Video,"Skin safe, waterdicht, LED-lampje… En hij kost minder dan de meeste ‘gehypte merken’.",Meta,NL & BE,Jasper,2025-08-22,23.47,,0.1392,0.0342,0.0133,11.97,1.17,,0.0476,23.47,39.95,1.7,1.9,2.38,,Iterate,,,https://drive.google.com/drive/folders/1_elEaPklnxd6o28uTbLYjFIcF5mZaLmr?usp=sharing
45,019-2,Groom Guard,3. Solution Aware,Social Proof / Reviews,Bewijsvoering + slimme keuze”,Verlangen naar zekerheid en controle,📱 UGC Talking Head Testimonial,🎬 Video,"“Ik had geen zin in wéér een miskoop."" ""Dus ik heb alles getest.”",Meta,NL & BE,Jasper,2025-08-22,23.47,,0.1392,0.0342,0.0133,11.97,1.17,,0.0476,23.47,39.95,1.7,1.9,2.38,,Iterate,,,https://drive.google.com/drive/folders/1_elEaPklnxd6o28uTbLYjFIcF5mZaLmr?usp=sharing
46,019-3,Groom Guard,3. Solution Aware,Social Proof / Reviews,Bewijsvoering + slimme keuze”,Verlangen naar zekerheid en controle,📱 UGC Talking Head Testimonial,🎬 Video,“Let op. Als je dit vergelijkt met andere groomers… dan is de keuze simpel.”,Meta,NL & BE,Jasper,2025-08-22,2.87,,0.2987,0.0779,0.0162,9.32,0.72,,0.0,,,0.0,1.9,2.38,,Killed,,,https://drive.google.com/drive/folders/1_elEaPklnxd6o28uTbLYjFIcF5mZaLmr?usp=sharing
47,020-1,Groom Guard,2. Problem Aware,Problem-Solution,Veiligheid + betrouwbaarheid + probleemoplossing,Verlangen naar pijnvrij en stressvrij trimmen,📱 UGC Talking Head Testimonial,🎬 Video,Durf jij je kroonjuwelen te scheren zonder stress?,Meta,NL & BE,Luca,2025-08-22,,,12.33,0.1748,0.0,,0.0097,,0.0,1.27,1.27,,1.9,2.38,,Killed,,0.068,https://drive.google.com/drive/folders/1Tsa29_8A_GXY63xLqP6SmlYn6cEsUqOO?usp=sharing
48,020-2,Groom Guard,2. Problem Aware,Problem-Solution,Veiligheid + betrouwbaarheid + probleemoplossing,Verlangen naar pijnvrij en stressvrij trimmen,📱 UGC Talking Head Testimonial,🎬 Video,Stop met gokken op je huid dit is de enige bodygroomer die wel doet wat die beloofd.,Meta,NL & BE,Luca,2025-08-22,112.97,,0.1829,0.0466,0.0159,13.08,0.97,,0.0342,28.24,39.21,1.39,1.9,2.38,,Killed,,,https://drive.google.com/drive/folders/1Tsa29_8A_GXY63xLqP6SmlYn6cEsUqOO?usp=sharing
49,020-3,Groom Guard,2. Problem Aware,Problem-Solution,Veiligheid + betrouwbaarheid + probleemoplossing,Verlangen naar pijnvrij en stressvrij trimmen,📱 UGC Talking Head Testimonial,🎬 Video,"Oke jij dacht dat je veilig scheerde, maar toch heb je weer sneetjes.",Meta,NL & BE,Luca,2025-08-22,3.47,,0.1859,0.0409,0.0074,12.9,1.74,,0.0,,,0.0,1.9,2.38,,Killed,,,https://drive.google.com/drive/folders/1Tsa29_8A_GXY63xLqP6SmlYn6cEsUqOO?usp=sharing
50,021-1,Groom Guard,2. Problem Aware,Authority / Expert,Probleemoplossing + educatie + veiligheid,"Verlangen naar comfort, veiligheid en zorg voor de huid",📱 UGC Talking Head Testimonial,🎬 Video,Oksels zijn geen oorlogsterein,Meta,NL & BE,Luca,2025-08-27,29.59,,0.2341,0.0354,0.01,11.38,1.56,,0.0,,,0.0,1.9,2.38,,Killed,,,https://drive.google.com/drive/folders/13MipwiKkNSWInO8uS2jsT7YIMM4DTb9M?usp=sharing
51,021-2,Groom Guard,2. Problem Aware,Authority / Expert,Probleemoplossing + educatie + veiligheid,"Verlangen naar comfort, veiligheid en zorg voor de huid",📱 UGC Talking Head Testimonial,🎬 Video,Waarom je je oksels NOOIT met een wegwerpmes moet scheren,Meta,NL & BE,Luca,2025-08-27,34.85,,0.2572,0.0312,0.0118,11.43,1.34,,0.0769,17.43,33.94,1.95,1.9,2.38,,Killed,,,https://drive.google.com/drive/folders/13MipwiKkNSWInO8uS2jsT7YIMM4DTb9M?usp=sharing
52,021-3,Groom Guard,2. Problem Aware,Authority / Expert,Probleemoplossing + educatie + veiligheid,"Verlangen naar comfort, veiligheid en zorg voor de huid",📱 UGC Talking Head Testimonial,🎬 Video,Het begon als een snelle scheerbeurt...,Meta,NL & BE,Luca,2025-08-27,1.51,,0.2202,0.0298,0.0,8.99,,,,,,0.0,1.9,2.38,,Killed,,,https://drive.google.com/drive/folders/13MipwiKkNSWInO8uS2jsT7YIMM4DTb9M?usp=sharing
53,022-1,Groom Guard,1. Unaware,Storytelling / Narrative,Relatable bro-talk + zelfvertrouwen boost,Verlangen naar zelfvertrouwen en aantrekkelijkheid,📱 UGC Talking Head Testimonial,🎬 Video,"Oké, ik zeg je eerlijk… Ik schoor me daar beneden eerst nooit.",Meta,NL & BE,Daan,2025-08-27,1.26,,0.1942,0.0485,0.0097,12.23,1.26,,0.0,,,0.0,1.9,2.38,,Killed,,,https://drive.google.com/drive/folders/1wgqUJpIYqooDsYYbvIDWA36gcThmA5jM?usp=drive_link
54,022-2,Groom Guard,1. Unaware,Storytelling / Narrative,Relatable bro-talk + zelfvertrouwen boost,Verlangen naar zelfvertrouwen en aantrekkelijkheid,📱 UGC Talking Head Testimonial,🎬 Video,"Bro… sinds ik m’n lichaam bijhoud, krijg ik zóveel meer complimenten.",Meta,NL & BE,Daan,2025-08-27,232.51,,0.3112,0.0692,0.0163,10.88,0.82,,0.0316,25.83,45.01,1.74,1.9,2.38,,Killed,,,https://drive.google.com/drive/folders/1wgqUJpIYqooDsYYbvIDWA36gcThmA5jM?usp=drive_link
55,022-3,Groom Guard,1. Unaware,Storytelling / Narrative,Relatable bro-talk + zelfvertrouwen boost,Verlangen naar zelfvertrouwen en aantrekkelijkheid,📱 UGC Talking Head Testimonial,🎬 Video,"Niemand vertelt je dit als je 18 bent. Maar dit verandert hoe je je voelt, man",Meta,NL & BE,Daan,2025-08-27,37.42,,0.2243,0.0377,0.0149,12.38,0.89,,0.0,,,0.0,1.9,2.38,,Killed,,,https://drive.google.com/drive/folders/1wgqUJpIYqooDsYYbvIDWA36gcThmA5jM?usp=drive_link
56,023-1,Groom Guard,2. Problem Aware,Problem-Solution,Stressvrij groomen + probleemoplossing,Verlangen naar zorgeloos en comfortabel trimmen,📱 UGC Talking Head Testimonial,🎬 Video,Groomen zonder stress? Dan heb je dit ding nodig.,Meta,NL & BE,Luca,2025-08-29,1.66,,0.1193,0.0398,0.0114,9.43,0.83,,0.0,,,0.0,1.9,2.38,,Killed,,,https://drive.google.com/drive/folders/1OjDj9yAwrNDNml7nb3L9UtTSkKa1Vj80?usp=drive_link
57,023-2,Groom Guard,2. Problem Aware,Problem-Solution,Stressvrij groomen + probleemoplossing,Verlangen naar zorgeloos en comfortabel trimmen,📱 UGC Talking Head Testimonial,🎬 Video,"Elke keer weer die wondjes, maar ik blijf het toch proberen",Meta,NL & BE,Luca,2025-08-29,147.37,,0.3397,0.083,0.0096,6.77,0.84,,0.0169,49.12,44.95,0.92,1.9,2.38,,Killed,,,https://drive.google.com/drive/folders/1OjDj9yAwrNDNml7nb3L9UtTSkKa1Vj80?usp=drive_link
58,023-3,Groom Guard,2. Problem Aware,Problem-Solution,Stressvrij groomen + probleemoplossing,Verlangen naar zorgeloos en comfortabel trimmen,📱 UGC Talking Head Testimonial,🎬 Video,"Waarom zou je hier nog over stressen, als je dit zo makkelijk kunt oplossen.",Meta,NL & BE,Luca,2025-08-29,10.88,,0.2004,0.0559,0.0084,10.14,1.81,,0.0,,,0.0,1.9,2.38,,Killed,,,https://drive.google.com/drive/folders/1OjDj9yAwrNDNml7nb3L9UtTSkKa1Vj80?usp=drive_link
59,024-1,Groom Guard,2. Problem Aware,Social Proof / Reviews,Sociale bevestiging en moeiteloze verzorging,Lichte schaamte gecombineerd met zelfvertrouwen,📱 UGC Talking Head Testimonial,🎬 Video,Je hoeft echt niet baby smooth te zijn hoor.... gewoon geen jungle,Meta,NL & BE,Luca,2025-09-05,,,,,,,,,,,,,1.9,2.38,,Iterate,,"Getest, resultaat TBD.",https://drive.google.com/drive/folders/1OyJyOIpbJOqBDYdE89v4OIXZp23jnMsW?usp=drive_link
60,024-2,Groom Guard,2. Problem Aware,Social Proof / Reviews,Sociale bevestiging en moeiteloze verzorging,Lichte schaamte gecombineerd met zelfvertrouwen,📱 UGC Talking Head Testimonial,🎬 Video,"En ja, we merken ook of je er moeite voor hebt gedaan of niet",Meta,NL & BE,Luca,2025-09-05,95.66,,0.328,0.0604,0.0122,9.21,1.02,,0.0104,95.66,44.96,0.47,1.9,2.38,,Killed,,,https://drive.google.com/drive/folders/1OyJyOIpbJOqBDYdE89v4OIXZp23jnMsW?usp=drive_link
61,024-3,Groom Guard,2. Problem Aware,Social Proof / Reviews,Sociale bevestiging en moeiteloze verzorging,Lichte schaamte gecombineerd met zelfvertrouwen,📱 UGC Talking Head Testimonial,🎬 Video,Mag ik even eerlijk zijn? We merken het ècht als mannen hun buik en okselhaar bijhouden,Meta,NL & BE,Luca,2025-09-05,21.5,,0.2204,0.0356,0.0103,12.34,1.65,,0.0,,,0.0,1.9,2.38,,Killed,,,https://drive.google.com/drive/folders/1OyJyOIpbJOqBDYdE89v4OIXZp23jnMsW?usp=drive_link
62,025-1,Groom Guard,1. Unaware,Social Proof / Reviews,Sociale druk en aantrekkelijkheid,Aantrekkelijk gevonden worden — gedreven door sociale acceptatie en seksuele aantrekkingskracht,📱 UGC Talking Head Testimonial,🎬 Video,Groom je jezelf een beetje? Of ben je nog steeds een wandelend oerwoud?,Meta,NL & BE,Luca,2025-09-05,353.79,,0.202,0.0675,0.0119,6.95,0.7,,0.0252,27.21,46.24,1.7,1.9,2.38,,Killed,,,https://drive.google.com/drive/folders/1vpGJTDxP_M0-TD01NkLzVPlPtnwnJPTB?usp=drive_link
63,025-2,Groom Guard,1. Unaware,Social Proof / Reviews,Sociale druk en aantrekkelijkheid,Aantrekkelijk gevonden worden — gedreven door sociale acceptatie en seksuele aantrekkingskracht,📱 UGC Talking Head Testimonial,🎬 Video,We vinden het echt aantrekkelijk als jongens zich verzorgen. IK MEEN HET!,Meta,NL & BE,Luca,2025-09-05,5.66,,0.1689,0.3175,0.0107,15.17,1.42,,0.0,0.0,0.0,0.0,1.9,2.38,,Killed,,,https://drive.google.com/drive/folders/1vpGJTDxP_M0-TD01NkLzVPlPtnwnJPTB?usp=drive_link
64,025-3,Groom Guard,1. Unaware,Social Proof / Reviews,Sociale druk en aantrekkelijkheid,Aantrekkelijk gevonden worden — gedreven door sociale acceptatie en seksuele aantrekkingskracht,📱 UGC Talking Head Testimonial,🎬 Video,Verzorg jij je daar beneden? Dan word het tijd vriend!,Meta,NL & BE,Luca,2025-09-05,114.6,,0.1899,0.3284,0.0098,7.25,0.74,,3.87,19.1,45.23,2.37,1.9,2.38,,Iterate,,,https://drive.google.com/drive/folders/1vpGJTDxP_M0-TD01NkLzVPlPtnwnJPTB?usp=drive_link
65,026-1,Groom Guard,3. Solution Aware,Benefits-Driven,All-in-one oplossing + veiligheid + autoriteit,"Verlangen naar veiligheid, gemak en zekerheid",🖼️ Static ad,🖼️ Static ad,"Van je kaaklijn tot je kruis (veilig scheren, voor elke zone)",Meta,NL & BE,Luca,2025-08-29,101.1,,0.0001,0.0,0.0173,7.26,0.59,,0.0175,33.7,45.61,1.35,1.9,2.38,,Killed,,,https://drive.google.com/drive/folders/1TN6TGXw1GbJUxRnPHUFDlXeRhqIopaSk?usp=drive_link
66,026-2,Groom Guard,3. Solution Aware,Benefits-Driven,All-in-one oplossing + veiligheid + autoriteit,"Verlangen naar veiligheid, gemak en zekerheid",🖼️ Static ad,🖼️ Static ad,Dit heeft mn ballen gered!,Meta,NL & BE,Luca,2025-08-29,18.03,,0.0,0.0,0.0198,11.18,1.0,,0.0,,,0.0,1.9,2.38,,Killed,,,https://drive.google.com/drive/folders/1TN6TGXw1GbJUxRnPHUFDlXeRhqIopaSk?usp=drive_link
67,026-3,Shave Package 2.0,3. Solution Aware,Benefits-Driven,All-in-one oplossing + veiligheid + autoriteit,"Verlangen naar veiligheid, gemak en zekerheid",🖼️ Static ad,🖼️ Static ad,#1 Grooming pakket van Nederland,Meta,NL & BE,Luca,2025-08-29,12.73,,0.0,0.0,0.0062,8.82,1.82,,0.0,,,0.0,1.91,2.38,,Killed,,,https://drive.google.com/drive/folders/1TN6TGXw1GbJUxRnPHUFDlXeRhqIopaSk?usp=drive_link
68,027-1,Shave Package 3.0,1. Unaware,Storytelling / Narrative,Humor + relatability rond mannelijke verzorging,"“Van gevoelige plekken tot neushaar – één pakket, nul zorgen.”
“Geen schaamte. Geen bultjes. Alleen gemak.”",📱 UGC Talking Head Testimonial,🎬 Video,Waarom voelt trimmen op gevoelige plekken altijd zo vervelend?,Meta,NL & BE,Luca,2025-09-30,27.02,,0.3006,0.0701,0.0191,10.76,0.77,,0.0,,,0.0,1.81,2.26,,Killed,,48.0,https://drive.google.com/drive/folders/1XR62aX9-kfN6I14XMBVnwsvg0zgH8rrw?usp=sharing
69,027-2,Groom Guard,1. Unaware,Storytelling / Narrative,Attractiveness & social approval,Verlangen naar aantrekkelijkheid en sociale goedkeuring,📱 UGC Talking Head Testimonial,🎬 Video,Mannen die zich niet goed scheren? Dat is een afknapper,Meta,NL & BE,Daan,2025-09-30,316.98,,0.3464,0.0958,0.0168,8.86,0.73,,0.0155,45.28,65.52,1.45,1.9,2.38,,Killed,,599.0,https://drive.google.com/drive/folders/1XR62aX9-kfN6I14XMBVnwsvg0zgH8rrw?usp=sharing
70,028-1,Bodygroomer Collectie,1. Unaware,Curiosity / Intrigue,"De boom/jungle-metafoor: zonder onderhoud wordt alles wild en rommelig. Net als bij je lichaamshaar. Met Wellshave hou je het netjes, veilig en verzorgd.","Opluchting: eindelijk zonder stress of sneetjes groomen
Zelfvertrouwen: je lichaam netjes en verzorgd → je voelt je beter bij intimiteit
Verzorgd & fris voelen: geen schaamte, maar zekerheid",👤 Founder Story / Origin Video,🎬 Video,"Ze zeggen wel eens hogen bomen vangen veel wind en precies zo dat is hoe het zit, maar dat geldt ook natuurlijk voor daar beneden in je broek",Meta,NL & BE,Luca,2025-09-08,27.67,,0.1712,0.0298,0.0079,5.47,1.26,,0.0,,,0.0,1.9,2.38,,Killed,,,https://drive.google.com/drive/folders/192rCdkgjRFce20Xc2opdqEBxtxNyAujh?usp=drive_link
71,028-2,Bodygroomer Collectie,1. Unaware,Curiosity / Intrigue,"De boom/jungle-metafoor: zonder onderhoud wordt alles wild en rommelig. Net als bij je lichaamshaar. Met Wellshave hou je het netjes, veilig en verzorgd.","Opluchting: eindelijk zonder stress of sneetjes groomen
Zelfvertrouwen: je lichaam netjes en verzorgd → je voelt je beter bij intimiteit
Verzorgd & fris voelen: geen schaamte, maar zekerheid",👤 Founder Story / Origin Video,🎬 Video,"Hoe hoger de boom, hoe meer takken er in de weg zitten, en dat geldt natuurlijk ook voor daar beneden daar in je broek",Meta,NL & BE,Luca,2025-09-08,3.93,,0.1403,0.2535,0.004,7.77,1.97,,0.0,0.0,0.0,0.0,1.9,2.38,,Killed,,,https://drive.google.com/drive/folders/192rCdkgjRFce20Xc2opdqEBxtxNyAujh?usp=drive_link
72,028-3,Bodygroomer Collectie,1. Unaware,Curiosity / Intrigue,"De boom/jungle-metafoor: zonder onderhoud wordt alles wild en rommelig. Net als bij je lichaamshaar. Met Wellshave hou je het netjes, veilig en verzorgd.","Opluchting: eindelijk zonder stress of sneetjes groomen
Zelfvertrouwen: je lichaam netjes en verzorgd → je voelt je beter bij intimiteit
Verzorgd & fris voelen: geen schaamte, maar zekerheid",👤 Founder Story / Origin Video,🎬 Video,"Elke boom heeft onderhoud nodig, anders groeit het gewoon super wild en daarom is groomen zo belangrijk",Meta,NL & BE,Luca,2025-09-08,85.26,,0.206,0.0646,0.0127,7.48,1.12,,0.0119,85.26,49.95,0.59,1.9,2.38,,Killed,,,https://drive.google.com/drive/folders/192rCdkgjRFce20Xc2opdqEBxtxNyAujh?usp=drive_link
73,028-4,Bodygroomer Collectie,1. Unaware,Curiosity / Intrigue,"De boom/jungle-metafoor: zonder onderhoud wordt alles wild en rommelig. Net als bij je lichaamshaar. Met Wellshave hou je het netjes, veilig en verzorgd.","Opluchting: eindelijk zonder stress of sneetjes groomen
Zelfvertrouwen: je lichaam netjes en verzorgd → je voelt je beter bij intimiteit
Verzorgd & fris voelen: geen schaamte, maar zekerheid",👤 Founder Story / Origin Video,🎬 Video,Wist jij dat na het groomen je boom ongeveer ander half keer zo groot wordt?,Meta,NL & BE,Luca,2025-09-08,28.07,,0.2269,0.0423,0.0079,6.31,1.75,,0.0,,,0.0,1.9,2.38,,Killed,,,https://drive.google.com/drive/folders/192rCdkgjRFce20Xc2opdqEBxtxNyAujh?usp=drive_link
74,029-1,Bodygroomer Collectie,1. Unaware,Curiosity / Intrigue,"De boom/jungle-metafoor: zonder onderhoud wordt alles wild en rommelig. Net als bij je lichaamshaar. Met Wellshave hou je het netjes, veilig en verzorgd.","Opluchting: eindelijk zonder stress of sneetjes groomen
Zelfvertrouwen: je lichaam netjes en verzorgd → je voelt je beter bij intimiteit
Verzorgd & fris voelen: geen schaamte, maar zekerheid",👤 Founder Story / Origin Video,🎬 Video,"Snap: Wtf is deze gast aan het doen in het bos? Ze zeggen wel eens hogen bomen vangen veel wind en precies zo dat is hoe het zit, maar dat geldt ook natuurlijk voor daar beneden in je broek",Meta,NL & BE,Luca,,0.0,,0.0,0.0,0.0,0.0,0.0,,0.0,0.0,0.0,0.0,1.9,2.38,,Killed,,,https://drive.google.com/drive/folders/1OPej879aHQClZvslcHwrLwtPsEeD6wI3?usp=sharing
75,029-2,Bodygroomer Collectie,1. Unaware,Curiosity / Intrigue,"De boom/jungle-metafoor: zonder onderhoud wordt alles wild en rommelig. Net als bij je lichaamshaar. Met Wellshave hou je het netjes, veilig en verzorgd.","Opluchting: eindelijk zonder stress of sneetjes groomen
Zelfvertrouwen: je lichaam netjes en verzorgd → je voelt je beter bij intimiteit
Verzorgd & fris voelen: geen schaamte, maar zekerheid",👤 Founder Story / Origin Video,🎬 Video,"Snap: Wtf is deze gast aan het doen in het bos? Hoe hoger de boom, hoe meer takken er in de weg zitten, en dat geldt natuurlijk ook voor daar beneden daar in je broek",Meta,NL & BE,Luca,,14.93,,0.0,0.0,0.0062,8.43,1.36,,0.0,0.0,0.0,0.0,1.9,2.38,,Killed,,,https://drive.google.com/drive/folders/1OPej879aHQClZvslcHwrLwtPsEeD6wI3?usp=sharing
76,029-3,Bodygroomer Collectie,1. Unaware,Curiosity / Intrigue,"De boom/jungle-metafoor: zonder onderhoud wordt alles wild en rommelig. Net als bij je lichaamshaar. Met Wellshave hou je het netjes, veilig en verzorgd.","Opluchting: eindelijk zonder stress of sneetjes groomen
Zelfvertrouwen: je lichaam netjes en verzorgd → je voelt je beter bij intimiteit
Verzorgd & fris voelen: geen schaamte, maar zekerheid",👤 Founder Story / Origin Video,🎬 Video,"Snap: Wtf is deze gast aan het doen in het bos? Elke boom heeft onderhoud nodig, anders groeit het gewoon super wild en daarom is groomen zo belangrijk",Meta,NL & BE,Luca,,0.0,,0.0,0.0,0.0,0.0,0.0,,0.0,0.0,0.0,0.0,1.9,2.38,,Killed,,,https://drive.google.com/drive/folders/1OPej879aHQClZvslcHwrLwtPsEeD6wI3?usp=sharing
77,029-4,Bodygroomer Collectie,1. Unaware,Curiosity / Intrigue,"De boom/jungle-metafoor: zonder onderhoud wordt alles wild en rommelig. Net als bij je lichaamshaar. Met Wellshave hou je het netjes, veilig en verzorgd.","Opluchting: eindelijk zonder stress of sneetjes groomen
Zelfvertrouwen: je lichaam netjes en verzorgd → je voelt je beter bij intimiteit
Verzorgd & fris voelen: geen schaamte, maar zekerheid",👤 Founder Story / Origin Video,🎬 Video,Snap: Wtf is deze gast aan het doen in het bos? Wist jij dat na het groomen je boom ongeveer ander half keer zo groot wordt?,Meta,NL & BE,Luca,,0.0,,0.0,0.0,0.0,0.0,0.0,,0.0,0.0,0.0,0.0,1.9,2.38,,Killed,,,https://drive.google.com/drive/folders/1OPej879aHQClZvslcHwrLwtPsEeD6wI3?usp=sharing
78,030-1,Groom Guard,3. Solution Aware,Benefits-Driven,"“Minder okselhaar = minder zweetgeur in de gym.”→ Focus op frisheid, hygiëne en zelfvertrouwen tijdens het sporten.","Emotie (nu): schaamte, onzekerheid, afkeer van eigen geur
Verlangen (na): frisheid, zelfvertrouwen, comfortabel sporten zonder zorgen",📱 UGC Talking Head Testimonial,🎬 Video,Niemand zegt dit… maar je okselhaar is de reden dat je zo snel stinkt in de gym,Meta,NL & BE,,2025-09-30,25.59,,0.1313,0.0303,0.0227,64.62,8.53,,0.0,,,0.0,1.9,2.38,,Killed,,,https://drive.google.com/drive/folders/13tkBS6C2ODl3S-Co1oS1wS9nEF3Fb26e?usp=sharing
79,030-2,Groom Guard,3. Solution Aware,Benefits-Driven,"“Minder okselhaar = minder zweetgeur in de gym.”→ Focus op frisheid, hygiëne en zelfvertrouwen tijdens het sporten.","Emotie (nu): schaamte, onzekerheid, afkeer van eigen geur
Verlangen (na): frisheid, zelfvertrouwen, comfortabel sporten zonder zorgen",📱 UGC Talking Head Testimonial,🎬 Video,"Bro, scheer je oksels. Je gaat me later bedanken.",Meta,NL & BE,Luca,2025-09-30,34.14,,0.191,0.048,0.0167,35.64,2.85,,0.0,,,0.0,1.9,2.38,,Killed,,,https://drive.google.com/drive/folders/13tkBS6C2ODl3S-Co1oS1wS9nEF3Fb26e?usp=sharing
80,030-3,Groom Guard,3. Solution Aware,Benefits-Driven,"“Minder okselhaar = minder zweetgeur in de gym.”→ Focus op frisheid, hygiëne en zelfvertrouwen tijdens het sporten.","Emotie (nu): schaamte, onzekerheid, afkeer van eigen geur
Verlangen (na): frisheid, zelfvertrouwen, comfortabel sporten zonder zorgen",📱 UGC Talking Head Testimonial,🎬 Video,Minder haar = minder stank. Zo simpel is het.,Meta,NL & BE,Luca,2025-09-30,0.0,,0.0,0.0,0.0,0.0,0.0,,0.0,0.0,0.0,0.0,1.9,2.38,,Killed,,,https://drive.google.com/drive/folders/13tkBS6C2ODl3S-Co1oS1wS9nEF3Fb26e?usp=sharing
81,031-1,5in1 Shaver Deluxe,3. Solution Aware,Benefits-Driven,"Focus op snelheid (90 sec – 3 min), gemak (waterproof, mess free), en multifunctionaliteit (5-in-1 attachments).","He is frustrated by shaving cream and razor blades that cause cuts and irritation.
What he wants is control, convenience, and a clean-shaven head in just 3 minutes.
The desire: confidence, pride, and always looking well-groomed with one premium tool.",📱 UGC Talking Head Testimonial,🎬 Video,Waarom ik dit scheereapparaat gebruik om mijn hoofd te scheren,Meta,NL & BE,Patrick,2025-09-30,17.97,,0.3648,0.2423,0.01,11.94,1.2,,0.0,0.0,0.0,0.0,2.11,2.64,,Killed,,,https://drive.google.com/drive/folders/19ZwxA4JhRxQzuuKSX2NPYN4xjBLi3OFc?usp=sharing
82,031-2,5in1 Shaver Deluxe,3. Solution Aware,Benefits-Driven,"Focus op snelheid (90 sec – 3 min), gemak (waterproof, mess free), en multifunctionaliteit (5-in-1 attachments).","He is frustrated by shaving cream and razor blades that cause cuts and irritation.
What he wants is control, convenience, and a clean-shaven head in just 3 minutes.
The desire: confidence, pride, and always looking well-groomed with one premium tool.",📱 UGC Talking Head Testimonial,🎬 Video,Ik scheer mijn hele hoofd in een paar minuten,Meta,NL & BE,Patrick,2025-09-30,62.21,,0.2767,0.0739,0.0159,11.27,0.97,,0.0156,62.21,44.96,0.72,2.11,2.64,,Killed,,,https://drive.google.com/drive/folders/19ZwxA4JhRxQzuuKSX2NPYN4xjBLi3OFc?usp=sharing
83,031-3,5in1 Shaver Deluxe,3. Solution Aware,Benefits-Driven,"Focus op snelheid (90 sec – 3 min), gemak (waterproof, mess free), en multifunctionaliteit (5-in-1 attachments).","He is frustrated by shaving cream and razor blades that cause cuts and irritation.
What he wants is control, convenience, and a clean-shaven head in just 3 minutes.
The desire: confidence, pride, and always looking well-groomed with one premium tool.",📱 UGC Talking Head Testimonial,🎬 Video,"5 functies in 1 apparaat, dit maakt mijn routine zoveel makkelijker",Meta,NL & BE,Patrick,2025-09-30,37.57,,0.2663,0.0785,0.0187,13.23,0.85,,0.0227,37.57,49.95,1.33,2.11,2.64,,Killed,,,https://drive.google.com/drive/folders/19ZwxA4JhRxQzuuKSX2NPYN4xjBLi3OFc?usp=sharing
84,032-1,Shave Package 3.0,3. Solution Aware,Benefits-Driven,"Zelfvertrouwen & comfort door pijnloos, snel en dagelijks glad scheren.","Frustratie over pijnlijke scheerbeurten → verlangen naar gemak, comfort en zelfverzekerd gevoel.",🖼️ Static ad,🖼️ Static ad,Krijg dagelijkse zelfvertrouwen in minuten,Meta,NL & BE,Luca,2025-09-30,1.55,,0.0,0.0,0.0132,10.2,0.78,,0.0,0.0,0.0,0.0,1.81,2.26,,Killed,,,https://drive.google.com/drive/folders/1TM7K3uHtbNoyg8tmrFp1MlL2UqbBAXK5?usp=drive_link
85,032-2,Shave Package 3.0,3. Solution Aware,Benefits-Driven,"Zelfvertrouwen & comfort door pijnloos, snel en dagelijks glad scheren.","Frustratie over pijnlijke scheerbeurten → verlangen naar gemak, comfort en zelfverzekerd gevoel.",🖼️ Static ad,🖼️ Static ad,Bestel vandaag nog - 25% korting,Meta,NL & BE,Luca,2025-09-30,0.0,,0.0,0.0,0.0,0.0,0.0,,0.0,0.0,0.0,0.0,1.81,2.26,,Killed,,,https://drive.google.com/drive/folders/1TM7K3uHtbNoyg8tmrFp1MlL2UqbBAXK5?usp=drive_link
86,032-3,Shave Package 3.0,3. Solution Aware,Benefits-Driven,"Zelfvertrouwen & comfort door pijnloos, snel en dagelijks glad scheren.","Frustratie over pijnlijke scheerbeurten → verlangen naar gemak, comfort en zelfverzekerd gevoel.",🖼️ Static ad,🖼️ Static ad,Stop met pijnlijke scheerbeurten,Meta,NL & BE,Luca,2025-09-30,0.0,,0.0,0.0,0.0,0.0,0.0,,0.0,0.0,0.0,0.0,1.81,2.26,,Killed,,,https://drive.google.com/drive/folders/1TM7K3uHtbNoyg8tmrFp1MlL2UqbBAXK5?usp=drive_link
87,032-4,Shave Package 3.0,3. Solution Aware,Benefits-Driven,"Zelfvertrouwen & comfort door pijnloos, snel en dagelijks glad scheren.","Frustratie over pijnlijke scheerbeurten → verlangen naar gemak, comfort en zelfverzekerd gevoel.",🖼️ Static ad,🖼️ Static ad,Krijg elke dag comfort en zelfvertrouwen,Meta,NL & BE,Luca,2025-09-30,0.0,,0.0,0.0,0.0,0.0,0.0,,0.0,0.0,0.0,0.0,1.81,2.26,,Killed,,,https://drive.google.com/drive/folders/1TM7K3uHtbNoyg8tmrFp1MlL2UqbBAXK5?usp=drive_link
88,033-1,Shave Package 3.0,2. Problem Aware,Authority / Expert,"Focus op zekerheid, gemak en vertrouwen. Geen wondjes, geen irritatie, geen onzekerheid.","Emotie: Stress, schaamte en onzekerheid bij trimmen/scheren.Desire: Pijnloos, zorgeloos en snel scheren → direct zelfvertrouwen en rust.",🖼️ Static ad,🖼️ Static ad,Scheren zonder stress roept... We hebben al meer dan 125.000 mannen geholpen met hun grooming en scheren,Meta,NL & BE,Luca,2025-10-06,13.94,,0.0,0.0,0.0069,6.38,0.93,,0.0,0.0,0.0,0.0,1.81,2.26,,Killed,,,https://drive.google.com/drive/folders/1w6Z5GVPH4n5dRlQAgMSxyZFTcanGA3Jq?usp=drive_link
89,033-2,Shave Package 3.0,2. Problem Aware,Authority / Expert,"Focus op zekerheid, gemak en vertrouwen. Geen wondjes, geen irritatie, geen onzekerheid.","Emotie: Stress, schaamte en onzekerheid bij trimmen/scheren.Desire: Pijnloos, zorgeloos en snel scheren → direct zelfvertrouwen en rust.",🖼️ Static ad,🖼️ Static ad,"Scheren zonder stress roept... Beperkte aanbieding - vandaag besteld, morgen in huis",Meta,NL & BE,Luca,2025-10-06,33.55,,0.0,0.0,0.0077,5.26,1.2,,0.0,,,0.0,1.81,2.26,,Killed,,,https://drive.google.com/drive/folders/1w6Z5GVPH4n5dRlQAgMSxyZFTcanGA3Jq?usp=drive_link
90,033-3,Shave Package 3.0,2. Problem Aware,Authority / Expert,"Focus op zekerheid, gemak en vertrouwen. Geen wondjes, geen irritatie, geen onzekerheid.","Emotie: Stress, schaamte en onzekerheid bij trimmen/scheren.Desire: Pijnloos, zorgeloos en snel scheren → direct zelfvertrouwen en rust.",🖼️ Static ad,🖼️ Static ad,Scheren zonder stress roept... Stop de stress,Meta,NL & BE,Luca,2025-10-06,19.92,,0.0003,0.0,0.0056,5.34,0.95,,0.0925,9.96,49.95,5.02,1.81,2.26,,Iterate,,,https://drive.google.com/drive/folders/1w6Z5GVPH4n5dRlQAgMSxyZFTcanGA3Jq?usp=drive_link
91,033-4,Shave Package 3.0,2. Problem Aware,Authority / Expert,"Focus op zekerheid, gemak en vertrouwen. Geen wondjes, geen irritatie, geen onzekerheid.","Emotie: Stress, schaamte en onzekerheid bij trimmen/scheren.Desire: Pijnloos, zorgeloos en snel scheren → direct zelfvertrouwen en rust.",🖼️ Static ad,🖼️ Static ad,Scheren zonder stress roept... Scheren zonder zorgen,Meta,NL & BE,Luca,2025-10-06,0.0,,0.0,0.0,0.0,0.0,0.0,,0.0,0.0,0.0,0.0,1.81,2.26,,Killed,,,https://drive.google.com/drive/folders/1w6Z5GVPH4n5dRlQAgMSxyZFTcanGA3Jq?usp=drive_link
92,034-1,Groom Guard,1. Unaware,Storytelling / Narrative,Re-edit Founder credibility + probleemoplossing,Verlangen naar vertrouwen en pijnvrij trimmen,👤 Founder Story / Origin Video,🎬 Video,"Ze vragen me weleens Kevin? Hoe vervang ik nou mn eigen autoband? Ik heb geen idee. Mijn naam is Dustin, en ik ben de eigenaar van Wellshave",Meta,NL & BE,Luca,2025-10-11,255.28,,0.4872,0.1914,0.0171,5.72,0.72,,0.0148,42.55,47.79,1.12,1.9,2.38,,Killed,,,https://drive.google.com/drive/folders/1ba4Wj2Igeym7EEYEfEdkpSUpJjgfNz3y?usp=sharing
93,034-2,Groom Guard,1. Unaware,Storytelling / Narrative,Re-edit Founder credibility + probleemoplossing,Verlangen naar vertrouwen en pijnvrij trimmen,👤 Founder Story / Origin Video,🎬 Video,"“Mensen vraag wel eens, Jordi, hoe repareer je auto’s, ik heet helemaal geen Jordi en ik repareer geen auto’s. Mijn naam is Dustin founder van Wellshave”",Meta,NL & BE,Luca,2025-10-11,78.91,,,,0.0192,,,,0.0267,39.46,,1.14,1.9,2.38,,Killed,,,https://drive.google.com/drive/folders/1ba4Wj2Igeym7EEYEfEdkpSUpJjgfNz3y?usp=sharing
94,034-3,Groom Guard,1. Unaware,Storytelling / Narrative,Re-edit Founder credibility + probleemoplossing,Verlangen naar vertrouwen en pijnvrij trimmen,👤 Founder Story / Origin Video,🎬 Video,"Pohhh, ze vragen me weleens Joey, hoe fix ik deze auto. Ik heb geen idee. Ik heet ook helemaal geen Joey. Mijn naam is Dustin en ik ben de founder van Wellshave",Meta,NL & BE,Luca,2025-10-11,71.67,,0.0002,0.0,0.0235,12.02,0.96,,0.0244,35.84,39.99,1.12,1.9,2.38,,Killed,,,https://drive.google.com/drive/folders/1ba4Wj2Igeym7EEYEfEdkpSUpJjgfNz3y?usp=sharing
95,035-1,2in1 Dual Groomer,2. Problem Aware,Authority / Expert,"Focus op aantrekkingskracht: vrouwen waarderen verzorging, ook al zeggen ze het niet altijd. Met de 2-in-1 Dual Groomer straal je zelfvertrouwen uit dat zij direct merkt.",Zelfvertrouwen dat zichtbaar is en door de partner wordt opgemerkt,📱 UGC Talking Head Testimonial,🎬 Video,Wil jij weten waarom vrouwen de 2in1 Dual Groomer van Wellshave geweldig vinden?,Meta,NL & BE,Luca,2025-10-06,56.76,,0.5473,0.1552,0.0248,9.38,0.73,,0.0128,56.76,49.95,0.88,1.72,2.15,,Killed,,,https://drive.google.com/drive/folders/1dh_ZjqTCsYMctRiec6kjQbZ3qciU5IqW?usp=drive_link
96,035-2,2in1 Dual Groomer,2. Problem Aware,Authority / Expert,"Focus op aantrekkingskracht: vrouwen waarderen verzorging, ook al zeggen ze het niet altijd. Met de 2-in-1 Dual Groomer straal je zelfvertrouwen uit dat zij direct merkt.",Zelfvertrouwen dat zichtbaar is en door de partner wordt opgemerkt,📱 UGC Talking Head Testimonial,🎬 Video,Dit is waarom vrouwen blij worden van de 2in1 Dual Groomer van Wellshave,Meta,NL & BE,Luca,2025-10-07,4.69,,33.84,0.2143,0.0151,14.17,0.94,,0.0,0.0,0.0,0.0,1.72,2.15,,Killed,,,https://drive.google.com/drive/folders/1dh_ZjqTCsYMctRiec6kjQbZ3qciU5IqW?usp=drive_link
97,035-3,2in1 Dual Groomer,2. Problem Aware,Authority / Expert,"Focus op aantrekkingskracht: vrouwen waarderen verzorging, ook al zeggen ze het niet altijd. Met de 2-in-1 Dual Groomer straal je zelfvertrouwen uit dat zij direct merkt.",Zelfvertrouwen dat zichtbaar is en door de partner wordt opgemerkt,📱 UGC Talking Head Testimonial,🎬 Video,Vrouwen zeggen het misschien niet… maar ze houden van een man die verzorgd is.,Meta,NL & BE,Luca,2025-10-08,1.42,,0.4659,0.1463,0.0114,16.14,1.42,,0.0,0.0,0.0,0.0,1.72,2.15,,Killed,,,https://drive.google.com/drive/folders/1dh_ZjqTCsYMctRiec6kjQbZ3qciU5IqW?usp=drive_link
98,036-1,Shave Package 3.0,3. Solution Aware,Benefits-Driven,"Hygiëne & Gezondheid: “Hou je grooming clean: één trimmer voor je gezicht, één voor je body.”","Veiligheid, zorg voor jezelf, afkeer van viezigheid.",📱 UGC Talking Head Testimonial,🎬 Video,Klaar met een oerwoud daar beneden?,Meta,NL & BE,Luca,2025-10-08,166.2,,0.2249,0.2392,0.0118,8.16,0.69,,0.083,83.1,66.46,0.8,1.81,2.26,,Killed,,,https://drive.google.com/drive/folders/1R8E877zWADPBIdobf6KtOwHjdJ70JJlw?usp=drive_link
99,036-2,Shave Package 3.0,3. Solution Aware,Benefits-Driven,"Hygiëne & Gezondheid: “Hou je grooming clean: één trimmer voor je gezicht, één voor je body.”","Veiligheid, zorg voor jezelf, afkeer van viezigheid.",📱 UGC Talking Head Testimonial,🎬 Video,Het is onhygiënisch om dezelfde trimmen voor je gezicht en je gevoelige delen te gebruiken,Meta,NL & BE,Luca,2025-10-08,0.0,,0.0,0.0,0.0,0.0,0.0,,0.0,0.0,0.0,0.0,1.81,2.26,,Killed,,,https://drive.google.com/drive/folders/1R8E877zWADPBIdobf6KtOwHjdJ70JJlw?usp=drive_link
100,036-3,Shave Package 3.0,3. Solution Aware,Benefits-Driven,"Hygiëne & Gezondheid: “Hou je grooming clean: één trimmer voor je gezicht, één voor je body.”","Veiligheid, zorg voor jezelf, afkeer van viezigheid.",📱 UGC Talking Head Testimonial,🎬 Video,"Van je borst tot je ballen, dit apparaat regelt alles!",Meta,NL & BE,Luca,2025-10-08,0.7,,0.0,0.0,0.0,8.43,0.0,,0.0,0.0,0.0,0.0,1.81,2.26,,Killed,,,https://drive.google.com/drive/folders/1R8E877zWADPBIdobf6KtOwHjdJ70JJlw?usp=drive_link
101,037-1,Shave Package 3.0,3. Solution Aware,Benefits-Driven,"Veilig, stressvrij en multifunctioneel trimmen","Zelfvertrouwen: Goed verzorgde schaamstreek, oksels en borst → “Ik voel me fris, clean en zelfverzekerd.”",📱 UGC Talking Head Testimonial,🎬 Video,Vroeger schoor ik mijn ballen zo…,Meta,NL & BE,Luca,2025-10-11,18.8,,0.3632,0.2032,0.0213,8.51,0.4,,0.0,0.0,0.0,0.0,1.81,2.26,,Killed,,,https://drive.google.com/drive/folders/1CPTkA84J-G6Qk_aX5_O5gOThS2m-eME2?usp=drive_link
102,037-2,Shave Package 3.0,3. Solution Aware,Benefits-Driven,"Veilig, stressvrij en multifunctioneel trimmen","Zelfvertrouwen: Goed verzorgde schaamstreek, oksels en borst → “Ik voel me fris, clean en zelfverzekerd.”",📱 UGC Talking Head Testimonial,🎬 Video,"Ik schoor mijn ballen dus, zoo….",Meta,NL & BE,Luca,2025-10-11,12.34,,0.2955,0.2155,0.0152,8.54,0.56,,0.0,0.0,0.0,0.0,1.81,2.26,,Killed,,,https://drive.google.com/drive/folders/1CPTkA84J-G6Qk_aX5_O5gOThS2m-eME2?usp=drive_link
103,037-3,Shave Package 3.0,3. Solution Aware,Benefits-Driven,"Veilig, stressvrij en multifunctioneel trimmen","Zelfvertrouwen: Goed verzorgde schaamstreek, oksels en borst → “Ik voel me fris, clean en zelfverzekerd.”",📱 UGC Talking Head Testimonial,🎬 Video,Je denkt te weten hoe je je ballen moet scheren,Meta,NL & BE,Luca,2025-10-11,1100.55,,0.2625,0.2234,0.0115,9.16,0.79,,0.223,35.5,66.29,1.87,1.81,2.26,,Iterate,,,https://drive.google.com/drive/folders/1CPTkA84J-G6Qk_aX5_O5gOThS2m-eME2?usp=drive_link
104,038-1,Groom Guard,3. Solution Aware,Benefits-Driven,Reason-Why Marketing AngleFocus: concreet en overtuigend → 5 duidelijke redenen die de voordelen tastbaar maken.,"Nu: Schaamte en stress door onverzorgde of pijnlijke grooming. Straks: Zelfverzekerd, stressvrij en aantrekkelijk voelen – partner merkt het en waardeert het.",📱 UGC Talking Head Testimonial,🎬 Video,5 redenen waarom jij de Wellshave Groom Guard vandaag nog nodig hebt.,Meta,NL & BE,Luca,2025-10-13,289.23,,0.2837,18.58,0.017,10.13,0.76,,0.163,41.31,25.0,0.74,1.9,2.38,,Killed,,,https://drive.google.com/drive/folders/1WwZYN23IuI5M68LkjeN94ck4rsyxWd9i?usp=drive_link
105,038-2,Groom Guard,3. Solution Aware,Benefits-Driven,Reason-Why Marketing AngleFocus: concreet en overtuigend → 5 duidelijke redenen die de voordelen tastbaar maken.,"Nu: Schaamte en stress door onverzorgde of pijnlijke grooming. Straks: Zelfverzekerd, stressvrij en aantrekkelijk voelen – partner merkt het en waardeert het.",📱 UGC Talking Head Testimonial,🎬 Video,Dit zijn 5 redenen waarom jij de Groom Guard van Wellshave moet hebben!,Meta,NL & BE,Luca,2025-10-13,15.87,,0.3488,0.2184,0.0186,16.36,0.88,,0.0,0.0,0.0,0.0,1.9,2.38,,Killed,,,https://drive.google.com/drive/folders/1WwZYN23IuI5M68LkjeN94ck4rsyxWd9i?usp=drive_link
106,038-3,Groom Guard,3. Solution Aware,Benefits-Driven,Reason-Why Marketing AngleFocus: concreet en overtuigend → 5 duidelijke redenen die de voordelen tastbaar maken.,"Nu: Schaamte en stress door onverzorgde of pijnlijke grooming. Straks: Zelfverzekerd, stressvrij en aantrekkelijk voelen – partner merkt het en waardeert het.",📱 UGC Talking Head Testimonial,🎬 Video,5 redenen waarom jij een de Groom Guard van Wellshave moet aanschaffen in plaatst van een scheermesje,Meta,NL & BE,Luca,2025-10-13,214.27,,0.3724,0.2279,0.015,12.44,0.82,,0.0307,26.78,52.89,1.97,1.9,2.38,,Iterate,,,https://drive.google.com/drive/folders/1WwZYN23IuI5M68LkjeN94ck4rsyxWd9i?usp=drive_link
107,039-1,Groom Guard,1. Unaware,Transformation / Before-After,"De ultieme bodygroomer die je zelfvertrouwen geeft, je huid beschermt én je het gemak van een all-in-one oplossing biedt","Ik wil me aantrekkelijk en verzorgd voelen, zonder gedoe of irritatie.",🖼️ Static ad,🖼️ Static ad,"Hey ChatGPT, ik heb morgen een date, heb je nog een tip voor mij om indruk te maken?",Meta,NL & BE,Daan,2025-10-13,6.28,,0.0,0.0,0.0142,8.08,0.57,,0.0,0.0,0.0,0.0,1.9,2.38,,Killed,,,https://drive.google.com/drive/folders/1Kn3s9BXxjDiGW1COGkKC0inrbtUOLaZ8?usp=drive_link
108,039-2,Groom Guard,1. Unaware,Transformation / Before-After,"De ultieme bodygroomer die je zelfvertrouwen geeft, je huid beschermt én je het gemak van een all-in-one oplossing biedt","Ik wil me aantrekkelijk en verzorgd voelen, zonder gedoe of irritatie.",🖼️ Static ad,🖼️ Static ad,"Hey ChatGPT, ik krijg altijd wondjes tijdens en na het scheren met een scheermes. Heb je een tip voor mij?",Meta,NL & BE,Daan,2025-10-13,5.28,,0.0,0.0,0.0069,9.06,1.32,,0.0,0.0,0.0,0.0,1.9,2.38,,Killed,,,https://drive.google.com/drive/folders/1Kn3s9BXxjDiGW1COGkKC0inrbtUOLaZ8?usp=drive_link
109,039-3,Groom Guard,1. Unaware,Transformation / Before-After,"De ultieme bodygroomer die je zelfvertrouwen geeft, je huid beschermt én je het gemak van een all-in-one oplossing biedt","Ik wil me aantrekkelijk en verzorgd voelen, zonder gedoe of irritatie.",🖼️ Static ad,🖼️ Static ad,"Hey ChatGPT, wat is de beste Bodygroomer van 2025?",Meta,NL & BE,Daan,2025-10-13,11.62,,0.0,0.0,0.0073,7.76,1.06,,0.0,0.0,0.0,0.0,1.9,2.38,,Killed,,,https://drive.google.com/drive/folders/1Kn3s9BXxjDiGW1COGkKC0inrbtUOLaZ8?usp=drive_link
110,040-1,Shave Package 3.0,2. Problem Aware,Comparison / Anti-X,"Transformeer je dagelijkse routine met een snelle, comfortabele en irritatievrije groomingervaring","Ik wil mijn dag zorgeloos en fris beginnen, met gemak en vertrouwen.",🖼️ Static ad,🖼️ Static ad,Dit heeft mijn ochtenden compleet veranderd,Meta,NL & BE,Daan,2025-10-08,81.52,,0.2384,0.0645,0.0198,8.98,0.59,,0.0208,27.17,67.62,2.49,1.81,2.26,,Iterate,,,https://drive.google.com/drive/folders/1BS6IQOAjn0IaKOtOflJuXL2XoR3gKYz8?usp=drive_link
111,040-2,Shave Package 3.0,2. Problem Aware,Comparison / Anti-X,"Transformeer je dagelijkse routine met een snelle, comfortabele en irritatievrije groomingervaring","Ik wil mijn dag zorgeloos en fris beginnen, met gemak en vertrouwen.",🖼️ Static ad,🖼️ Static ad,"De beste keus van dit seizoen: Glad, snel en zonder irritatie",Meta,NL & BE,Daan,2025-10-08,66.81,,0.2439,0.0694,0.0176,10.88,0.71,,0.0208,33.4,62.96,1.88,1.81,2.26,,Iterate,,,https://drive.google.com/drive/folders/1BS6IQOAjn0IaKOtOflJuXL2XoR3gKYz8?usp=drive_link
112,040-3,Shave Package 3.0,2. Problem Aware,Comparison / Anti-X,"Transformeer je dagelijkse routine met een snelle, comfortabele en irritatievrije groomingervaring","Ik wil mijn dag zorgeloos en fris beginnen, met gemak en vertrouwen.",🖼️ Static ad,🖼️ Static ad,Ochtenden vol irritatie?,Meta,NL & BE,Daan,2025-10-08,45.15,,0.2019,0.056,0.0157,10.72,0.85,,0.0,,,0.0,1.81,2.26,,Killed,,,https://drive.google.com/drive/folders/1BS6IQOAjn0IaKOtOflJuXL2XoR3gKYz8?usp=drive_link
113,040-4,Shave Package 3.0,2. Problem Aware,Comparison / Anti-X,"Transformeer je dagelijkse routine met een snelle, comfortabele en irritatievrije groomingervaring","Ik wil mijn dag zorgeloos en fris beginnen, met gemak en vertrouwen.",🖼️ Static ad,🖼️ Static ad,Dit verandert je routine.,Meta,NL & BE,Daan,2025-10-08,40.48,,0.0,0.0,0.008,9.54,1.19,,0.0,0.0,0.0,0.0,1.81,2.26,,Killed,,,https://drive.google.com/drive/folders/1BS6IQOAjn0IaKOtOflJuXL2XoR3gKYz8?usp=drive_link
114,041-1,All products,2. Problem Aware,Comparison / Anti-X,Wij doorbreken onzin & hoge kosten in zelfverzorging — eindelijk eerlijke oplossingen die werken.,"Niet langer de “domme consument” zijn die teveel betaalt of eindeloos loopt te klungelen, maar juist het gevoel krijgen: “Ik pak dit slimmer aan, ik heb controle, en ik zorg goed voor mezelf zonder gedoe.”",👤 Founder Story / Origin Video,🎬 Video,Of wij voor onze klanten door het vuur gaan?,Meta,NL & BE,Luca & Daan,2025-10-13,59.36,,43.01,19.54,0.0169,13.38,0.79,,0.0,0.0,0.0,0.0,2.13,2.66,,Killed,,,https://drive.google.com/drive/folders/1tqNgH64YBQ6-Ydsn7mENySYw2r5k_DAG?usp=drive_link
115,041-2,All products,2. Problem Aware,Comparison / Anti-X,Wij doorbreken onzin & hoge kosten in zelfverzorging — eindelijk eerlijke oplossingen die werken.,"Niet langer de “domme consument” zijn die teveel betaalt of eindeloos loopt te klungelen, maar juist het gevoel krijgen: “Ik pak dit slimmer aan, ik heb controle, en ik zorg goed voor mezelf zonder gedoe.”",👤 Founder Story / Origin Video,🎬 Video,Het is klaar met de einddeloze discussies,Meta,NL & BE,Luca & Daan,2025-10-13,21.41,,0.4053,0.183,0.0107,10.87,1.02,,0.0,0.0,0.0,0.0,2.13,2.66,,Killed,,,https://drive.google.com/drive/folders/1tqNgH64YBQ6-Ydsn7mENySYw2r5k_DAG?usp=drive_link
116,041-3,All products,2. Problem Aware,Comparison / Anti-X,Wij doorbreken onzin & hoge kosten in zelfverzorging — eindelijk eerlijke oplossingen die werken.,"Niet langer de “domme consument” zijn die teveel betaalt of eindeloos loopt te klungelen, maar juist het gevoel krijgen: “Ik pak dit slimmer aan, ik heb controle, en ik zorg goed voor mezelf zonder gedoe.”",👤 Founder Story / Origin Video,🎬 Video,"Beschuit met muisjes, want er groeit okselhaar",Meta,NL & BE,Luca & Daan,2025-10-13,145.43,,0.3305,0.3806,0.0092,9.2,1.0,,0.3225,36.36,72.21,2.61,2.13,2.66,,Winner,,,https://drive.google.com/drive/folders/1tqNgH64YBQ6-Ydsn7mENySYw2r5k_DAG?usp=drive_link
117,042-1,All products,3. Solution Aware,Authority / Expert,Wij doorbreken onzin & hoge kosten in zelfverzorging — eindelijk eerlijke oplossingen die werken.,"Niet langer de “domme consument” zijn die teveel betaalt of eindeloos loopt te klungelen, maar juist het gevoel krijgen: “Ik pak dit slimmer aan, ik heb controle, en ik zorg goed voor mezelf zonder gedoe.”",👤 Founder Story / Origin Video,🎬 Video,Zie je hem daar? Daar ben ik dus helemaal klaar mee.,Meta,NL & BE,Luca & Daan,2025-10-13,7.02,,0.6182,0.1448,0.0236,11.86,0.5,,0.0,0.0,0.0,0.0,2.13,2.66,,Killed,,,https://drive.google.com/drive/folders/1rmfCw39T4CkCNRq8WM3YYiMVoFKDiL3h?usp=drive_link
118,042-2,All products,3. Solution Aware,Authority / Expert,Wij doorbreken onzin & hoge kosten in zelfverzorging — eindelijk eerlijke oplossingen die werken.,"Niet langer de “domme consument” zijn die teveel betaalt of eindeloos loopt te klungelen, maar juist het gevoel krijgen: “Ik pak dit slimmer aan, ik heb controle, en ik zorg goed voor mezelf zonder gedoe.”",👤 Founder Story / Origin Video,🎬 Video,Zo weer 300 euro... en voor wat? Haren verven!,Meta,NL & BE,Luca & Daan,2025-10-13,6.72,,0.3224,0.3084,0.0142,9.55,0.67,,0.0,0.0,0.0,0.0,2.13,2.66,,Killed,,,https://drive.google.com/drive/folders/1rmfCw39T4CkCNRq8WM3YYiMVoFKDiL3h?usp=drive_link
119,042-3,All products,3. Solution Aware,Authority / Expert,Wij doorbreken onzin & hoge kosten in zelfverzorging — eindelijk eerlijke oplossingen die werken.,"Niet langer de “domme consument” zijn die teveel betaalt of eindeloos loopt te klungelen, maar juist het gevoel krijgen: “Ik pak dit slimmer aan, ik heb controle, en ik zorg goed voor mezelf zonder gedoe.”",👤 Founder Story / Origin Video,🎬 Video,"Zo die is kapot, goede zelfverzorging zonder jezelf scheel te betalen.",Meta,NL & BE,Luca & Daan,2025-10-13,15.1,,0.3845,0.2095,0.0122,11.47,0.94,,0.0,0.0,0.0,0.0,2.13,2.66,,Killed,,,https://drive.google.com/drive/folders/1rmfCw39T4CkCNRq8WM3YYiMVoFKDiL3h?usp=drive_link
120,043-1,Tondeuse Elegant (K81S),3. Solution Aware,Benefits-Driven,"Barber kwaliteit, gewoon bij jou thuis.","Zelfverzekerdheid door een verzorgde uitstraling
Onafhankelijkheid: niet meer afhankelijk van de kapper
Gemak en zekerheid: altijd hetzelfde perfecte resultaat, thuis",🛠️ UGC Demo / How-To,🎬 Video,Dit zijn 3 redenen waarom deze tondeuse ons best verkochte product is.,Meta,NL & BE,Geen specifieke customer Persona (omdat deze nog niet ready zijn),2025-12-24,4.08,,0.2,0.3367,0.0163,8.33,0.51,,0.0,0.0,0.0,0.0,2.23,2.98,,Killed,,,https://drive.google.com/drive/folders/1LkdgTT_eiK_iRjxh_E7n4-f-KHHuv3pH?usp=drive_link
121,043-2,Tondeuse Elegant (K81S),3. Solution Aware,Benefits-Driven,"Barber kwaliteit, gewoon bij jou thuis.","Zelfverzekerdheid door een verzorgde uitstraling
Onafhankelijkheid: niet meer afhankelijk van de kapper
Gemak en zekerheid: altijd hetzelfde perfecte resultaat, thuis",🛠️ UGC Demo / How-To,🎬 Video,Hier zijn 3 redenen waarom je over moet stappen naar deze tondeuse van Barber kwaliteit,Meta,NL & BE,Geen specifieke customer Persona (omdat deze nog niet ready zijn),2025-12-24,15.05,,0.2253,0.3311,0.0207,5.67,0.27,,1.8182,15.05,62.96,4.18,2.23,2.98,,Winner,,,https://drive.google.com/drive/folders/1LkdgTT_eiK_iRjxh_E7n4-f-KHHuv3pH?usp=drive_link
122,043-3,Tondeuse Elegant (K81S),3. Solution Aware,Benefits-Driven,"Barber kwaliteit, gewoon bij jou thuis.","Zelfverzekerdheid door een verzorgde uitstraling
Onafhankelijkheid: niet meer afhankelijk van de kapper
Gemak en zekerheid: altijd hetzelfde perfecte resultaat, thuis",🛠️ UGC Demo / How-To,🎬 Video,Ik geef je 3 redenen waarom dit de laatste tondeuse is die je ooit nodig hebt.,Meta,NL & BE,Geen specifieke customer Persona (omdat deze nog niet ready zijn),2025-12-24,41.35,,0.1974,0.3465,0.0224,6.56,0.29,,0.7092,41.35,70.9,1.71,2.23,2.98,,Killed,,,https://drive.google.com/drive/folders/1LkdgTT_eiK_iRjxh_E7n4-f-KHHuv3pH?usp=drive_link
123,044-1,Groom Guard,3. Solution Aware,Social Proof / Reviews,"Reason-Why
Marketing Angle Focus:concreet en
overtuigend →  duidelijke redenen die de voordelen
tastbaar maken.","Nu: Schaamte en stress door
onverzorgde of pijnlijke
grooming.
Straks: Zelfverzekerd, stressvrij
en aantrekkelijk voelen – partner
merkt het en waardeert het.",📱 UGC Talking Head Testimonial,🎬 Video,Ik geef je een paar redenen waarom jij de bodygroomer van Wellshave moet hebben,Meta,NL & BE,Luca,2025-10-24,15.74,,0.1618,0.2546,0.0071,13.92,1.95,,0.0,0.0,0.0,0.0,1.9,2.38,,Killed,,,https://drive.google.com/drive/folders/1LkdgTT_eiK_iRjxh_E7n4-f-KHHuv3pH?usp=drive_link
124,044-2,Groom Guard,3. Solution Aware,Social Proof / Reviews,"Reason-Why
Marketing Angle Focus:concreet en
overtuigend →  duidelijke redenen die de voordelen
tastbaar maken.","Nu: Schaamte en stress door
onverzorgde of pijnlijke
grooming.
Straks: Zelfverzekerd, stressvrij
en aantrekkelijk voelen – partner
merkt het en waardeert het.",📱 UGC Talking Head Testimonial,🎬 Video,"Ff serieus waarom gebruik je nog een scheermesje, dit zijn een paar redenen waarom je dat niet meer moet doen!",Meta,NL & BE,Luca,2025-10-24,153.05,,0.3384,0.2833,0.0101,8.66,1.06,,0.078,153.05,49.95,0.46,1.9,2.38,,Iterate,,,https://drive.google.com/drive/folders/1LkdgTT_eiK_iRjxh_E7n4-f-KHHuv3pH?usp=drive_link
125,044-3,Groom Guard,3. Solution Aware,Social Proof / Reviews,"Reason-Why
Marketing Angle Focus:concreet en
overtuigend →  duidelijke redenen die de voordelen
tastbaar maken.","Nu: Schaamte en stress door
onverzorgde of pijnlijke
grooming.
Straks: Zelfverzekerd, stressvrij
en aantrekkelijk voelen – partner
merkt het en waardeert het.",📱 UGC Talking Head Testimonial,🎬 Video,"Dit apparaat wow, dit zijn 5 redenen waarom je deze bodygroomer ook moet hebben",Meta,NL & BE,Luca,2025-10-24,29.35,,0.1623,0.3154,0.012,10.65,0.89,,0.303,29.35,69.95,2.38,1.9,2.38,,Killed,,,https://drive.google.com/drive/folders/1LkdgTT_eiK_iRjxh_E7n4-f-KHHuv3pH?usp=drive_link
126,045-1,Scheerapparaat Elite,1. Unaware,Transformation / Before-After,"Premium Kwaliteit voor een Fractie van de Prijs (Social Proof Angle) : 
Onafhankelijke bevestiging (Bol.com review).
Zelfde prestaties als Braun/Philips → 70% goedkoper.","Emotie (nu): frustratie dat dure merken (Braun/Philips) altijd beter lijken, maar irritatie en hoge prijs veroorzaken.
Desire (na): opluchting en trots dat er eindelijk een betaalbare shaver is die écht glad scheert zonder irritatie.
Extra verlangen: compleet verzorgd gevoel door de extra opzetstukken → baard, lichaam, neus en oren allemaal met één apparaat geregeld.",⚖️ Split Screen Comparison,🎬 Video,Waarom €300 uitgeven aan een scheerapparaat van Braun of Philips… als deze van Wellshave hetzelfde doet voor 70% minder van prijs?,Meta,NL & BE,Henk,2025-10-19,5.55,,0.2398,0.2768,0.0064,11.88,1.85,,0.0,0.0,0.0,0.0,1.84,2.46,,Killed,,,https://drive.google.com/drive/folders/1PPfRYrbisutQDWPo9iFTAQd3yDd_pYkb?usp=drive_link
127,045-2,Scheerapparaat Elite,1. Unaware,Transformation / Before-After,"Premium Kwaliteit voor een Fractie van de Prijs (Social Proof Angle) : 
Onafhankelijke bevestiging (Bol.com review).
Zelfde prestaties als Braun/Philips → 70% goedkoper.","Emotie (nu): frustratie dat dure merken (Braun/Philips) altijd beter lijken, maar irritatie en hoge prijs veroorzaken.
Desire (na): opluchting en trots dat er eindelijk een betaalbare shaver is die écht glad scheert zonder irritatie.
Extra verlangen: compleet verzorgd gevoel door de extra opzetstukken → baard, lichaam, neus en oren allemaal met één apparaat geregeld.",⚖️ Split Screen Comparison,🎬 Video,Bol.com zette Wellshave naast Braun & Philips… en Wellshave kwamen verrassend goed uit de test.,Meta,NL & BE,Henk,2025-10-19,28.06,,0.196,0.3303,0.0153,11.22,0.73,,0.0,0.0,0.0,0.0,1.84,2.46,,Killed,,,https://drive.google.com/drive/folders/1PPfRYrbisutQDWPo9iFTAQd3yDd_pYkb?usp=drive_link
128,045-3,Scheerapparaat Elite,1. Unaware,Transformation / Before-After,"Premium Kwaliteit voor een Fractie van de Prijs (Social Proof Angle) : 
Onafhankelijke bevestiging (Bol.com review).
Zelfde prestaties als Braun/Philips → 70% goedkoper.","Emotie (nu): frustratie dat dure merken (Braun/Philips) altijd beter lijken, maar irritatie en hoge prijs veroorzaken.
Desire (na): opluchting en trots dat er eindelijk een betaalbare shaver is die écht glad scheert zonder irritatie.
Extra verlangen: compleet verzorgd gevoel door de extra opzetstukken → baard, lichaam, neus en oren allemaal met één apparaat geregeld.",⚖️ Split Screen Comparison,🎬 Video,"Ik heb eindelijk een scheerapparaat gevonden waar ik mezelf wel glad mee kan scheren, en ik ga je uitleggen hoe ik hier achter ben gekomen!",Meta,NL & BE,Henk,2025-10-19,12.48,,0.2939,0.2625,0.0134,9.37,0.7,,0.0,0.0,0.0,0.0,1.84,2.46,,Killed,,,https://drive.google.com/drive/folders/1PPfRYrbisutQDWPo9iFTAQd3yDd_pYkb?usp=drive_link
129,046-1,Shave Package 3.0,3. Solution Aware,Comparison / Anti-X,Van irritatie naar effortless comfort.,"Verlangen naar controle, gemak en zelfvertrouwen in de ochtend.",🖼️ Static ad,🖼️ Static ad,Dit heeft mijn ochtenden compleet veranderd,Meta,NL & BE,Luca,2025-10-20,2.97,,0.0,0.0,0.0026,7.71,2.97,,0.0,0.0,0.0,0.0,1.81,2.26,,Killed,,,https://drive.google.com/drive/folders/1du_9mIdJzjsMqW2qEi8SvV0vrblRGC6U?usp=drive_link
130,046-2,Shave Package 3.0,3. Solution Aware,Comparison / Anti-X,Van irritatie naar effortless comfort.,"Verlangen naar controle, gemak en zelfvertrouwen in de ochtend.",🖼️ Static ad,🖼️ Static ad,"De beste keuze van dit seizoen: glad, snel en zonder iritatie",Meta,NL & BE,Luca,2025-10-20,9.7,,0.0,0.0,0.0104,12.65,1.21,,0.0,0.0,0.0,0.0,1.81,2.26,,Killed,,,https://drive.google.com/drive/folders/1du_9mIdJzjsMqW2qEi8SvV0vrblRGC6U?usp=drive_link
131,046-3,Shave Package 3.0,3. Solution Aware,Comparison / Anti-X,Van irritatie naar effortless comfort.,"Verlangen naar controle, gemak en zelfvertrouwen in de ochtend.",🖼️ Static ad,🖼️ Static ad,Ochtenden vol irritatie,Meta,NL & BE,Luca,2025-10-20,489.6,,0.0,0.0,0.0056,8.1,1.91,,0.251,56.88,64.4,1.13,1.81,2.26,,Killed,,,https://drive.google.com/drive/folders/1du_9mIdJzjsMqW2qEi8SvV0vrblRGC6U?usp=drive_link
132,046-4,Shave Package 3.0,3. Solution Aware,Comparison / Anti-X,Van irritatie naar effortless comfort.,"Verlangen naar controle, gemak en zelfvertrouwen in de ochtend.",🖼️ Static ad,🖼️ Static ad,Dit verandert je routine,Meta,NL & BE,Luca,2025-10-20,0.0,,0.0,0.0,0.0,0.0,0.0,,0.0,0.0,0.0,0.0,1.81,2.26,,Killed,,,https://drive.google.com/drive/folders/1du_9mIdJzjsMqW2qEi8SvV0vrblRGC6U?usp=drive_link
133,047-1,Scheerapparaat Elite,5. Most Aware,FOMO / Scarcity,Premium zonder premium prijs.,Trots om slim te kiezen – luxe voor minder.,🖼️ Static ad,🖼️ Static ad,"Mythe: Premium grooming betekent een premium prijs, Feit: Wellshave: Braun & Phillips- kwaliteit voor 49,95 in plaats van 250+",Meta,NL & BE,Geen specifieke customer Persona (omdat deze nog niet ready zijn),2025-10-07,27.54,,0.0,0.0,0.0103,12.94,1.45,,0.0,,,0.0,1.84,2.46,,Killed,,,https://drive.google.com/drive/folders/1JPtE44UaI8uoeZBZeh3BqOgQasGncD9N?usp=drive_link
134,047-2,Scheerapparaat Elite,5. Most Aware,FOMO / Scarcity,Premium zonder premium prijs.,Trots om slim te kiezen – luxe voor minder.,🖼️ Static ad,🖼️ Static ad,"Mythe: Premium kwaliteit kost altijd premium prijzen, Feit profiteer deze week van 25% korting - beperkte tijd",Meta,NL & BE,Geen specifieke customer Persona (omdat deze nog niet ready zijn),2025-10-07,24.44,,0.0,0.0,0.009,13.82,2.44,,0.0909,24.44,48.57,1.99,1.84,2.46,,Iterate,,,https://drive.google.com/drive/folders/1JPtE44UaI8uoeZBZeh3BqOgQasGncD9N?usp=drive_link
135,047-3,Scheerapparaat Elite,5. Most Aware,FOMO / Scarcity,Premium zonder premium prijs.,Trots om slim te kiezen – luxe voor minder.,🖼️ Static ad,🖼️ Static ad,"Feit: Dure scheerapparaten zijn alleen goed, Feit: goed gegeprijsd presteert net zo goed als A-merken",Meta,NL & BE,Geen specifieke customer Persona (omdat deze nog niet ready zijn),2025-10-07,18.65,,0.08,1.0,0.0138,15.17,1.1,,0.0,0.0,0.0,0.0,1.84,2.46,,Killed,,,https://drive.google.com/drive/folders/1JPtE44UaI8uoeZBZeh3BqOgQasGncD9N?usp=drive_link
136,047-4,Scheerapparaat Elite,5. Most Aware,FOMO / Scarcity,Premium zonder premium prijs.,Trots om slim te kiezen – luxe voor minder.,🖼️ Static ad,🖼️ Static ad,Mythe: Alleen grote merken leveren comfort Feit: 4.6/5 sterren bewijzen dat ook betaalbaar kan,Meta,NL & BE,Geen specifieke customer Persona (omdat deze nog niet ready zijn),2025-10-07,18.87,,0.0,0.0,0.01,11.75,1.18,,0.0,0.0,0.0,0.0,1.84,2.46,,Killed,,,https://drive.google.com/drive/folders/1JPtE44UaI8uoeZBZeh3BqOgQasGncD9N?usp=drive_link
137,048-1,Scheerapparaat Elite,3. Solution Aware,Comparison / Anti-X,"Slim herinnerd, beter geschoren.","Verlangen naar gemak, comfort en waardering.",🖼️ Static ad,🖼️ Static ad,Reminder voor mannen! Gratis scheerkop bij je bestelling!,Meta,NL & BE,Geen specifieke customer Persona (omdat deze nog niet ready zijn),2025-10-10,12.51,,0.0,0.0,0.0201,13.25,0.66,,0.0,0.0,0.0,0.0,1.84,2.46,,Killed,,,https://drive.google.com/drive/folders/1rf9dAr0muMhSFbgB_EqBGToVq2kSXb5t?usp=drive_link
138,048-2,Scheerapparaat Elite,3. Solution Aware,Comparison / Anti-X,"Slim herinnerd, beter geschoren.","Verlangen naar gemak, comfort en waardering.",🖼️ Static ad,🖼️ Static ad,"Reminder : Scheer irritatie is niet normal, stop met pijnlijke scheerbeurten",Meta,NL & BE,Geen specifieke customer Persona (omdat deze nog niet ready zijn),2025-10-10,0.0,,0.0,0.0,0.0,0.0,0.0,,0.0,0.0,0.0,0.0,1.84,2.46,,Killed,,,https://drive.google.com/drive/folders/1rf9dAr0muMhSFbgB_EqBGToVq2kSXb5t?usp=drive_link
139,048-3,Scheerapparaat Elite,3. Solution Aware,Comparison / Anti-X,"Slim herinnerd, beter geschoren.","Verlangen naar gemak, comfort en waardering.",🖼️ Static ad,🖼️ Static ad,Reminder: scheer zorgeloos. Beoordeeld met een 4.6/5 sterren door tevreden mannen,Meta,NL & BE,Geen specifieke customer Persona (omdat deze nog niet ready zijn),2025-10-10,0.0,,0.0,0.0,0.0,0.0,0.0,,0.0,0.0,0.0,0.0,1.84,2.46,,Killed,,,https://drive.google.com/drive/folders/1rf9dAr0muMhSFbgB_EqBGToVq2kSXb5t?usp=drive_link
140,049-1,Scheerapparaat Elite,3. Solution Aware,Social Proof / Reviews,"Zelfde topkwaliteit, eerlijker geprijsd.","Vertrouwen in slimme, zorgeloze kwaliteit.",🖼️ Static ad,🖼️ Static ad,Glad scheren zonder irritatie - topkwaliteit voor een eerlijke prijs,Meta,NL & BE,Geen specifieke customer Persona (omdat deze nog niet ready zijn),2025-12-24,0.01,,0.0,0.0,0.0,1.0,0.0,,0.0,0.0,0.0,0.0,1.84,2.46,,Killed,,,https://drive.google.com/drive/folders/1tYpeUNCfFsLcX16mIPz4AbrXQOfkQNLR?usp=drive_link
141,049-2,Scheerapparaat Elite,3. Solution Aware,Social Proof / Reviews,"Zelfde topkwaliteit, eerlijker geprijsd.","Vertrouwen in slimme, zorgeloze kwaliteit.",🖼️ Static ad,🖼️ Static ad,"25% korting deze week, glad en comfortabel. Morgen in huis",Meta,NL & BE,Geen specifieke customer Persona (omdat deze nog niet ready zijn),2025-12-24,2.48,,0.0,0.0,0.0136,11.22,0.83,,0.0,0.0,0.0,0.0,1.84,2.46,,Killed,,,https://drive.google.com/drive/folders/1tYpeUNCfFsLcX16mIPz4AbrXQOfkQNLR?usp=drive_link
142,049-3,Scheerapparaat Elite,3. Solution Aware,Social Proof / Reviews,"Zelfde topkwaliteit, eerlijker geprijsd.","Vertrouwen in slimme, zorgeloze kwaliteit.",🖼️ Static ad,🖼️ Static ad,"Bescherming voor je huid, efficient scheren, geen stress meer",Meta,NL & BE,Geen specifieke customer Persona (omdat deze nog niet ready zijn),2025-12-24,0.23,,0.0,0.0,0.0,4.89,0.0,,0.0,0.0,0.0,0.0,1.84,2.46,,Killed,,,https://drive.google.com/drive/folders/1tYpeUNCfFsLcX16mIPz4AbrXQOfkQNLR?usp=drive_link
143,049-4,Scheerapparaat Elite,3. Solution Aware,Social Proof / Reviews,"Zelfde topkwaliteit, eerlijker geprijsd.","Vertrouwen in slimme, zorgeloze kwaliteit.",🖼️ Static ad,🖼️ Static ad,"Gladde resultaten, comfortabel scheren - Beoordeeld met 4.6/5 sterren",Meta,NL & BE,Geen specifieke customer Persona (omdat deze nog niet ready zijn),2025-12-24,1.51,,0.0,0.0,0.0,16.97,0.0,,0.0,0.0,0.0,0.0,1.84,2.46,,Killed,,,https://drive.google.com/drive/folders/1tYpeUNCfFsLcX16mIPz4AbrXQOfkQNLR?usp=drive_link
144,050-1,Groom Guard,2. Problem Aware,Negative / Pain Agitation,Bewezen kwaliteit door echte klanten.,Vertrouwen en geruststelling in een bewezen keuze.,🖼️ Static ad,🖼️ Static ad,Review: Top product en top service!,Meta,NL & BE,Luca,2025-11-05,0.0,,0.0,0.0,0.0,0.0,0.0,,0.0,0.0,0.0,0.0,1.9,2.38,,Killed,,,https://drive.google.com/drive/folders/1100nNElO1qN7AvwxsRU6MuK9UC0T3KdJ?usp=drive_link
145,050-2,Groom Guard,2. Problem Aware,Negative / Pain Agitation,Bewezen kwaliteit door echte klanten.,Vertrouwen en geruststelling in een bewezen keuze.,🖼️ Static ad,🖼️ Static ad,Review: Geen irritatie. Geen stress. Profiteer zolang de korting geldt!,Meta,NL & BE,Luca,2025-11-05,15.4,,0.0,0.0,0.0078,8.04,1.03,,0.0,0.0,0.0,0.0,1.9,2.38,,Killed,,,https://drive.google.com/drive/folders/1100nNElO1qN7AvwxsRU6MuK9UC0T3KdJ?usp=drive_link
146,050-3,Groom Guard,2. Problem Aware,Negative / Pain Agitation,Bewezen kwaliteit door echte klanten.,Vertrouwen en geruststelling in een bewezen keuze.,🖼️ Static ad,🖼️ Static ad,Review: Bang voor sneetjes?,Meta,NL & BE,Luca,2025-11-05,5.64,,0.0022,0.0,0.0065,12.26,1.88,,0.0,0.0,0.0,0.0,1.9,2.38,,Killed,,,https://drive.google.com/drive/folders/1100nNElO1qN7AvwxsRU6MuK9UC0T3KdJ?usp=drive_link
147,050-4,Groom Guard,2. Problem Aware,Negative / Pain Agitation,Bewezen kwaliteit door echte klanten.,Vertrouwen en geruststelling in een bewezen keuze.,🖼️ Static ad,🖼️ Static ad,Review: Eindelijk comfortabel scheren,Meta,NL & BE,Luca,2025-11-05,18.98,,0.0,0.0,0.0085,8.52,1.0,,0.526,18.98,71.91,3.79,1.9,2.38,,Iterate,,,https://drive.google.com/drive/folders/1100nNElO1qN7AvwxsRU6MuK9UC0T3KdJ?usp=drive_link
148,WS-051,Groom Guard,,,,,📱 UGC Talking Head Testimonial,🎬 Video,,Meta,NL/ BE,,,,,,,,,,,,,,,,,,Live,,Geen performance data. Meta: Launched | TikTok: Ready to launch | Organic: Ready to lanch,@WS/LP051
149,051-1,Groom Guard,2. Problem Aware,Negative / Pain Agitation,Van pijn en irritatie naar moeiteloos comfort.,Opluchting en vertrouwen in een pijnvrije scheerervaring.,📱 UGC Talking Head Testimonial,🎬 Video,Snij je jezelf ook elke keer bij het trimmen?,Meta,NL & BE,Luca,2025-10-07,33.38,,0.2351,0.0438,0.0191,12.5,0.88,,0.075,11.13,48.46,4.36,1.9,2.38,,Iterate,,,https://drive.google.com/drive/folders/1q_A-Ht1fUr4RxqDwvTQjwUwLq20NjcnB?usp=drive_link
150,051-2,Groom Guard,2. Problem Aware,Negative / Pain Agitation,Van pijn en irritatie naar moeiteloos comfort.,Opluchting en vertrouwen in een pijnvrije scheerervaring.,📱 UGC Talking Head Testimonial,🎬 Video,Heb jij ook last van dikke haren die vastlopen bij het scheren?,Meta,NL & BE,Luca,2025-10-07,33.38,,0.2351,0.0438,0.0191,12.5,0.88,,0.075,11.13,48.46,4.36,1.9,2.38,,Iterate,,,https://drive.google.com/drive/folders/1q_A-Ht1fUr4RxqDwvTQjwUwLq20NjcnB?usp=drive_link
151,051-3,Groom Guard,2. Problem Aware,Negative / Pain Agitation,Van pijn en irritatie naar moeiteloos comfort.,Opluchting en vertrouwen in een pijnvrije scheerervaring.,📱 UGC Talking Head Testimonial,🎬 Video,Als jij daar beneden wel eens wondjes krijgt na het scheren. Let dan even op!,Meta,NL & BE,Luca,2025-10-07,33.38,,0.2351,0.0438,0.0191,12.5,0.88,,0.075,11.13,48.46,4.36,1.9,2.38,,Iterate,,,https://drive.google.com/drive/folders/1q_A-Ht1fUr4RxqDwvTQjwUwLq20NjcnB?usp=drive_link
152,051-4,Groom Guard,2. Problem Aware,Negative / Pain Agitation,Van pijn en irritatie naar moeiteloos comfort.,Opluchting en vertrouwen in een pijnvrije scheerervaring.,📱 UGC Talking Head Testimonial,🎬 Video,"Begint het bij jou beneden ook altijd te jeuken na het scheren, let dan even op!",Meta,NL & BE,Luca,2025-10-07,33.38,,0.2351,0.0438,0.0191,12.5,0.88,,0.075,11.13,48.46,4.36,1.9,2.38,,Iterate,,,https://drive.google.com/drive/folders/1q_A-Ht1fUr4RxqDwvTQjwUwLq20NjcnB?usp=drive_link
153,052-1,Groom Guard,3. Solution Aware,Benefits-Driven,Van pijn en irritatie naar moeiteloos comfort.,Opluchting en vertrouwen in een pijnvrije scheerervaring.,📱 UGC Talking Head Testimonial,🎬 Video,Snij je jezelf ook elke keer bij het trimmen?,Meta,NL & BE,Luca,2025-10-07,470.83,,0.3331,0.061,0.0115,5.53,0.66,,0.0326,19.62,53.52,2.73,1.9,2.38,,Winner,,,https://drive.google.com/drive/folders/1KmTPg-tgIseca3-dnXa1zkCiwff9zJOg?usp=drive_link
154,052-2,Groom Guard,3. Solution Aware,Benefits-Driven,Van pijn en irritatie naar moeiteloos comfort.,Opluchting en vertrouwen in een pijnvrije scheerervaring.,📱 UGC Talking Head Testimonial,🎬 Video,Heb jij ook last van dikke haren die vastlopen bij het scheren?,Meta,NL & BE,Luca,2025-10-07,472.79,,0.333,0.061,0.0116,5.54,0.66,,0.0324,19.7,53.52,2.72,1.9,2.38,,Winner,,,https://drive.google.com/drive/folders/1KmTPg-tgIseca3-dnXa1zkCiwff9zJOg?usp=drive_link
155,052-3,Groom Guard,3. Solution Aware,Benefits-Driven,Van pijn en irritatie naar moeiteloos comfort.,Opluchting en vertrouwen in een pijnvrije scheerervaring.,📱 UGC Talking Head Testimonial,🎬 Video,Als jij daar beneden wel eens wondjes krijgt na het scheren. Let dan even op!,Meta,NL & BE,Luca,2025-10-07,472.79,,0.333,0.061,0.0116,5.54,0.66,,0.0324,19.7,53.52,2.72,1.9,2.38,,Winner,,,https://drive.google.com/drive/folders/1KmTPg-tgIseca3-dnXa1zkCiwff9zJOg?usp=drive_link
156,052-4,Groom Guard,3. Solution Aware,Benefits-Driven,Van pijn en irritatie naar moeiteloos comfort.,Opluchting en vertrouwen in een pijnvrije scheerervaring.,📱 UGC Talking Head Testimonial,🎬 Video,"Begint het bij jou beneden ook altijd te jeuken na het scheren, let dan even op!",Meta,NL & BE,Luca,2025-10-07,0.0,,0.0,0.0,0.0,0.0,0.0,,0.0,0.0,0.0,0.0,1.9,2.38,,Killed,,,https://drive.google.com/drive/folders/1KmTPg-tgIseca3-dnXa1zkCiwff9zJOg?usp=drive_link
157,053-1,Groom Guard,3. Solution Aware,Benefits-Driven,Slimmer scheren met zicht en controle.,Zelfverzekerdheid en gemak tijdens het scheren.,📱 UGC Talking Head Testimonial,🎬 Video,"De donkere dagen komen eraan, dus je hebt licht nodig om je daarbeneden te scheren",Meta,NL & BE,Luca,2025-10-14,2.6,,0.2113,0.2143,0.0,9.81,0.0,,0.0,0.0,0.0,0.0,1.9,2.38,,Killed,,,https://drive.google.com/drive/folders/1d0HGXAqoICOUIxEiaqnHKCArjlroFWEQ?usp=drive_link
158,053-2,Groom Guard,3. Solution Aware,Benefits-Driven,Slimmer scheren met zicht en controle.,Zelfverzekerdheid en gemak tijdens het scheren.,📱 UGC Talking Head Testimonial,🎬 Video,Zit er geeneens een LED licht op je scheerapparaat?,Meta,NL & BE,Luca,2025-10-14,12.07,,0.2543,0.2189,0.0096,11.58,1.21,,0.0,0.0,0.0,0.0,1.9,2.38,,Killed,,,https://drive.google.com/drive/folders/1d0HGXAqoICOUIxEiaqnHKCArjlroFWEQ?usp=drive_link
159,053-3,Groom Guard,3. Solution Aware,Benefits-Driven,Slimmer scheren met zicht en controle.,Zelfverzekerdheid en gemak tijdens het scheren.,📱 UGC Talking Head Testimonial,🎬 Video,Kan jij het ook altijd zo slecht zien als je daar beneden gaat scheren?,Meta,NL & BE,Luca,2025-10-14,8.03,,0.2741,0.1723,0.0077,12.3,1.61,,0.0,0.0,0.0,0.0,1.9,2.38,,Killed,,,https://drive.google.com/drive/folders/1d0HGXAqoICOUIxEiaqnHKCArjlroFWEQ?usp=drive_link
160,054-1,Scheerapparaat Elite,2. Problem Aware,Negative / Pain Agitation,Effortless grooming voor een strakkere look.,Verlangen naar zelfvertrouwen en aantrekkingskracht.,📱 UGC Talking Head Testimonial,🎬 Video,Dit is misschien wel dé makkelijkste manier om een strakkere kaaklijn te krijgen.,Meta,NL & BE,Geen specifieke customer Persona (omdat deze nog niet ready zijn),2025-10-14,10.53,,0.1724,0.1921,0.0046,12.02,2.63,,0.0,0.0,0.0,0.0,1.84,2.46,,Killed,,,https://drive.google.com/drive/folders/1mcT7HQamAp37qg2dZ6Z0gTTpaJ8POjLJ?usp=drive_link
161,054-2,Scheerapparaat Elite,2. Problem Aware,Negative / Pain Agitation,Effortless grooming voor een strakkere look.,Verlangen naar zelfvertrouwen en aantrekkingskracht.,📱 UGC Talking Head Testimonial,🎬 Video,Dit is misschien wel dé makkelijkste manier om een strakkere kaaklijn te krijgen.,Meta,NL & BE,Geen specifieke customer Persona (omdat deze nog niet ready zijn),2025-10-14,7.13,,0.2162,0.1565,0.0015,10.49,7.13,,0.0,0.0,0.0,0.0,1.84,2.46,,Killed,,,https://drive.google.com/drive/folders/1mcT7HQamAp37qg2dZ6Z0gTTpaJ8POjLJ?usp=drive_link
162,054-3,Scheerapparaat Elite,2. Problem Aware,Negative / Pain Agitation,Effortless grooming voor een strakkere look.,Verlangen naar zelfvertrouwen en aantrekkingskracht.,📱 UGC Talking Head Testimonial,🎬 Video,"Als je zonder moeite een strakkere kaaklijn wilt, let dan even op.",Meta,NL & BE,Geen specifieke customer Persona (omdat deze nog niet ready zijn),2025-10-14,5.63,,0.2593,0.1622,0.014,13.15,0.94,,0.0,0.0,0.0,0.0,1.84,2.46,,Killed,,,https://drive.google.com/drive/folders/1mcT7HQamAp37qg2dZ6Z0gTTpaJ8POjLJ?usp=drive_link
163,055-1,Groom Guard,2. Problem Aware,Problem-Solution,"Geen jeuk, geen schaamte — gewoon comfort.",Opluchting en zelfvertrouwen in intieme verzorging.,📱 UGC Talking Head Testimonial,🎬 Video,Krijg jij ook altijd jeuk als je je ballen scheert?,Meta,NL & BE,Luca,2025-11-05,10.58,,0.139,0.2875,0.0104,9.19,0.88,,0.833,10.58,49.95,4.72,1.9,2.38,,Iterate,,,https://drive.google.com/drive/folders/177UYd7E6a9_sxluVD-YNh0ClNLtd24Is?usp=drive_link
164,055-2,Groom Guard,2. Problem Aware,Problem-Solution,"Geen jeuk, geen schaamte — gewoon comfort.",Opluchting en zelfvertrouwen in intieme verzorging.,📱 UGC Talking Head Testimonial,🎬 Video,"Als je jeuk hebt aan je ballen na het scheren, let dan even op.",Meta,NL & BE,Luca,2025-11-05,4.72,,0.1699,0.3402,0.007,8.27,1.18,,0.0,0.0,0.0,0.0,1.9,2.38,,Killed,,,https://drive.google.com/drive/folders/177UYd7E6a9_sxluVD-YNh0ClNLtd24Is?usp=drive_link
165,055-3,Groom Guard,2. Problem Aware,Problem-Solution,"Geen jeuk, geen schaamte — gewoon comfort.",Opluchting en zelfvertrouwen in intieme verzorging.,📱 UGC Talking Head Testimonial,🎬 Video,"Mannen, zo kom je af van jeuk aan je ballen.",Meta,NL & BE,Luca,2025-11-05,131.22,,0.278,0.3147,0.0067,5.65,0.85,,0.258,32.81,53.7,1.64,1.9,2.38,,Killed,,,https://drive.google.com/drive/folders/177UYd7E6a9_sxluVD-YNh0ClNLtd24Is?usp=drive_link
166,056-1,Groom Guard,5. Most Aware,FOMO / Scarcity,Van frustratie naar effortless grooming,"Verlangen naar controle, comfort en zekerheid.",🖼️ Static ad,🖼️ Static ad,Zonder Wellshave: Oude apparaten die goedkoop aanvoelen & Sneetjes op gevoelige plekken. Met Wellshave: Slimmer grooming & Huidvriendelijk trimmen overal,Meta,NL & BE,Jasper,2025-11-07,0.43,,0.0,0.0,0.0,9.56,0.0,,0.0,0.0,0.0,0.0,1.9,2.38,,Killed,,,https://drive.google.com/drive/folders/1NvWoC1JerY9-73hsq1M7fzRRR2xUrWc-?usp=drive_link
167,056-2,Groom Guard,5. Most Aware,FOMO / Scarcity,Van frustratie naar effortless grooming,"Verlangen naar controle, comfort en zekerheid.",🖼️ Static ad,🖼️ Static ad,"Zonder Wellshave: Geen korting, meer betalen - Meer stress, minder comfort - Actie gemist. Met Wellshave: 25% korting - Glad resultaat - Snelle levering",Meta,NL & BE,Jasper,2025-11-07,0.0,,0.0,0.0,0.0,0.0,0.0,,0.0,0.0,0.0,0.0,1.9,2.38,,Killed,,,https://drive.google.com/drive/folders/1NvWoC1JerY9-73hsq1M7fzRRR2xUrWc-?usp=drive_link
168,056-3,Groom Guard,5. Most Aware,FOMO / Scarcity,Van frustratie naar effortless grooming,"Verlangen naar controle, comfort en zekerheid.",🖼️ Static ad,🖼️ Static ad,Zonder Wellshave: Geen bescherming - Sneetjes en roodheid - Tijdverspilling. Met Wellshave: Huidvriendelijke trimmen - Stressvrije routine - Volledige controle,Meta,NL & BE,Jasper,2025-11-07,0.65,,0.0,0.0,0.027,17.57,0.65,,10.0,0.65,59.95,92.23,1.9,2.38,,Killed,,,https://drive.google.com/drive/folders/1NvWoC1JerY9-73hsq1M7fzRRR2xUrWc-?usp=drive_link
169,056-4,Groom Guard,5. Most Aware,FOMO / Scarcity,Van frustratie naar effortless grooming,"Verlangen naar controle, comfort en zekerheid.",🖼️ Static ad,🖼️ Static ad,Zonder Wellshave: Geen vertrouwen - Onzeker voor de spiegel - Geen comfort. Met Wellshave: Glad resultaat - Dagelijks gemak - Bevestigd met 4.6/5 sterren,Meta,NL & BE,Jasper,2025-11-07,2.93,,0.0,0.0,0.0073,10.65,1.47,,0.0,0.0,0.0,0.0,1.9,2.38,,Killed,,,https://drive.google.com/drive/folders/1NvWoC1JerY9-73hsq1M7fzRRR2xUrWc-?usp=drive_link
170,057-1,Groom Guard,5. Most Aware,FOMO / Scarcity,"Luxe comfort, tijdelijk voordelig.","Verlangen naar een glad, verzorgd en zelfverzekerd gevoel.",🖼️ Static ad,🖼️ Static ad,Onberispelijk gevoel,Meta,NL & BE,Jasper,2025-11-07,0.76,,0.0,0.0,0.0541,10.27,0.19,,0.0,0.0,0.0,0.0,1.9,2.38,,Killed,,,https://drive.google.com/drive/folders/126nlATNnAM5WfNAF0NRt_nO0yOyNSy0y?usp=drive_link
171,057-2,Groom Guard,5. Most Aware,FOMO / Scarcity,"Luxe comfort, tijdelijk voordelig.","Verlangen naar een glad, verzorgd en zelfverzekerd gevoel.",🖼️ Static ad,🖼️ Static ad,25 korting - Nog een aantal dagen,Meta,NL & BE,Jasper,2025-11-07,0.0,,0.0,0.0,0.0,0.0,0.0,,0.0,0.0,0.0,0.0,1.9,2.38,,Killed,,,https://drive.google.com/drive/folders/126nlATNnAM5WfNAF0NRt_nO0yOyNSy0y?usp=drive_link
172,057-3,Groom Guard,5. Most Aware,FOMO / Scarcity,"Luxe comfort, tijdelijk voordelig.","Verlangen naar een glad, verzorgd en zelfverzekerd gevoel.",🖼️ Static ad,🖼️ Static ad,Voorkom sneetjes,Meta,NL & BE,Jasper,2025-11-07,2.1,,0.0,0.0,0.0287,8.61,0.3,,0.0,0.0,0.0,0.0,1.9,2.38,,Killed,,,https://drive.google.com/drive/folders/126nlATNnAM5WfNAF0NRt_nO0yOyNSy0y?usp=drive_link
173,057-4,Groom Guard,5. Most Aware,FOMO / Scarcity,"Luxe comfort, tijdelijk voordelig.","Verlangen naar een glad, verzorgd en zelfverzekerd gevoel.",🖼️ Static ad,🖼️ Static ad,Krijg een glad gevoel,Meta,NL & BE,Jasper,2025-11-07,25.82,,0.0,0.0,0.0088,7.23,0.83,,0.0,0.0,0.0,0.0,1.9,2.38,,Killed,,,https://drive.google.com/drive/folders/126nlATNnAM5WfNAF0NRt_nO0yOyNSy0y?usp=drive_link
174,058-1,Groom Guard,2. Problem Aware,Problem-Solution,"Dagelijks glad, zonder irritatie — nu met voordeel.","Verlangen naar rust, comfort en zelfvertrouwen.",🖼️ Static ad,🖼️ Static ad,"Gladde resultaten, zonder irritatie",Meta,NL & BE,Luca,2025-12-24,83.82,,0.0,0.0,0.007,6.7,0.96,,0.344,27.94,54.95,1.97,1.9,2.38,,Iterate,,,https://drive.google.com/drive/folders/10LIYTKBIxU4AJlWOvVJmMX49TyvkUwrf?usp=drive_link
175,058-2,Groom Guard,2. Problem Aware,Problem-Solution,"Dagelijks glad, zonder irritatie — nu met voordeel.","Verlangen naar rust, comfort en zelfvertrouwen.",🖼️ Static ad,🖼️ Static ad,Laatste kans! 25% korting,Meta,NL & BE,Luca,2025-12-25,41.57,,0.0,0.0,0.008,6.75,0.85,,0.204,41.57,56.61,1.36,1.9,2.38,,Killed,,,https://drive.google.com/drive/folders/10LIYTKBIxU4AJlWOvVJmMX49TyvkUwrf?usp=drive_link
176,058-3,Groom Guard,2. Problem Aware,Problem-Solution,"Dagelijks glad, zonder irritatie — nu met voordeel.","Verlangen naar rust, comfort en zelfvertrouwen.",🖼️ Static ad,🖼️ Static ad,Nog steeds last van roodheid?,Meta,NL & BE,Luca,2025-12-26,394.02,,0.0,0.0,0.0085,6.72,0.78,,0.361,21.89,53.12,2.43,1.9,2.38,,Winner,,,https://drive.google.com/drive/folders/10LIYTKBIxU4AJlWOvVJmMX49TyvkUwrf?usp=drive_link
177,058-4,Groom Guard,2. Problem Aware,Problem-Solution,"Dagelijks glad, zonder irritatie — nu met voordeel.","Verlangen naar rust, comfort en zelfvertrouwen.",🖼️ Static ad,🖼️ Static ad,"Krijg gladde resultaten, elke dag!",Meta,NL & BE,Luca,2025-12-27,146.66,,0.0,0.0,0.0085,7.17,0.85,,0.346,24.44,59.98,2.45,1.9,2.38,,Winner,,,https://drive.google.com/drive/folders/10LIYTKBIxU4AJlWOvVJmMX49TyvkUwrf?usp=drive_link
178,059-1,Groom Guard,3. Solution Aware,Benefits-Driven,"Angle: Veilig trimmen zonder sneetjes
Sub angle: Waterproof Gemak","Vertrouwen en zorgeloosheid.
De gebruiker wil zich veilig, comfortabel en zelfverzekerd voelen tijdens het trimmen. Geen angst meer voor pijn of ongemak — enkel een vlotte, prettige ervaring die rust en tevredenheid geeft.",🖼️ Static ad,🖼️ Static ad,Geen sneetjes of irritaties ook in gevoelige zones,Meta,NL & BE,Alex,2025-10-21,,,,,,,,,,,,,1.9,2.38,,Iterate,,"Getest, resultaat TBD.",https://drive.google.com/drive/folders/1cS7hk7w-sUMgbcaLInQJ72UdPZc5BlFt?usp=drive_link
179,059-2,Groom Guard,3. Solution Aware,Benefits-Driven,"Angle: Veilig trimmen zonder sneetjes
Sub angle: Waterproof Gemak","Vertrouwen en zorgeloosheid.
De gebruiker wil zich veilig, comfortabel en zelfverzekerd voelen tijdens het trimmen. Geen angst meer voor pijn of ongemak — enkel een vlotte, prettige ervaring die rust en tevredenheid geeft.",🖼️ Static ad,🖼️ Static ad,Veilig trimmen zonder trekkerig gevoel,Meta,NL & BE,Alex,2025-10-21,,,,,,,,,,,,,1.9,2.38,,Iterate,,"Getest, resultaat TBD.",https://drive.google.com/drive/folders/1cS7hk7w-sUMgbcaLInQJ72UdPZc5BlFt?usp=drive_link
180,060-1,Groom Guard,1. Unaware,Social Proof / Reviews,"Angle: All-in-one versatility. Precisie & veelzijdigheid - 4 opzetstukken
Sub angle: Snel wisselen/gebruiksgemak (minder gedoe, minder tools). zonder irritatie.","het gevoel van strak, veilig en efficiënt groomen zonder irritatie.",🖼️ Static ad,🖼️ Static ad,"De 4 opzetstukken geven je exacte lengtecontrole. In combinatie met SkinSafe en LED-trim je strak, veilig en zonder irritatie",Meta,NL & BE,Mark,2025-10-21,88.25,,0.0,0.0,0.0088,10.03,1.15,,0.0,0.0,0.0,0.0,1.9,2.38,,Killed,,,https://drive.google.com/drive/folders/1EHzmJvgy4dBeVfvNtmqBGSxwtWZ6l0wj?usp=drive_link
181,060-2,Groom Guard,1. Unaware,Social Proof / Reviews,"Angle: All-in-one versatility. Precisie & veelzijdigheid - 4 opzetstukken
Sub angle: Snel wisselen/gebruiksgemak (minder gedoe, minder tools). zonder irritatie.","het gevoel van strak, veilig en efficiënt groomen zonder irritatie.",🖼️ Static ad,🖼️ Static ad,"Ik wissel nu razendsnel tussen zones met de 4 opzestukken krachtige motor, geen trekken, hoog tempo",Meta,NL & BE,Mark,2025-10-21,16.99,,0.0,0.0,0.0066,12.47,1.89,,0.0,0.0,0.0,0.0,1.9,2.38,,Killed,,,https://drive.google.com/drive/folders/1EHzmJvgy4dBeVfvNtmqBGSxwtWZ6l0wj?usp=drive_link
182,061-1,Groom Guard,1. Unaware,Social Proof / Reviews,Verzorgd is aantrekkelijk.,Verlangen naar zelfvertrouwen en aantrekkingskracht.,📱 UGC Talking Head Testimonial,🎬 Video,"Denk je dat vrouwen die jungle daar beneden leuk vinden? Nou, echt niet.",Meta,NL & BE,Jasper,2025-10-14,12.29,,0.298,0.1211,0.0131,9.44,0.72,,0.0,0.0,0.0,0.0,1.9,2.38,,Killed,,,https://drive.google.com/drive/folders/1yUHqeAFGeWKzUdDE8-XP1Uf7dRnvOyOv?usp=drive_link
183,061-2,Groom Guard,1. Unaware,Social Proof / Reviews,Verzorgd is aantrekkelijk.,Verlangen naar zelfvertrouwen en aantrekkingskracht.,📱 UGC Talking Head Testimonial,🎬 Video,"Maar 40% van de mannen scheert zich daar beneden. En geloof me, dat is veel te weinig",Meta,NL & BE,Jasper,2025-10-14,0.6,,0.25,0.5,0.0357,10.71,0.3,,0.0,0.0,0.0,0.0,1.9,2.38,,Killed,,,https://drive.google.com/drive/folders/1yUHqeAFGeWKzUdDE8-XP1Uf7dRnvOyOv?usp=drive_link
184,061-3,Groom Guard,1. Unaware,Social Proof / Reviews,Verzorgd is aantrekkelijk.,Verlangen naar zelfvertrouwen en aantrekkingskracht.,📱 UGC Talking Head Testimonial,🎬 Video,"Mannen, veel schaamhaar is gewoon onaantrekkelijk.",Meta,NL & BE,Jasper,2025-10-14,567.29,,0.4508,0.2759,0.0112,6.01,0.54,,0.311,17.19,50.42,2.93,1.9,2.38,,Winner,,,https://drive.google.com/drive/folders/1yUHqeAFGeWKzUdDE8-XP1Uf7dRnvOyOv?usp=drive_link
185,062-1,Groom Guard,5. Most Aware,Bundle Offer,Verzorgd is aantrekkelijk.,Verlangen naar zelfvertrouwen en aantrekkingskracht.,📱 UGC Talking Head Testimonial,🎬 Video,"Maar 40% van de mannen scheert zich daar beneden. En geloof me, dat is veel te weinig",Meta,NL & BE,Jasper & Daan,2025-12-24,0.06,,0.1538,0.0,0.0,4.62,0.0,,0.0,0.0,0.0,0.0,1.9,2.38,,Killed,,,https://drive.google.com/drive/folders/1aoybnGgVzCsFBtGJRa4I6Wbpb7RayY05?usp=drive_link
186,062-2,Groom Guard,5. Most Aware,Bundle Offer,Verzorgd is aantrekkelijk.,Verlangen naar zelfvertrouwen en aantrekkingskracht.,📱 UGC Talking Head Testimonial,🎬 Video,"Mannen, veel schaamhaar is gewoon onaantrekkelijk.",Meta,NL & BE,Jasper & Daan,2025-12-24,22.14,,0.286,0.168,0.0119,10.15,0.85,,0.384,22.14,49.95,2.26,1.9,2.38,,Iterate,,,https://drive.google.com/drive/folders/1aoybnGgVzCsFBtGJRa4I6Wbpb7RayY05?usp=drive_link
187,062-3,Groom Guard,5. Most Aware,Bundle Offer,Verzorgd is aantrekkelijk.,Verlangen naar zelfvertrouwen en aantrekkingskracht.,📱 UGC Talking Head Testimonial,🎬 Video,"Denk je dat vrouwen die jungle daar beneden leuk vinden? Nou, echt niet.",Meta,NL & BE,Jasper & Daan,2025-12-24,3.99,,0.3504,0.2231,0.0108,10.75,1.0,,0.0,0.0,0.0,0.0,1.9,2.38,,Killed,,,https://drive.google.com/drive/folders/1aoybnGgVzCsFBtGJRa4I6Wbpb7RayY05?usp=drive_link
188,063-1,Groom Guard,2. Problem Aware,Authority / Expert,Het ultieme cadeau voor verzorgde aantrekkelijkheid.,"Verlangen naar trots, plezier en aantrekkingskracht in de relatie.",📱 UGC Talking Head Testimonial,🎬 Video,"Dames, dit is het beste cadeau voor je vriend tijdens de donkere dagen",Meta,NL & BE,Jasper & Daan,2025-10-14,8.83,,0.2538,0.2335,0.0091,13.42,1.47,,0.0,0.0,0.0,0.0,1.9,2.38,,Killed,,,https://drive.google.com/drive/folders/1dXBU9ybIvVO5qQE7dbd8umOWkysKrVY2?usp=drive_link
189,063-2,Groom Guard,2. Problem Aware,Authority / Expert,Het ultieme cadeau voor verzorgde aantrekkelijkheid.,"Verlangen naar trots, plezier en aantrekkingskracht in de relatie.",📱 UGC Talking Head Testimonial,🎬 Video,Laten we eerlijk zijn: mannen verzorgen zich niet altijd even goed… zeker daar beneden.,Meta,NL & BE,Jasper & Daan,2025-10-14,2.9,,0.4175,0.284,0.0103,14.95,1.45,,0.0,0.0,0.0,0.0,1.9,2.38,,Killed,,,https://drive.google.com/drive/folders/1dXBU9ybIvVO5qQE7dbd8umOWkysKrVY2?usp=drive_link
190,063-3,Groom Guard,2. Problem Aware,Authority / Expert,Het ultieme cadeau voor verzorgde aantrekkelijkheid.,"Verlangen naar trots, plezier en aantrekkingskracht in de relatie.",📱 UGC Talking Head Testimonial,🎬 Video,Wil je dat je vriend er daar beneden ook verzorgd uitziet? Dan moet je dit zien.,Meta,NL & BE,Jasper & Daan,2025-10-14,11.79,,0.3668,0.2248,0.0077,10.13,1.31,,0.0,0.0,0.0,0.0,1.9,2.38,,Killed,,,https://drive.google.com/drive/folders/1dXBU9ybIvVO5qQE7dbd8umOWkysKrVY2?usp=drive_link
191,064-1,Groom Guard,2. Problem Aware,Storytelling / Narrative,"Ervaring die tot de oplossing leidde — slimmer, veiliger en eerlijker.",Opluchting en vertrouwen door herkenning en resultaat.,👤 Founder Story / Origin Video,🎬 Video,Snij jij jezelf ook iedere keer als je daar beneden trimt?,Meta,NL & BE,Luca,2025-10-20,100.99,,0.1968,0.9524,0.0086,8.13,0.95,,0.095,100.99,44.52,0.45,1.9,2.38,,Killed,,,https://drive.google.com/drive/folders/1h6nXZJ6E4J--DXaKpr9kJj1f3onVXFin?usp=drive_link
192,064-2,Groom Guard,2. Problem Aware,Storytelling / Narrative,"Ervaring die tot de oplossing leidde — slimmer, veiliger en eerlijker.",Opluchting en vertrouwen door herkenning en resultaat.,👤 Founder Story / Origin Video,🎬 Video,Heb jij ook last van jeuk na het scheren?,Meta,NL & BE,Luca,2025-10-20,0.42,,0.1029,0.5714,0.0147,6.03,0.42,,0.0,0.0,0.0,0.0,1.9,2.38,,Killed,,,https://drive.google.com/drive/folders/1h6nXZJ6E4J--DXaKpr9kJj1f3onVXFin?usp=drive_link
193,064-3,Groom Guard,2. Problem Aware,Storytelling / Narrative,"Ervaring die tot de oplossing leidde — slimmer, veiliger en eerlijker.",Opluchting en vertrouwen door herkenning en resultaat.,👤 Founder Story / Origin Video,🎬 Video,Word jij helemaal gek van dikke haren die vastlopen tijdens het trimmen?,Meta,NL & BE,Luca,2025-10-20,124.45,,0.3,0.2425,0.0102,7.16,0.7,,0.112,62.22,56.94,0.93,1.9,2.38,,Killed,,,https://drive.google.com/drive/folders/1h6nXZJ6E4J--DXaKpr9kJj1f3onVXFin?usp=drive_link
194,065-1,Groom Guard,3. Solution Aware,Benefits-Driven,"Echte oplossing van een echte gebruiker — veilig, sterk en eerlijk geprijsd.","Opluchting en vertrouwen in een pijnvrije, zorgeloze scheerervaring.",👤 Founder Story / Origin Video,🎬 Video,Snij jij jezelf ook iedere keer als je daar beneden trimt?,Meta,NL & BE,Luca,2025-12-24,0.31,,0.39,0.125,0.0244,7.56,0.31,,0.0,0.0,0.0,0.0,1.9,2.38,,Killed,,,https://drive.google.com/drive/folders/1qv_MBA7OrQFyu3-L147TKn5Q9runn1ge?usp=drive_link
195,065-2,Groom Guard,3. Solution Aware,Benefits-Driven,"Echte oplossing van een echte gebruiker — veilig, sterk en eerlijk geprijsd.","Opluchting en vertrouwen in een pijnvrije, zorgeloze scheerervaring.",👤 Founder Story / Origin Video,🎬 Video,Heb jij ook last van jeuk na het scheren?,Meta,NL & BE,Luca,2025-12-24,0.0,,0.0,0.0,0.0,0.0,0.0,,0.0,0.0,0.0,0.0,1.9,2.38,,Killed,,,https://drive.google.com/drive/folders/1qv_MBA7OrQFyu3-L147TKn5Q9runn1ge?usp=drive_link
196,065-3,Groom Guard,3. Solution Aware,Benefits-Driven,"Echte oplossing van een echte gebruiker — veilig, sterk en eerlijk geprijsd.","Opluchting en vertrouwen in een pijnvrije, zorgeloze scheerervaring.",👤 Founder Story / Origin Video,🎬 Video,Word jij helemaal gek van dikke haren die vastlopen tijdens het trimmen?,Meta,NL & BE,Luca,2025-12-24,0.92,,0.4,0.2292,0.0,7.67,0.0,,0.0,0.0,0.0,0.0,1.9,2.38,,Killed,,,https://drive.google.com/drive/folders/1qv_MBA7OrQFyu3-L147TKn5Q9runn1ge?usp=drive_link
197,066-1,Groom Guard,2. Problem Aware,Problem-Solution,"Angle: All-in-one gemak & vervanging. één krachtige trimmer vervangt een lade vol tools
Sub angle: Betrouwbaarheid/duurzaamheid",Eindelijk een fijne all-in-one tool die niet meer trekt,🖼️ Static ad,🖼️ Static ad,Een trimmer. Alles strak. Vervangt je hele lade aan tools. Met een krachtige all-in-one,Meta,NL & BE,Mark,2025-12-24,197.01,,0.0,0.0,0.0111,10.49,0.94,,0.239,39.4,51.95,1.32,1.9,2.38,,Killed,,,https://drive.google.com/drive/folders/1YpMogfveRyTJX0IZjLDuWDb_2trsp5W5?usp=drive_link
198,066-2,Groom Guard,2. Problem Aware,Problem-Solution,"Angle: Power/superioriteit op dik haar → zonder trekken, gelijkmatige finish.
Sub angle: Comfort zonder irritaties",Eindelijk een fijne all-in-one tool die niet meer trekt,🖼️ Static ad,🖼️ Static ad,"Krachtig voor elke haarsoort. Door dik haar, zonder trekken, met een gelijkmatige finish",Meta,NL & BE,Alex,2025-12-24,62.35,,0.0,0.0,0.0104,9.68,0.93,,0.149,62.35,49.95,0.8,1.9,2.38,,Killed,,,https://drive.google.com/drive/folders/1YpMogfveRyTJX0IZjLDuWDb_2trsp5W5?usp=drive_link
199,067-1,Groom Guard,2. Problem Aware,Authority / Expert,"Angle: Empathie + huidvriendelijke oplossing
Sub angle: Geen branderigheid meer na het scheren",Eindelijk een huidvriendelijke oplossing,🖼️ Static ad,🖼️ Static ad,"Weg met roodheid, herstdeal, 25% korting bestel vandaag nog",Meta,NL & BE,Sophie,2025-12-24,1.67,,0.0,0.0,0.0,12.1,0.0,,0.0,0.0,0.0,0.0,1.9,2.38,,Killed,,,https://drive.google.com/drive/folders/1jIa-8WXQejG0PqOnb6jdqmb86Ue-e-Cm?usp=drive_link
200,067-2,Groom Guard,2. Problem Aware,Authority / Expert,"Angle: Empathie + huidvriendelijke oplossing
Sub angle: Geen branderigheid meer na het scheren",Eindelijk een huidvriendelijke oplossing,🖼️ Static ad,🖼️ Static ad,"Pak -25% + Gratis SkinSafe mesje (waarde 14,95)",Meta,NL & BE,Sophie,2025-12-24,44.78,,0.0,0.0,0.0144,8.58,0.6,,1.3333,44.78,69.95,1.56,1.9,2.38,,Killed,,,https://drive.google.com/drive/folders/1jIa-8WXQejG0PqOnb6jdqmb86Ue-e-Cm?usp=drive_link
201,068-1,All products/ scheerapparaat Elite,3. Solution Aware,Benefits-Driven,"Van probleem naar proof.
We laten zien dat Wellshave is ontstaan uit een échte frustratie (wondjes, slechte scheerervaring) en dat dit probleem is omgezet in succes én geloofwaardigheid — bevestigd door landelijke media.","Emotie: Erkenning en trots — van irritatie naar inspiratie.
Desire: Zich identificeren met een merk dat problemen écht begrijpt én oplost; zelf die transformatie willen ervaren.",🖼️ Static ad,🖼️ Static ad,Krantenkoppen van verschillende artikels in de krant,Meta,NL & BE,Mark,2025-12-24,98.46,,0.0,0.0,0.012,6.39,0.53,,2.1622,24.62,64.69,2.63,1.84,2.46,,Winner,,,https://drive.google.com/drive/folders/1cg81SCUsDK-Em6Z-_HdNMyLT-FHv14-d?usp=drive_link
202,068-2,All products/ scheerapparaat Elite,3. Solution Aware,Benefits-Driven,"Van probleem naar proof.
We laten zien dat Wellshave is ontstaan uit een échte frustratie (wondjes, slechte scheerervaring) en dat dit probleem is omgezet in succes én geloofwaardigheid — bevestigd door landelijke media.","Emotie: Erkenning en trots — van irritatie naar inspiratie.
Desire: Zich identificeren met een merk dat problemen écht begrijpt én oplost; zelf die transformatie willen ervaren.",🖼️ Static ad,🖼️ Static ad,Na iedere scheerbeurt wondjes kan dat niet anders? Vroeg Dustin zich af & Krantenkoppen van verschillende artikels in de krant,Meta,NL & BE,Mark,2025-12-24,1.92,,0.0,0.0,0.0068,6.53,0.96,,0.0,0.0,0.0,0.0,1.84,2.46,,Killed,,,https://drive.google.com/drive/folders/1cg81SCUsDK-Em6Z-_HdNMyLT-FHv14-d?usp=drive_link
203,069-1,Tondeuse Elegant (K81S),3. Solution Aware,Social Proof / Reviews,"Pro-resultaat thuis
Sub-Angle: Fade-controle, Lever lock, low vibration",Professionele barbershop performance thuis,🖼️ Static ad,🖼️ Static ad,Dit voelt alsof mijn barber het gedaan heeft,Meta,NL & BE,Jordy,2025-12-24,0.63,,0.0,0.0,0.0,7.78,0.0,,0.0,0.0,0.0,0.0,2.23,2.98,,Killed,,,https://drive.google.com/drive/folders/1V9XgL7rEnoz6PSmmoR0XSMuoyYmDQN40?usp=drive_link
204,069-2,Tondeuse Elegant (K81S),3. Solution Aware,Social Proof / Reviews,"Pro-resultaat thuis
Sub-Angle: Fade-controle, Lever lock, low vibration",Professionele barbershop performance thuis,🖼️ Static ad,🖼️ Static ad,"Een barber strakke look, maar dan gewoon thuis",Meta,NL & BE,Jordy,2025-12-24,0.88,,0.0,0.0,0.0,7.46,0.0,,0.0,0.0,0.0,0.0,2.23,2.98,,Killed,,,https://drive.google.com/drive/folders/1V9XgL7rEnoz6PSmmoR0XSMuoyYmDQN40?usp=drive_link
205,070-1,Tondeuse Elegant (K81S),2. Problem Aware,Transformation / Before-After,"Degelijkheid + betrouwbaarheid
Sub-Angle: Eindelijk een die werkt",Krachtige tondeuse die jaren mee gaat,🖼️ Static ad,🖼️ Static ad,Thuis knippen? Nu zonder gedoe,Meta,NL & BE,Damian,2025-12-24,3.5,,0.0,0.0,0.008,13.94,1.75,,0.0,0.0,0.0,0.0,2.23,2.98,,Killed,,,https://drive.google.com/drive/folders/1Pqu0kJLPKxzobFiSVZEMp4IcnDYozXcC?usp=drive_link
206,070-2,Tondeuse Elegant (K81S),2. Problem Aware,Transformation / Before-After,"Degelijkheid + betrouwbaarheid
Sub-Angle: Eindelijk een die werkt",Krachtige tondeuse die jaren mee gaat,🖼️ Static ad,🖼️ Static ad,Elke knipbeurt thuis! snel en netjes,Meta,NL & BE,Damian,2025-12-24,0.16,,0.0,0.0,0.0,4.1,0.0,,0.0,0.0,0.0,0.0,2.23,2.98,,Killed,,,https://drive.google.com/drive/folders/1Pqu0kJLPKxzobFiSVZEMp4IcnDYozXcC?usp=drive_link
207,071-1,Scheerapparaat Elite,3. Solution Aware,Social Proof / Reviews,"Van irritatie naar innovatie — glad, veilig en betaalbaar.",Vertrouwen en voldoening door moeiteloos scheren zonder irritatie.,👤 Founder Story / Origin Video,🎬 Video,Snij jij jezelf ook weleens bij het scheren van je gezicht?,Meta,NL & BE,Geen specifieke customer Persona (omdat deze nog niet ready zijn),2025-10-14,17.63,,0.3028,0.2246,0.0086,11.85,1.59,,0.0,0.0,0.0,0.0,1.84,2.46,,Killed,,,https://drive.google.com/drive/folders/1UVMG0dEe8yRrQ1Eo-rd7kzxjxg8Qcxp7?usp=drive_link
208,071-2,Scheerapparaat Elite,3. Solution Aware,Social Proof / Reviews,"Van irritatie naar innovatie — glad, veilig en betaalbaar.",Vertrouwen en voldoening door moeiteloos scheren zonder irritatie.,👤 Founder Story / Origin Video,🎬 Video,Heb jij ook last van wondjes na het scheren?,Meta,NL & BE,Geen specifieke customer Persona (omdat deze nog niet ready zijn),2025-10-14,13.33,,0.3417,0.2613,0.0069,13.65,2.42,,0.0,0.0,0.0,0.0,1.84,2.46,,Killed,,,https://drive.google.com/drive/folders/1UVMG0dEe8yRrQ1Eo-rd7kzxjxg8Qcxp7?usp=drive_link
209,071-3,Scheerapparaat Elite,3. Solution Aware,Social Proof / Reviews,"Van irritatie naar innovatie — glad, veilig en betaalbaar.",Vertrouwen en voldoening door moeiteloos scheren zonder irritatie.,👤 Founder Story / Origin Video,🎬 Video,Word jij gek van een branderig gevoel na je scheerbeurt?,Meta,NL & BE,Geen specifieke customer Persona (omdat deze nog niet ready zijn),2025-10-14,23.33,,0.2893,0.2082,0.015,11.07,0.77,,0.0,0.0,0.0,0.0,1.84,2.46,,Killed,,,https://drive.google.com/drive/folders/1UVMG0dEe8yRrQ1Eo-rd7kzxjxg8Qcxp7?usp=drive_link
210,072-1,Groom Guard,3. Solution Aware,Benefits-Driven,"Bewezen kwaliteit door echte gebruikers — veiligheid, comfort en luxe in één.",Vertrouwen en trots om te kiezen voor een bewezen succes.,📱 UGC Talking Head Testimonial,🎬 Video,Werkt echt super fijn en wondvrij.,Meta,NL & BE,Daan,2025-12-24,0.0,,0.0,0.0,0.0,0.0,0.0,,0.0,0.0,0.0,0.0,1.9,2.38,,Killed,,,https://drive.google.com/drive/folders/1iAOjZAZ5RyJB5EtgsP5eVpF0u3XUlaEK?usp=sharing
211,072-2,Groom Guard,3. Solution Aware,Benefits-Driven,"Bewezen kwaliteit door echte gebruikers — veiligheid, comfort en luxe in één.",Vertrouwen en trots om te kiezen voor een bewezen succes.,📱 UGC Talking Head Testimonial,🎬 Video,Wat een geweldig ding zeg. Skinsafe gaven ze aan en dit klopt!,Meta,NL & BE,Daan,2025-12-24,0.36,,0.1176,0.0,0.0588,21.18,0.36,,0.0,0.0,0.0,0.0,1.9,2.38,,Killed,,,https://drive.google.com/drive/folders/1iAOjZAZ5RyJB5EtgsP5eVpF0u3XUlaEK?usp=sharing
212,072-3,Groom Guard,3. Solution Aware,Benefits-Driven,"Bewezen kwaliteit door echte gebruikers — veiligheid, comfort en luxe in één.",Vertrouwen en trots om te kiezen voor een bewezen succes.,📱 UGC Talking Head Testimonial,🎬 Video,Ben zeer tevreden. Mooi licht aanwezig tijdens het scheren.,Meta,NL & BE,Daan,2025-12-24,0.0,,0.0,0.0,0.0,0.0,0.0,,0.0,0.0,0.0,0.0,1.9,2.38,,Killed,,,https://drive.google.com/drive/folders/1iAOjZAZ5RyJB5EtgsP5eVpF0u3XUlaEK?usp=sharing
213,073-1,Groom Guard,2. Problem Aware,Transformation / Before-After,"Slimmer, veiliger en comfortabeler scheren — zonder irritatie.","Verlangen naar gemak, zekerheid en een probleemloze groomingroutine.",📱 UGC Talking Head Testimonial,🎬 Video,Nooit meer sneetjes daar beneden,Meta,NL & BE,Luca,2025-12-25,0.59,,0.3056,0.0455,0.0,8.19,0.0,,0.0,0.0,0.0,0.0,1.9,2.38,,Killed,,,https://drive.google.com/drive/folders/154W_pcuAktMplurDjXSqKq7WsuQtzd74?usp=sharing
214,073-2,Groom Guard,2. Problem Aware,Transformation / Before-After,"Slimmer, veiliger en comfortabeler scheren — zonder irritatie.","Verlangen naar gemak, zekerheid en een probleemloze groomingroutine.",📱 UGC Talking Head Testimonial,🎬 Video,Binnen 1 minuut scheren onder de douche,Meta,NL & BE,Luca,2025-12-25,0.02,,0.4,0.0,0.0,2.0,0.0,,0.0,0.0,0.0,0.0,1.9,2.38,,Killed,,,https://drive.google.com/drive/folders/154W_pcuAktMplurDjXSqKq7WsuQtzd74?usp=sharing
215,073-3,Groom Guard,2. Problem Aware,Transformation / Before-After,"Slimmer, veiliger en comfortabeler scheren — zonder irritatie.","Verlangen naar gemak, zekerheid en een probleemloze groomingroutine.",📱 UGC Talking Head Testimonial,🎬 Video,Eindelijk scheren zonder jeuk of irritatie,Meta,NL & BE,Luca,2025-12-25,0.0,,0.0,0.0,0.0,0.0,0.0,,0.0,0.0,0.0,0.0,1.9,2.38,,Killed,,,https://drive.google.com/drive/folders/154W_pcuAktMplurDjXSqKq7WsuQtzd74?usp=sharing
216,074-1,Scheerapparaat Elite,5. Most Aware,FOMO / Scarcity,"From Razor Pain → To Electric Gain
Focus: herkenbare frustratie met scheermesjes → directe oplossing met de Wellshave Elite.","Frustratie & irritatie: elke ochtend gezeur met scheerschuim, sneetjes en branderige huid → kost tijd én energie.
Opluchting & gemak: eindelijk een shaver die snel en glad scheert, zonder irritatie of rommel.
Zelfverzekerd & trots: in 2 minuten strak verzorgd de deur uit, met één apparaat dat alles kan (gezicht, lichaam, neus).",📱 UGC Talking Head Testimonial,🎬 Video,"“Glad in 2 minuten, zonder scheerschuim en zonder irritatie.”",Meta,NL & BE,Mark,2025-12-24,0.54,,0.3333,0.2692,0.0256,6.92,0.27,,0.0,0.0,0.0,0.0,1.84,2.46,,Killed,,,https://drive.google.com/drive/folders/1qNJyZvlvJAMlpH5j1uXAOMODjdqjLY5k?usp=drive_link
217,074-2,Scheerapparaat Elite,5. Most Aware,FOMO / Scarcity,"From Razor Pain → To Electric Gain
Focus: herkenbare frustratie met scheermesjes → directe oplossing met de Wellshave Elite.","Frustratie & irritatie: elke ochtend gezeur met scheerschuim, sneetjes en branderige huid → kost tijd én energie.
Opluchting & gemak: eindelijk een shaver die snel en glad scheert, zonder irritatie of rommel.
Zelfverzekerd & trots: in 2 minuten strak verzorgd de deur uit, met één apparaat dat alles kan (gezicht, lichaam, neus).",📱 UGC Talking Head Testimonial,🎬 Video,"“Weg met scheermesjes, hallo gemak.”",Meta,NL & BE,Mark,2025-12-24,0.0,,0.0,0.0,0.0,0.0,0.0,,0.0,0.0,0.0,0.0,1.84,2.46,,Killed,,,https://drive.google.com/drive/folders/1qNJyZvlvJAMlpH5j1uXAOMODjdqjLY5k?usp=drive_link
218,074-3,Scheerapparaat Elite,5. Most Aware,FOMO / Scarcity,"From Razor Pain → To Electric Gain
Focus: herkenbare frustratie met scheermesjes → directe oplossing met de Wellshave Elite.","Frustratie & irritatie: elke ochtend gezeur met scheerschuim, sneetjes en branderige huid → kost tijd én energie.
Opluchting & gemak: eindelijk een shaver die snel en glad scheert, zonder irritatie of rommel.
Zelfverzekerd & trots: in 2 minuten strak verzorgd de deur uit, met één apparaat dat alles kan (gezicht, lichaam, neus).",📱 UGC Talking Head Testimonial,🎬 Video,"“De Gentleman Shaver Elite: snel, glad en stressvrij.”",Meta,NL & BE,Mark,2025-12-24,1.34,,0.3246,0.1351,0.0,11.75,0.0,,0.0,0.0,0.0,0.0,1.84,2.46,,Killed,,,https://drive.google.com/drive/folders/1qNJyZvlvJAMlpH5j1uXAOMODjdqjLY5k?usp=drive_link
219,075-1,All products,1. Unaware,Benefits-Driven,"Extra 15% discount, buy with urgency, this discount is only on halloween","FOMO (urgentie + schaarste) - voordeel, gemak, zelfvertrouwen, aantrekkelijkheid",👤 Founder Story / Origin Video,🎬 Video,Ik ga je iets gruwelijks vertellen...,Meta,NL & BE,Geen specifieke customer Persona,2025-10-31,,,,,,,,,,,,,2.13,2.66,,Iterate,,"Getest, resultaat TBD.",https://drive.google.com/drive/folders/10T9dSWDEPoM5DGZYdlokQNULcBxcT8ky?usp=drive_link
220,075-2,All products,1. Unaware,Benefits-Driven,"Extra 15% discount, buy with urgency, this discount is only on halloween","FOMO (urgentie + schaarste) - voordeel, gemak, zelfvertrouwen, aantrekkelijkheid",👤 Founder Story / Origin Video,🎬 Video,Weet je wat enger is dan Halloween zelf?,Meta,NL & BE,Geen specifieke customer Persona,2025-10-31,,,,,,,,,,,,,2.13,2.66,,Iterate,,"Getest, resultaat TBD.",https://drive.google.com/drive/folders/10T9dSWDEPoM5DGZYdlokQNULcBxcT8ky?usp=drive_link
221,075-3,All products,1. Unaware,Benefits-Driven,"Extra 15% discount, buy with urgency, this discount is only on halloween","FOMO (urgentie + schaarste) - voordeel, gemak, zelfvertrouwen, aantrekkelijkheid",👤 Founder Story / Origin Video,🎬 Video,Dit klinkt bijna te mooi om waar te zijn…,Meta,NL & BE,Geen specifieke customer Persona,2025-10-31,,,,,,,,,,,,,2.13,2.66,,Iterate,,"Getest, resultaat TBD.",https://drive.google.com/drive/folders/10T9dSWDEPoM5DGZYdlokQNULcBxcT8ky?usp=drive_link
222,076-1,Tondeuse Elegant (K81S),5. Most Aware,FOMO / Scarcity,"Rust + gezinsgemak
Sub-Angle: Geen tranen, geen herrie. Focus op stille motor & veilige mesjes.","Een stille, veilige easy to use tondeuse voor heel de familie.",🖼️ Static ad,🖼️ Static ad,Geen tranen. Geen Herrie,Meta,NL & BE,Lisa,2025-12-24,181.92,,0.0,0.0,0.0099,6.53,0.66,,1.4545,45.48,45.69,1.0,2.23,2.98,,Killed,,,https://drive.google.com/drive/folders/1m0Ds_IgOW0UF2AnJx9zkYVVPUAG4AFll?usp=drive_link
223,076-2,Tondeuse Elegant (K81S),5. Most Aware,FOMO / Scarcity,"Rust + gezinsgemak
Sub-Angle: Geen tranen, geen herrie. Focus op stille motor & veilige mesjes.","Een stille, veilige easy to use tondeuse voor heel de familie.",🖼️ Static ad,🖼️ Static ad,"Salonresultaat, gewoon thuis",Meta,NL & BE,Lisa,2025-12-24,8.32,,0.0,0.0,0.0053,8.85,1.66,,0.0,0.0,0.0,0.0,2.23,2.98,,Killed,,,https://drive.google.com/drive/folders/1m0Ds_IgOW0UF2AnJx9zkYVVPUAG4AFll?usp=drive_link
224,077-1,All products,5. Most Aware,FOMO / Scarcity,"Extra 15% discount, buy with urgency, this discount is only on halloween","FOMO (urgentie + schaarste) - voordeel, gemak, zelfvertrouwen, aantrekkelijkheid",🖼️ Static ad,🖼️ Static ad,"Different Hooks, its a bulk zip file with all of these halloween statics",Meta,NL & BE,Geen specifieke customer Persona,2025-10-31,,,,,,,,,,,,,2.13,2.66,,Iterate,,"Getest, resultaat TBD.",https://drive.google.com/drive/folders/1IgdJWaQOPVt6ZE6x2b9HpMnMdv2tjH74?usp=drive_link
225,078-1,Groom Guard PRO & Shave Package 3.0,1. Unaware,Curiosity / Intrigue,"100 dagen geld terug garantie + niet goed geld terug
Sub-Angle: Geen reden om het niet te proberen",Performance at home,🖼️ Static ad,🖼️ Static ad,Groom Guard PRO: Klaar met trekken en branden?,Meta,NL & BE,Alex,2025-12-24,1.17,,0.0,0.0,0.0328,9.59,0.29,,0.0,0.0,0.0,0.0,1.79,2.38,,Killed,,,https://drive.google.com/drive/folders/1I6dCTeVsaDnw_ISKmfa0ohpriN2hhHwW?usp=drive_link
226,078-2,Groom Guard PRO & Shave Package 3.0,1. Unaware,Curiosity / Intrigue,"100 dagen geld terug garantie + niet goed geld terug
Sub-Angle: Geen reden om het niet te proberen",Performance at home,🖼️ Static ad,🖼️ Static ad,"Shave Package 3.0: Meer power, Zero pull!",Meta,NL & BE,Alex,2025-12-24,24.66,,0.0,0.0,0.014,10.12,0.73,,0.0,0.0,0.0,0.0,1.81,2.26,,Killed,,,https://drive.google.com/drive/folders/1I6dCTeVsaDnw_ISKmfa0ohpriN2hhHwW?usp=drive_link
227,079-1,Barber Bundle,3. Solution Aware,Comparison / Anti-X,"30% van de mannen
Sub-Angle: Elke dag fris",Professional barbershop performance at home,🖼️ Static ad,🖼️ Static ad,Slechts 30% van de mannen gaat eens per 2 maanden naar de kapper. Met de Wellshave Barber Bundel. Blijf je elke dag fresh,Meta,NL & BE,Alex,2025-12-24,2.08,,0.0,0.0,0.0127,6.62,0.52,,0.0,0.0,0.0,0.0,0.0,0.0,,Killed,,,https://drive.google.com/drive/folders/1Djg__TsYknBWGByIB5oMjeSd5IdJpW7w?usp=drive_link
228,079-2,Barber Bundle,3. Solution Aware,Comparison / Anti-X,"30% van de mannen
Sub-Angle: Elke dag fris",Professional barbershop performance at home,🖼️ Static ad,🖼️ Static ad,Slechts 3 op de 10 mannen gaan eens per 2 maanden naar de kapper. Met de Wellshave Barber Bundel zie jij er elke dag strak uit!,Meta,NL & BE,Alex,2025-12-24,97.69,,0.0,0.0,0.012,8.25,0.69,,2.8169,24.94,48.21,1.97,0.0,0.0,,Iterate,,,https://drive.google.com/drive/folders/1Djg__TsYknBWGByIB5oMjeSd5IdJpW7w?usp=drive_link
229,080-1,Scheerapparaat Elite,2. Problem Aware,Problem-Solution,"Waarom 300euro uitgeven
Sub-Angle: zelfde artikel helft van de prijs","Reliable, simple mechanics",🖼️ Static ad,🖼️ Static ad,"Zelfde resultaat, maar geen 300euro kwijt. Met wellshave krijg je topkwaliteit voor minder dan 50% van de prijs",Meta,NL & BE,Mark,2025-12-24,10.19,,0.0,0.0,0.0079,10.12,1.27,,0.0,0.0,0.0,0.0,1.84,2.46,,Killed,,,https://drive.google.com/drive/folders/1Pa1RrBw0i7IKkpVl5UgeJQPwFEFPfAGZ?usp=drive_link
230,080-2,Scheerapparaat Elite,2. Problem Aware,Problem-Solution,"Waarom 300euro uitgeven
Sub-Angle: zelfde artikel helft van de prijs","Reliable, simple mechanics",🖼️ Static ad,🖼️ Static ad,"Waarom 300 euro betalen voor Phillips of braun, als Wellshave hetzelfde doet voor minder dan de helft van de prijs",Meta,NL & BE,Mark,2025-12-24,4.44,,0.0,0.0,0.009,13.33,1.48,,0.0,0.0,0.0,0.0,1.84,2.46,,Killed,,,https://drive.google.com/drive/folders/1Pa1RrBw0i7IKkpVl5UgeJQPwFEFPfAGZ?usp=drive_link
231,081-1,Groom Guard,3. Solution Aware,Benefits-Driven,"Confidence & Comfort — pijnvrij, veilig en effectief scheren van de meest gevoelige zones","Comfort, vertrouwen en controle — het gevoel van veiligheid en gemak tijdens een routine waar je eerder stress bij voelde",📱 UGC Talking Head Testimonial,🎬 Video,Deze trimmer is perfect om je schaamhaar te trimmen,Meta,NL & BE,Alex,2025-12-24,14.09,,0.184,0.1884,0.0117,7.51,0.64,,0.0,0.0,0.0,0.0,1.9,2.38,,Killed,,,https://drive.google.com/drive/folders/1Z8Lpua6VH6wIeLeRmPMyhbD575rtC-lF?usp=drive_link
232,081-2,Groom Guard,3. Solution Aware,Benefits-Driven,"Confidence & Comfort — pijnvrij, veilig en effectief scheren van de meest gevoelige zones","Comfort, vertrouwen en controle — het gevoel van veiligheid en gemak tijdens een routine waar je eerder stress bij voelde",📱 UGC Talking Head Testimonial,🎬 Video,Zoek jij ook al een tijdje een trimmer die je kan gebruiken om je schaamhaar te scheren?,Meta,NL & BE,Alex,2025-12-25,4.61,,0.2075,0.1203,0.0047,7.19,1.54,,0.0,0.0,0.0,0.0,1.9,2.38,,Killed,,,https://drive.google.com/drive/folders/1Z8Lpua6VH6wIeLeRmPMyhbD575rtC-lF?usp=drive_link
233,082-1,Groom Guard,2. Problem Aware,Problem-Solution,"Premium Performance Angle – precisie, stijl en technologie voor zelfverzekerde grooming","Zelfvertrouwen, controle en trots op een perfect verzorgde look",🎬 Studio / Polished Brand Video,🎬 Video,Introducing Groom Guard,Meta,NL & BE,Alex,2025-12-26,0.23,,0.125,0.0,0.0,14.38,0.0,,0.0,0.0,0.0,0.0,1.9,2.38,,Killed,,,https://drive.google.com/drive/folders/1FvErfkmhPPhXWs2530DBbGjFvDdScpX6?usp=drive_link
234,083-1,Shave Package Ultimate,3. Solution Aware,Benefits-Driven,"Confidence & Control — scheren zonder irritatie, met premium comfort","Zelfvertrouwen, trots en rust — het gevoel van controle over je look, elke dag opnieuw",📱 UGC Talking Head Testimonial,🎬 Video,"“Je kent dat gevoel: net geschoren, en vijf minuten later begint het te branden.”",Meta,NL & BE,Alex,2025-11-20,281.53,,0.2689,0.3014,0.011,17.54,1.59,,0.451,35.19,58.88,1.67,1.63,2.18,,Killed,,,https://drive.google.com/drive/folders/1fsN2WZPzrdUYHNCdv6AnQ-M_PagDifG6?usp=drive_link
235,083-2,Shave Package Ultimate,3. Solution Aware,Benefits-Driven,"Confidence & Control — scheren zonder irritatie, met premium comfort","Zelfvertrouwen, trots en rust — het gevoel van controle over je look, elke dag opnieuw",📱 UGC Talking Head Testimonial,🎬 Video,"Ik was klaar met bultjes, sneetjes en irritatie — scheren hoort goed te voelen, niet branderig.",Meta,NL & BE,Alex,2025-11-20,69.79,,0.2474,0.2913,0.0083,18.16,2.18,,0.0,0.0,0.0,0.0,1.63,2.18,,Killed,,,https://drive.google.com/drive/folders/1fsN2WZPzrdUYHNCdv6AnQ-M_PagDifG6?usp=drive_link
236,084-1,Shave Package 3.0,1. Unaware,Social Proof / Reviews,Confidence & Control — premium verzorging zonder irritatie,"Zelfvertrouwen, trots, rust & controle over eigen routine",🎥 UGC Story Time / Day in Life,🎬 Video,"Ik geef het toe — ik ben een control freak. In de gym, op werk, en ja… ook tijdens het trimmen.",Meta,NL & BE,Alex,2025-12-24,0.0,,0.0,0.0,0.0,0.0,0.0,,0.0,0.0,0.0,0.0,1.81,2.26,,Killed,,,https://drive.google.com/drive/folders/1RqlNO-GLZIkk0K5yZDoV8Wu4cmiIAFec?usp=drive_link
237,084-2,Shave Package 3.0,1. Unaware,Social Proof / Reviews,Confidence & Control — premium verzorging zonder irritatie,"Zelfvertrouwen, trots, rust & controle over eigen routine",📱 UGC Talking Head Testimonial,🎬 Video,"Ik let op wat ik eet, hoe ik train, hoe ik eruitzie… maar m’n huid kreeg elke keer de klappen. Tijd om dat te fixen.",Meta,NL & BE,Alex,2025-12-24,0.77,,0.338,0.2083,0.0141,10.85,0.77,,0.0,0.0,0.0,0.0,1.81,2.26,,Killed,,,https://drive.google.com/drive/folders/1RqlNO-GLZIkk0K5yZDoV8Wu4cmiIAFec?usp=drive_link
238,085-1,Groom Guard PRO,2. Problem Aware,Negative / Pain Agitation,Female Truth Bomb AngleFocus: Vrouwen benoemen eerlijk wat mannen vaak niet willen horen → verzorging maakt je aantrekkelijker.,"Nu: Schaamte, stress en
onzekerheid → bang dat partner
het ziet of afknapt.
Straks: Verzorgd, aantrekkelijk
en zelfverzekerd → partner
merkt het en waardeert het",📱 UGC Talking Head Testimonial,🎬 Video,"Ff serieus mannen, je gebruikt
toch niet dezelfde trimmer voor je gezicht en daar beneden?",Meta,NL & BE,Sophie,2025-12-24,0.0,,0.4286,0.0,0.2857,0.0,0.0,,0.0,0.0,0.0,0.0,1.65,2.2,,Iterate,,"Getest, resultaat TBD.",https://drive.google.com/drive/folders/1amRN-jABz2Q_MDoe5QY4alr_TFD7xjhe?usp=drive_link
239,085-2,Groom Guard PRO,2. Problem Aware,Negative / Pain Agitation,Female Truth Bomb AngleFocus: Vrouwen benoemen eerlijk wat mannen vaak niet willen horen → verzorging maakt je aantrekkelijker.,"Nu: Schaamte, stress en
onzekerheid → bang dat partner
het ziet of afknapt.
Straks: Verzorgd, aantrekkelijk
en zelfverzekerd → partner
merkt het en waardeert het",📱 UGC Talking Head Testimonial,🎬 Video,"Wil je weten wat wij aantrekkelijk
vinden? = als mannen zich
verzorgen, wauw. Net zoals deze mannen!",Meta,NL & BE,Sophie,2025-12-24,2.14,,0.5025,0.2727,0.0203,10.86,0.54,,0.0,0.0,0.0,0.0,1.65,2.2,,Iterate,,"Getest, resultaat TBD.",https://drive.google.com/drive/folders/1amRN-jABz2Q_MDoe5QY4alr_TFD7xjhe?usp=drive_link
240,085-3,Groom Guard PRO,2. Problem Aware,Negative / Pain Agitation,Female Truth Bomb AngleFocus: Vrouwen benoemen eerlijk wat mannen vaak niet willen horen → verzorging maakt je aantrekkelijker.,"Nu: Schaamte, stress en
onzekerheid → bang dat partner
het ziet of afknapt.
Straks: Verzorgd, aantrekkelijk
en zelfverzekerd → partner
merkt het en waardeert het",📱 UGC Talking Head Testimonial,🎬 Video,"Al meer dan 125.000 mannen
verzorgen zich met wellshave, en
dat is te zien aan al die positieve
reviews, en nu met black friday bestaan ze 4 jaar en geven ze grootste actie ooit weg",Meta,NL & BE,Sophie,2025-12-24,3.04,,0.3813,0.1837,0.0156,11.83,0.76,,0.0,0.0,0.0,0.0,1.65,2.2,,Iterate,,"Getest, resultaat TBD.",https://drive.google.com/drive/folders/1amRN-jABz2Q_MDoe5QY4alr_TFD7xjhe?usp=drive_link
241,086-1,Head Shaver Deluxe,2. Problem Aware,Negative / Pain Agitation,"De typische mannenfout
Sub-Angle: Je denkt dat het meevalt","waterproof, 5 attachements and 7 shaving blades",🖼️ Static ad,🖼️ Static ad,The Skull Shaver Deluxe de ideale oplossing voor de kale man,Meta,NL & BE,Jason,2026-01-14,0.28,,0.0,0.0,0.0139,3.89,0.28,,0.0,0.0,0.0,0.0,2.03,2.71,,Killed,,,https://drive.google.com/drive/folders/1L93FwGtJVuOel1bxHONt4GLTSMPodX51?usp=drive_link
242,087-1,Groom Guard,3. Solution Aware,Benefits-Driven,"De typische mannenfout
Sub-Angle: Je denkt dat het meevalt","waterproof, wireless device to groom easily in the shower. A close, smooth trim with no nicks, no razor burn,",🖼️ Static ad,🖼️ Static ad,Je denkt dat he meevalt... tot dat je de vergelijking ziet.,Meta,NL & BE,Alex,2026-01-14,15.44,,0.0,0.0,0.0057,9.76,1.72,,0.0,0.0,0.0,0.0,1.9,2.38,,Iterate,,"Getest, resultaat TBD.",https://drive.google.com/drive/folders/1DS-6ML0XMaOIhkSBTVd5NtXQN3Dbj-6B?usp=drive_link
243,087-2,Groom Guard,3. Solution Aware,Benefits-Driven,"De typische mannenfout
Sub-Angle: Je denkt dat het meevalt","waterproof, wireless device to groom easily in the shower. A close, smooth trim with no nicks, no razor burn,",🖼️ Static ad,🖼️ Static ad,Dacht je dat jouw trimmer goed was? Check again,Meta,NL & BE,Alex,2026-01-14,3.11,,0.0,0.0,0.0148,11.48,0.78,,0.0,0.0,0.0,0.0,1.9,2.38,,Iterate,,"Getest, resultaat TBD.",https://drive.google.com/drive/folders/1DS-6ML0XMaOIhkSBTVd5NtXQN3Dbj-6B?usp=drive_link
244,088-1,Shave Package Ultimate,3. Solution Aware,Benefits-Driven,"De Slimme Mannenkeuze
Sub-Angle: Waarom 3 tools kopen als je één pakket hebt dat alles doet?","One reliable tool that trims beard, chest, groin and head efficiently",🖼️ Static ad,🖼️ Static ad,Waarom 3 tools kopen als 1 pakket alles doet?,Meta,NL & BE,Mark,2026-01-14,0.17,,0.0,0.0,0.0313,5.31,0.17,,0.0,0.0,0.0,0.0,2.03,2.71,,Iterate,,"Getest, resultaat TBD.",https://drive.google.com/drive/folders/1XtRpscSUOtd_jH5NY1x59P7Hr67toWY3?usp=drive_link
245,088-2,Shave Package Ultimate,3. Solution Aware,Benefits-Driven,"De Slimme Mannenkeuze
Sub-Angle: Waarom 3 tools kopen als je één pakket hebt dat alles doet?","One reliable tool that trims beard, chest, groin and head efficiently",🖼️ Static ad,🖼️ Static ad,"3 tools kopen? Een compleet pakket, is genoeg",Meta,NL & BE,Mark,2026-01-14,0.37,,0.0,0.0,0.0,8.81,0.0,,0.0,0.0,0.0,0.0,2.03,2.71,,Iterate,,"Getest, resultaat TBD.",https://drive.google.com/drive/folders/1XtRpscSUOtd_jH5NY1x59P7Hr67toWY3?usp=drive_link
246,089-1,Head Shaver Deluxe,2. Problem Aware,Transformation / Before-After,"Geen schuim, geen mesjes, geen rotzooi
Sub-Angle: Binnen een paar minuten glad","Fast, hassle-free routine",🖼️ Static ad,🖼️ Static ad,De Wellshave 5-1 Skull Shaver Deluxe,Meta,NL & BE,Jason,2026-01-14,0.11,,0.0,0.0,0.0,9.17,0.0,,0.0,0.0,0.0,0.0,2.03,2.71,,Iterate,,"Getest, resultaat TBD.",https://drive.google.com/drive/folders/1oV5cMYiGUgXfbk0N6x7bXjNBXOc3ooER?usp=drive_link
247,089-2,Head Shaver Deluxe,2. Problem Aware,Transformation / Before-After,"Geen schuim, geen mesjes, geen rotzooi
Sub-Angle: Binnen een paar minuten glad","Fast, hassle-free routine",🖼️ Static ad,🖼️ Static ad,De Wellshave 5-1 Skull Shaver Deluxe,Meta,NL & BE,Jason,2026-01-14,0.73,,0.0,0.0,0.0,12.81,0.0,,0.0,0.0,0.0,0.0,2.03,2.71,,Iterate,,"Getest, resultaat TBD.",https://drive.google.com/drive/folders/1oV5cMYiGUgXfbk0N6x7bXjNBXOc3ooER?usp=drive_link
248,090-1,Head Shaver Deluxe,1. Unaware,Social Proof / Reviews,"Van 10 minuten scheren → naar 2 minuten scheren
Sub-Angle: Geen snijwonden, geen schuim, geen tijdverlies.","Fast, hassle-free routine",🖼️ Static ad,🖼️ Static ad,"5-1 Skull Shaver Deluxe, van 10 minuten scheren. Naar 2 minuten scheren",Meta,NL & BE,Jason,2026-01-14,0.09,,0.0,0.0,0.0,6.0,0.0,,0.0,0.0,0.0,0.0,2.03,2.71,,Iterate,,"Getest, resultaat TBD.",https://drive.google.com/drive/folders/1LxC33nkHmR1uyuJu1zRxk_IpYxogyPDF?usp=drive_link
249,090-2,Head Shaver Deluxe,1. Unaware,Social Proof / Reviews,"Van 10 minuten scheren → naar 2 minuten scheren
Sub-Angle: Geen snijwonden, geen schuim, geen tijdverlies.","Fast, hassle-free routine",🖼️ Static ad,🖼️ Static ad,"5-1 Skull Shaver Deluxe, geen snijwonden, geen schuim, geen tijdverlies",Meta,NL & BE,Jason,2026-01-14,0.46,,0.0,0.0,0.0,9.39,0.0,,0.0,0.0,0.0,0.0,2.03,2.71,,Iterate,,"Getest, resultaat TBD.",https://drive.google.com/drive/folders/1LxC33nkHmR1uyuJu1zRxk_IpYxogyPDF?usp=drive_link
250,091-1,Shave Package 3.0,3. Solution Aware,Benefits-Driven,Confidence & Attraction AngleFocus: Vrouwen merken en waarderen verzorging → meer zelfvertrouwen en aantrekkingskracht voor mannen.,"Emotie (nu): schaamte en stress tijdens of na het groomen → bang dat partner het ook merkt.
Desire (straks): opgelucht, zelfverzekerd en aantrekkelijk voelen door pijnloos, glad en verzorgd resultaat.
Extra verlangen: gewaardeerd worden door partner → gevoel van trots en aantrekkingskracht.",📱 UGC Talking Head Testimonial,🎬 Video,Als je denkt dat vrouwen dat oerwoud daar beneden niet opmerken… vergeet dat maar…. zekerrrr wel,Meta,NL & BE,Alex,2025-12-24,0.04,,0.6667,0.25,0.0,6.67,0.0,,0.0,0.0,0.0,0.0,1.81,2.26,,Killed,,,https://drive.google.com/drive/folders/1YP_sXEI6huoDaFxWZzEvjB2h-mmPdn1j?usp=drive_link
251,091-2,Shave Package 3.0,3. Solution Aware,Benefits-Driven,Confidence & Attraction AngleFocus: Vrouwen merken en waarderen verzorging → meer zelfvertrouwen en aantrekkingskracht voor mannen.,"Emotie (nu): schaamte en stress tijdens of na het groomen → bang dat partner het ook merkt.
Desire (straks): opgelucht, zelfverzekerd en aantrekkelijk voelen door pijnloos, glad en verzorgd resultaat.
Extra verlangen: gewaardeerd worden door partner → gevoel van trots en aantrekkingskracht.",📱 UGC Talking Head Testimonial,🎬 Video,Mannen! Verzorging is erg belangrijk. Vooral als al je kleren uit gaan…,Meta,NL & BE,Alex,2025-12-24,0.24,,0.4211,0.25,0.0,12.63,0.0,,0.0,0.0,0.0,0.0,1.81,2.26,,Killed,,,https://drive.google.com/drive/folders/1YP_sXEI6huoDaFxWZzEvjB2h-mmPdn1j?usp=drive_link
252,092-1,6in1 Beardtrimmer Men Shaper Supreme,3. Solution Aware,Benefits-Driven,Introducing the benefits of the 6in1 beardtrimmer men shaper Supreme,"6 attachements, waterproof",🎞️ Animated / Motion Graphics,🎬 Video,Introducing 6in1 Beardtrimmer Men Shaper Supreme,Meta,NL & BE,Geen specifieke customer Persona (omdat deze nog niet ready zijn),2025-11-12,3.15,,12.99,24.24,0.0276,12.4,0.45,,0.014,0.0,53.96,0.0,1.93,2.57,,Iterate,,"Getest, resultaat TBD.",https://drive.google.com/drive/folders/1AyNFQovL0RitY6lGJRv4BJlUH5Vhg6U-?usp=drive_link
253,092-2,6in1 Beardtrimmer Men Shaper Supreme,3. Solution Aware,Benefits-Driven,Introducing the benefits of the 6in1 beardtrimmer men shaper Supreme,"7 attachements, waterproof",🎞️ Animated / Motion Graphics,🎬 Video,Introducing 6in1 Beardtrimmer Men Shaper Supreme,Meta,NL & BE,Geen specifieke customer Persona (omdat deze nog niet ready zijn),2025-11-12,0.0,,16.67,0.0,0.0,0.0,0.0,,0.0,0.0,0.0,0.0,1.93,2.57,,Iterate,,"Getest, resultaat TBD.",https://drive.google.com/drive/folders/1AyNFQovL0RitY6lGJRv4BJlUH5Vhg6U-?usp=drive_link
254,092-3,Head Shaver Deluxe,3. Solution Aware,Benefits-Driven,Introducing the benefits of the 6in1 beardtrimmer men shaper Supreme,"7 attachements, waterproof",🎞️ Animated / Motion Graphics,🎬 Video,Introducing The 5in1 Skull Shaver Deluxe,Meta,NL & BE,Jason,2025-11-12,4.2,,23.44,22.22,0.026,21.88,0.84,,0.0,0.0,0.0,0.0,1.93,2.57,,Iterate,,"Getest, resultaat TBD.",https://drive.google.com/drive/folders/128ZnkgphbXe-36eVMHGVSzdfFb138b3Q?usp=drive_link
255,093-1,Head Shaver Deluxe,3. Solution Aware,Benefits-Driven,Introducing the benefits of the 5in1 Skull Shave Deluxe,"All the unique selling points that the device has to offer: 7 shaving blades, waterproof, 5 attachments and much more.",🎞️ Animated / Motion Graphics,🎬 Video,Introducing The 5in1 Skull Shaver Deluxe,Meta,NL & BE,Jason,2025-11-12,,,,,,,,,,,,0.0,2.03,2.71,,Killed,,,https://drive.google.com/drive/folders/128ZnkgphbXe-36eVMHGVSzdfFb138b3Q?usp=drive_link
256,094-1,Groom Guard,3. Solution Aware,Benefits-Driven,Introducing the benefits of the Groom Guard,All the unique selling points that the device has to offer,🎞️ Animated / Motion Graphics,🎬 Video,Introducing The Groom Guard,Meta,NL & BE,Alex & Mark,2025-11-12,,,,,,,,,,,,0.0,1.9,2.38,,Killed,,,https://drive.google.com/drive/folders/1257CHQwNJ-oJuTFa7WKY4xT8ZGuc5H6C?usp=drive_link
257,095-1,Tondeuse Elegant (K81S),3. Solution Aware,Comparison / Anti-X,Introducing the benefits of the iClipper Elegant,All the unique selling points that the device has to offer,🎞️ Animated / Motion Graphics,🎬 Video,Introducing The iClipper Elegant,Meta,NL & BE,Geen specifieke customer Persona (omdat deze nog niet ready zijn),2025-11-12,,,,,,,,,,,,0.0,2.0,2.67,,Killed,,,https://drive.google.com/drive/folders/1mafyye9UWaw8gFd6Em0QelqGO6dzqFXO?usp=drive_link
258,096-1,Groom Guard,2. Problem Aware,Problem-Solution,Waarom slimme mannen overstappen” (Upgrade / Replacement angle),"Veilig trimmen zonder snijwondjes of irritatie, betere technologie dan standaard stalen messen, het gevoel dat hij een slimme upgrade maakt, minder stress bij intieme zones, langdurige kwaliteit (geen goedkope rommel)",🖼️ Single Image + Text Overlay,🖼️ Image,Ontdek waarom steeds meer mannen overstappen op SkinSafe keramische messen.,Meta,NL & BE,Alex,2026-01-14,3.61,,0.0,0.0,0.0121,8.76,0.72,,0.0,0.0,0.0,0.0,1.9,2.38,,Iterate,,"Getest, resultaat TBD.",https://drive.google.com/drive/folders/1NnLxLlY_np07h0WksCAQg7J5Cek7QnK6?usp=drive_link
259,096-2,Groom Guard,2. Problem Aware,Problem-Solution,Waarom slimme mannen overstappen” (Upgrade / Replacement angle),"Veilig trimmen zonder snijwondjes of irritatie, betere technologie dan standaard stalen messen, het gevoel dat hij een slimme upgrade maakt, minder stress bij intieme zones, langdurige kwaliteit (geen goedkope rommel)",🖼️ Single Image + Text Overlay,🖼️ Image,"Trim met vertrouwen, zelfs op de gevoeligste plekken.",Meta,NL & BE,Alex,2026-01-14,77.75,,0.0,0.0,0.0087,8.73,1.01,,2.5974,38.88,49.46,1.27,1.9,2.38,,Iterate,,"Getest, resultaat TBD.",https://drive.google.com/drive/folders/1NnLxLlY_np07h0WksCAQg7J5Cek7QnK6?usp=drive_link
260,096-3,Groom Guard,2. Problem Aware,Problem-Solution,Waarom slimme mannen overstappen” (Upgrade / Replacement angle),"Veilig trimmen zonder snijwondjes of irritatie, betere technologie dan standaard stalen messen, het gevoel dat hij een slimme upgrade maakt, minder stress bij intieme zones, langdurige kwaliteit (geen goedkope rommel)",🖼️ Single Image + Text Overlay,🖼️ Image,Ongeevenaarde Precisie. Veiliger Trimmen,Meta,NL & BE,Alex,2026-01-14,170.87,,0.0,0.0,0.0076,8.64,1.13,,1.3245,85.44,56.46,0.66,1.9,2.38,,Iterate,,"Getest, resultaat TBD.",https://drive.google.com/drive/folders/1NnLxLlY_np07h0WksCAQg7J5Cek7QnK6?usp=drive_link
261,097-1,Shave Package 3.0,2. Problem Aware,Problem-Solution,"Zero Risk Grooming
→ Volledige zekerheid: veilig trimmen zonder snijwonden of irritatie.",Zekerheid op gevoelige zones,🖼️ Single Image + Text Overlay,🖼️ Image,"Geen snijwond of iritatie meer, beste aankoop ooit",Meta,NL & BE,Alex,2026-01-14,20.88,,0.0,0.0,0.0093,12.08,1.31,,0.0,0.0,0.0,0.0,1.81,2.26,,Iterate,,"Getest, resultaat TBD.",https://drive.google.com/drive/folders/1CQafKcMsBjRjo0JGWc9o5hQcKi84KEf3?usp=drive_link
262,097-2,Shave Package 3.0,2. Problem Aware,Problem-Solution,"Zero Risk Grooming
→ Volledige zekerheid: veilig trimmen zonder snijwonden of irritatie.",Zekerheid op gevoelige zones,🖼️ Single Image + Text Overlay,🖼️ Image,"Geen snijwond of iritatie meer, beste aankoop ooit",Meta,NL & BE,Alex,2026-01-14,2.63,,0.0,0.0,0.0163,8.57,0.53,,0.0,0.0,0.0,0.0,1.81,2.26,,Iterate,,"Getest, resultaat TBD.",https://drive.google.com/drive/folders/1CQafKcMsBjRjo0JGWc9o5hQcKi84KEf3?usp=drive_link
263,098-1,Groom Guard,2. Problem Aware,Social Proof / Reviews,"Herkenning van het probleem + directe belofte van veilig, stressvrij trimmen.","Geen snijwonden of irritatie op gevoelige zones
Zekerheid en controle tijdens het trimmen
Drempel wegnemen om weer te beginnen (ook na weken niet trimmen)
Vertrouwen in een bewezen oplossing van een merk met een missie",👤 Founder Story / Origin Video,🎬 Video,Snij je jezelf ook elke keer tijdens het trimmen,Meta,NL & BE,Mark,2026-01-03,,,,,,,,,,,,0.0,1.9,2.38,,Live,,,https://drive.google.com/drive/folders/1keRKW3hnI3qyXPzv-iUEtTjaNq6b-fOT?usp=drive_link
264,098-2,Groom Guard,2. Problem Aware,Social Proof / Reviews,"Herkenning van het probleem + directe belofte van veilig, stressvrij trimmen.","Geen snijwonden of irritatie op gevoelige zones
Zekerheid en controle tijdens het trimmen
Drempel wegnemen om weer te beginnen (ook na weken niet trimmen)
Vertrouwen in een bewezen oplossing van een merk met een missie",👤 Founder Story / Origin Video,🎬 Video,Als jij jezelf ook al 2 weken daar beneden niet hebt getrimd let dan even op,Meta,NL & BE,Mark,2026-01-03,,,,,,,,,,,,0.0,1.9,2.38,,Live,,,https://drive.google.com/drive/folders/1keRKW3hnI3qyXPzv-iUEtTjaNq6b-fOT?usp=drive_link
265,098-3,Groom Guard,2. Problem Aware,Social Proof / Reviews,"Herkenning van het probleem + directe belofte van veilig, stressvrij trimmen.","Geen snijwonden of irritatie op gevoelige zones
Zekerheid en controle tijdens het trimmen
Drempel wegnemen om weer te beginnen (ook na weken niet trimmen)
Vertrouwen in een bewezen oplossing van een merk met een missie",👤 Founder Story / Origin Video,🎬 Video,Mijn naam is Dustin en 4 jaar geleden ben ik Wellshave begonnen omdat 60% van de mannen zich daar beneden niet trimt,Meta,NL & BE,Mark,2026-01-03,,,,,,,,,,,,0.0,1.9,2.38,,Live,,,https://drive.google.com/drive/folders/1keRKW3hnI3qyXPzv-iUEtTjaNq6b-fOT?usp=drive_link
266,099-1,Groom Guard,2. Problem Aware,Social Proof / Reviews,"Cijfers bevestigen dat het probleem normaal is, Groom Guard positioneert zich als de veilige uitweg.","Bewijs dat het probleem niet ‘aan hem ligt’
Snijwonden en wondjes voorkomen
Veilig gevoel op gevoelige zones
Vertrouwen in een slimme, skin-safe oplossing",👤 Founder Story / Origin Video,🎬 Video,Bijna 30% van de mannen loopt wondjes op tijdens het scheren,Meta,NL & BE,Mark,2025-12-24,0.36,,0.0,0.0,0.0,5.81,0.0,,0.0,0.0,0.0,0.0,1.9,2.38,,Iterate,,"Getest, resultaat TBD.",https://drive.google.com/drive/folders/17Mae1ZN4fd2-sqRgu9K5ojDD1he5bnDa?usp=drive_link
267,099-2,Groom Guard,2. Problem Aware,Social Proof / Reviews,"Cijfers bevestigen dat het probleem normaal is, Groom Guard positioneert zich als de veilige uitweg.","Bewijs dat het probleem niet ‘aan hem ligt’
Snijwonden en wondjes voorkomen
Veilig gevoel op gevoelige zones
Vertrouwen in een slimme, skin-safe oplossing",👤 Founder Story / Origin Video,🎬 Video,Wist jij dat 28% van de mannen zich snijd tijdens het scheren,Meta,NL & BE,Mark,2025-12-24,0.77,,0.0,0.0,0.0,10.85,0.0,,0.0,0.0,0.0,0.0,1.9,2.38,,Iterate,,"Getest, resultaat TBD.",https://drive.google.com/drive/folders/17Mae1ZN4fd2-sqRgu9K5ojDD1he5bnDa?usp=drive_link
268,099-3,Groom Guard,2. Problem Aware,Social Proof / Reviews,"Cijfers bevestigen dat het probleem normaal is, Groom Guard positioneert zich als de veilige uitweg.","Bewijs dat het probleem niet ‘aan hem ligt’
Snijwonden en wondjes voorkomen
Veilig gevoel op gevoelige zones
Vertrouwen in een slimme, skin-safe oplossing",👤 Founder Story / Origin Video,🎬 Video,Heb jij jezelf weleens geschoren tijdens het scheren?,Meta,NL & BE,Mark,2025-12-24,0.0,,0.0,0.0,0.0,0.0,0.0,,0.0,0.0,0.0,0.0,1.9,2.38,,Iterate,,"Getest, resultaat TBD.",https://drive.google.com/drive/folders/17Mae1ZN4fd2-sqRgu9K5ojDD1he5bnDa?usp=drive_link
269,100-1,Groom Guard,2. Problem Aware,Negative / Pain Agitation,"Cijfers bevestigen dat het probleem normaal is, Groom Guard positioneert zich als de veilige uitweg.","Bewijs dat het probleem niet ‘aan hem ligt’
Snijwonden en wondjes voorkomen
Veilig gevoel op gevoelige zones
Vertrouwen in een slimme, skin-safe oplossing",👤 Founder Story / Origin Video,🎬 Video,Bijna 30% van de mannen loopt wondjes op tijdens het scheren,Meta,NL & BE,Mark,2025-12-27,,,,,,,,,,,,0.0,1.9,2.38,,Live,,,https://drive.google.com/drive/folders/1pJOVZy5co8Q3WQ8mEbVCYLg5-ehp-9oO?usp=drive_link
270,100-2,Groom Guard,2. Problem Aware,Negative / Pain Agitation,"Cijfers bevestigen dat het probleem normaal is, Groom Guard positioneert zich als de veilige uitweg.","Bewijs dat het probleem niet ‘aan hem ligt’
Snijwonden en wondjes voorkomen
Veilig gevoel op gevoelige zones
Vertrouwen in een slimme, skin-safe oplossing",👤 Founder Story / Origin Video,🎬 Video,Wist jij dat 28% van de mannen zich snijd tijdens het scheren,Meta,NL & BE,Mark,2025-12-27,,,,,,,,,,,,0.0,1.9,2.38,,Live,,,https://drive.google.com/drive/folders/1pJOVZy5co8Q3WQ8mEbVCYLg5-ehp-9oO?usp=drive_link
271,100-3,Groom Guard,2. Problem Aware,Negative / Pain Agitation,"Cijfers bevestigen dat het probleem normaal is, Groom Guard positioneert zich als de veilige uitweg.","Bewijs dat het probleem niet ‘aan hem ligt’
Snijwonden en wondjes voorkomen
Veilig gevoel op gevoelige zones
Vertrouwen in een slimme, skin-safe oplossing",👤 Founder Story / Origin Video,🎬 Video,Heb jij jezelf weleens geschoren tijdens het scheren?,Meta,NL & BE,Mark,2025-12-27,,,,,,,,,,,,0.0,1.9,2.38,,Live,,,https://drive.google.com/drive/folders/1pJOVZy5co8Q3WQ8mEbVCYLg5-ehp-9oO?usp=drive_link
272,101-1,Groom Guard,2. Problem Aware,Negative / Pain Agitation,De angst voor een ongemakkelijk moment wordt de reden om wél te trimmen.,"Geen schaamte in intieme situaties
Altijd voorbereid zijn
Zelfvertrouwen vóór het moment daar is
Controle over je verzorging",📱 UGC Talking Head Testimonial,🎬 Video,"Ja sorry, ik heb hem gewoon naar huis gestuurd",Meta,NL & BE,Mark,2025-12-27,,,,,,,,,,,,0.0,1.9,2.38,,Live,,,https://drive.google.com/drive/folders/1E4BaziqgNWF3behqe7ofTwxI2oxvUEqO?usp=drive_link
273,101-2,Groom Guard,2. Problem Aware,Negative / Pain Agitation,De angst voor een ongemakkelijk moment wordt de reden om wél te trimmen.,"Geen schaamte in intieme situaties
Altijd voorbereid zijn
Zelfvertrouwen vóór het moment daar is
Controle over je verzorging",📱 UGC Talking Head Testimonial,🎬 Video,"Ja sorry, ik heb hem gewoon naar huis gestuurd",Meta,NL & BE,Mark,2025-12-27,,,,,,,,,,,,0.0,1.9,2.38,,Live,,,https://drive.google.com/drive/folders/1E4BaziqgNWF3behqe7ofTwxI2oxvUEqO?usp=drive_link
274,101-3,Groom Guard,2. Problem Aware,Negative / Pain Agitation,De angst voor een ongemakkelijk moment wordt de reden om wél te trimmen.,"Geen schaamte in intieme situaties
Altijd voorbereid zijn
Zelfvertrouwen vóór het moment daar is
Controle over je verzorging",📱 UGC Talking Head Testimonial,🎬 Video,"Ik ging dus met hem naar de slaapkamer, maar ik heb hem gewoon naar huis gestuurd",Meta,NL & BE,Mark,2025-12-27,,,,,,,,,,,,0.0,1.9,2.38,,Live,,,https://drive.google.com/drive/folders/1E4BaziqgNWF3behqe7ofTwxI2oxvUEqO?usp=drive_link
275,102-1,Groom Guard,2. Problem Aware,Negative / Pain Agitation,De angst voor een ongemakkelijk moment wordt de reden om wél te trimmen.,"Geen schaamte in intieme situaties
Altijd voorbereid zijn
Zelfvertrouwen vóór het moment daar is
Controle over je verzorging",📱 UGC Talking Head Testimonial,🎬 Video,"Ik ging dus met hem naar de slaapkamer, maar ik heb hem gewoon naar huis gestuurd",Meta,NL & BE,Mark,2026-01-13,,,,,,,,,,,,0.0,1.9,2.38,,Live,,,https://drive.google.com/drive/folders/1REdhNiw1Wd3qPu6SGZn7sJux3OHgia1F?usp=drive_link
276,102-2,Groom Guard,2. Problem Aware,Negative / Pain Agitation,De angst voor een ongemakkelijk moment wordt de reden om wél te trimmen.,"Geen schaamte in intieme situaties
Altijd voorbereid zijn
Zelfvertrouwen vóór het moment daar is
Controle over je verzorging",📱 UGC Talking Head Testimonial,🎬 Video,"Echt overal haar, alsof hij daar al maanden niet naar had omgekeken",Meta,NL & BE,Mark,2026-01-13,,,,,,,,,,,,0.0,1.9,2.38,,Live,,,https://drive.google.com/drive/folders/1REdhNiw1Wd3qPu6SGZn7sJux3OHgia1F?usp=drive_link
277,102-3,Groom Guard,2. Problem Aware,Negative / Pain Agitation,De angst voor een ongemakkelijk moment wordt de reden om wél te trimmen.,"Geen schaamte in intieme situaties
Altijd voorbereid zijn
Zelfvertrouwen vóór het moment daar is
Controle over je verzorging",📱 UGC Talking Head Testimonial,🎬 Video,"Echt overal haar, alsof hij daar al maanden niet naar had omgekeken",Meta,NL & BE,Mark,2026-01-13,,,,,,,,,,,,0.0,1.9,2.38,,Live,,,https://drive.google.com/drive/folders/1REdhNiw1Wd3qPu6SGZn7sJux3OHgia1F?usp=drive_link
278,103-1,Groom Guard,1. Unaware,Social Proof / Reviews,"Onaantrekkelijkheid benoemen, Groom Guard als simpele oplossing.","Aantrekkelijker zijn voor vrouwen
Schaamte vermijden in intieme momenten
Er verzorgd uitzien zonder moeite
Goedkeuring van vrouwen (“zij vinden dit fijn”)",📱 UGC Talking Head Testimonial,🎬 Video,Niemand houd van een jungle daar beneden,Meta,NL & BE,Alex,2026-01-12,,,,,,,,,,,,0.0,1.9,2.38,,Live,,,https://drive.google.com/drive/folders/1hJEZxqdkvTzrWy7ICz9zAz2Ac6eOK0Bi?usp=drive_link
279,103-2,Groom Guard,1. Unaware,Social Proof / Reviews,"Onaantrekkelijkheid benoemen, Groom Guard als simpele oplossing.","Aantrekkelijker zijn voor vrouwen
Schaamte vermijden in intieme momenten
Er verzorgd uitzien zonder moeite
Goedkeuring van vrouwen (“zij vinden dit fijn”)",📱 UGC Talking Head Testimonial,🎬 Video,"Mannen, veel schaamhaar is toch gewoon onaatrekkelijk!",Meta,NL & BE,Alex,2026-01-12,,,,,,,,,,,,0.0,1.9,2.38,,Live,,,https://drive.google.com/drive/folders/1hJEZxqdkvTzrWy7ICz9zAz2Ac6eOK0Bi?usp=drive_link
280,103-3,Groom Guard,1. Unaware,Social Proof / Reviews,"Onaantrekkelijkheid benoemen, Groom Guard als simpele oplossing.","Aantrekkelijker zijn voor vrouwen
Schaamte vermijden in intieme momenten
Er verzorgd uitzien zonder moeite
Goedkeuring van vrouwen (“zij vinden dit fijn”)",📱 UGC Talking Head Testimonial,🎬 Video,Hey Grote vriend! Wat is de laatste keer dat jij je hebt geschoren?,Meta,NL & BE,Alex,2026-01-12,,,,,,,,,,,,0.0,1.9,2.38,,Live,,,https://drive.google.com/drive/folders/1hJEZxqdkvTzrWy7ICz9zAz2Ac6eOK0Bi?usp=drive_link
281,103-4,Groom Guard,1. Unaware,Social Proof / Reviews,"Onaantrekkelijkheid benoemen, Groom Guard als simpele oplossing.","Aantrekkelijker zijn voor vrouwen
Schaamte vermijden in intieme momenten
Er verzorgd uitzien zonder moeite
Goedkeuring van vrouwen (“zij vinden dit fijn”)",📱 UGC Talking Head Testimonial,🎬 Video,Wil jij weten waarom vrouwen dit Wellshave product geweldig vinden?,Meta,NL & BE,Alex,2026-01-12,,,,,,,,,,,,0.0,1.9,2.38,,Live,,,https://drive.google.com/drive/folders/1hJEZxqdkvTzrWy7ICz9zAz2Ac6eOK0Bi?usp=drive_link
282,104-1,Groom Guard,2. Problem Aware,Negative / Pain Agitation,Wat vrouwen écht willen (maar niet altijd zeggen) + Groom Guard als makkelijke fix.,"Aantrekkelijker zijn voor vrouwen
Weten wat ‘normaal’ en gewenst is
Sociale zekerheid in intieme situaties
Voorsprong hebben t.o.v. andere mannen",📱 UGC Talking Head Testimonial,🎬 Video,"Oke, dit is by FAR het meest aantrekkelijke aan een man!",Meta,NL & BE,Alex,2025-12-27,2.34,,34.75,16.04,0.0033,7.67,2.34,,0.0,0.0,0.0,0.0,1.9,2.38,,Iterate,,"Getest, resultaat TBD.",https://drive.google.com/drive/folders/1tZZwpgcJqAsrJbGU_NgWW4ZNNsFR99dp?usp=drive_link
283,104-2,Groom Guard,2. Problem Aware,Negative / Pain Agitation,Wat vrouwen écht willen (maar niet altijd zeggen) + Groom Guard als makkelijke fix.,"Aantrekkelijker zijn voor vrouwen
Weten wat ‘normaal’ en gewenst is
Sociale zekerheid in intieme situaties
Voorsprong hebben t.o.v. andere mannen",📱 UGC Talking Head Testimonial,🎬 Video,Wist jij dat 40% van de mannen zich daar beneden niet scheert,Meta,NL & BE,Alex,2025-12-27,,,,,,,,,,,,0.0,1.9,2.38,,Live,,,https://drive.google.com/drive/folders/1tZZwpgcJqAsrJbGU_NgWW4ZNNsFR99dp?usp=drive_link
284,104-3,Groom Guard,2. Problem Aware,Negative / Pain Agitation,Wat vrouwen écht willen (maar niet altijd zeggen) + Groom Guard als makkelijke fix.,"Aantrekkelijker zijn voor vrouwen
Weten wat ‘normaal’ en gewenst is
Sociale zekerheid in intieme situaties
Voorsprong hebben t.o.v. andere mannen",📱 UGC Talking Head Testimonial,🎬 Video,"Dit wat vrouwen aantrekkelijk vinden, maar niet altijd zeggen.",Meta,NL & BE,Alex,2025-12-27,,,,,,,,,,,,0.0,1.9,2.38,,Live,,,https://drive.google.com/drive/folders/1tZZwpgcJqAsrJbGU_NgWW4ZNNsFR99dp?usp=drive_link
285,104-4,Groom Guard,2. Problem Aware,Negative / Pain Agitation,Wat vrouwen écht willen (maar niet altijd zeggen) + Groom Guard als makkelijke fix.,"Aantrekkelijker zijn voor vrouwen
Weten wat ‘normaal’ en gewenst is
Sociale zekerheid in intieme situaties
Voorsprong hebben t.o.v. andere mannen",📱 UGC Talking Head Testimonial,🎬 Video,"Wist je dat 80% van de vrouwen wilt, dat jij je daar beneden scheert.",Meta,NL & BE,Alex,2025-12-27,,,,,,,,,,,,0.0,1.9,2.38,,Live,,,https://drive.google.com/drive/folders/1tZZwpgcJqAsrJbGU_NgWW4ZNNsFR99dp?usp=drive_link
286,105-1,Groom Guard,2. Problem Aware,Transformation / Before-After,"Alle herkenbare problemen bundelen → Groom Guard als logische, veilige upgrade.","Geen vastlopende haren of gepruts
Veilig trimmen zonder snijwonden
Eén tool speciaal voor daar beneden
Hygiënischer en prettiger gevoel",📱 UGC Talking Head Testimonial,🎬 Video,Loopt jou trimmer ook steeds vast tijdens het trimmen?,Meta,NL & BE,Mark,2025-12-27,,,,,,,,,,,,0.0,1.9,2.38,,Live,,,https://drive.google.com/drive/folders/18zV1Dbhw20RkSI2-99hVdEmW-082gWqJ?usp=drive_link
287,105-2,Groom Guard,2. Problem Aware,Transformation / Before-After,"Alle herkenbare problemen bundelen → Groom Guard als logische, veilige upgrade.","Geen vastlopende haren of gepruts
Veilig trimmen zonder snijwonden
Eén tool speciaal voor daar beneden
Hygiënischer en prettiger gevoel",📱 UGC Talking Head Testimonial,🎬 Video,Wordt jij ook gek van dat geprutst van haren die blijven hangen als je je daar beneden trimt,Meta,NL & BE,Mark,2025-12-27,,,,,,,,,,,,0.0,1.9,2.38,,Live,,,https://drive.google.com/drive/folders/18zV1Dbhw20RkSI2-99hVdEmW-082gWqJ?usp=drive_link
288,105-3,Groom Guard,2. Problem Aware,Transformation / Before-After,"Alle herkenbare problemen bundelen → Groom Guard als logische, veilige upgrade.","Geen vastlopende haren of gepruts
Veilig trimmen zonder snijwonden
Eén tool speciaal voor daar beneden
Hygiënischer en prettiger gevoel",📱 UGC Talking Head Testimonial,🎬 Video,Snij je jezelf ook elke keer tijdens het trimmen,Meta,NL & BE,Mark,2025-12-27,,,,,,,,,,,,0.0,1.9,2.38,,Live,,,https://drive.google.com/drive/folders/18zV1Dbhw20RkSI2-99hVdEmW-082gWqJ?usp=drive_link
289,105-4,Groom Guard,2. Problem Aware,Transformation / Before-After,"Alle herkenbare problemen bundelen → Groom Guard als logische, veilige upgrade.","Geen vastlopende haren of gepruts
Veilig trimmen zonder snijwonden
Eén tool speciaal voor daar beneden
Hygiënischer en prettiger gevoel",📱 UGC Talking Head Testimonial,🎬 Video,Gebruik jij dezelfde trimmer voor je gezicht en daar beneden?...,Meta,NL & BE,Mark,2025-12-27,,,,,,,,,,,,0.0,1.9,2.38,,Live,,,https://drive.google.com/drive/folders/18zV1Dbhw20RkSI2-99hVdEmW-082gWqJ?usp=drive_link
290,106-1,Flex Guard,2. Problem Aware,Negative / Pain Agitation,Meer haar = minder uitstraling. Groom Guard = direct zichtbaar verschil.,"Groter en verzorgder uiterlijk (optisch)
Aantrekkelijker zijn voor partners
Schaamte voorkomen bij intieme momenten
Direct zichtbaar resultaat zonder risico",📱 UGC Talking Head Testimonial,🎬 Video,Wist je dat je geslachtsdeel een stuk kleiner lijkt door al dat schaamhaar,Meta,NL & BE,Alex,2026-01-12,,,,,,,,,,,,0.0,1.67,2.38,,Live,,,https://drive.google.com/drive/folders/1_rM7ZYuWU5vAt5-CailOJBwdC7lzcg04?usp=drive_link
291,106-2,Flex Guard,2. Problem Aware,Negative / Pain Agitation,Meer haar = minder uitstraling. Groom Guard = direct zichtbaar verschil.,"Groter en verzorgder uiterlijk (optisch)
Aantrekkelijker zijn voor partners
Schaamte voorkomen bij intieme momenten
Direct zichtbaar resultaat zonder risico",📱 UGC Talking Head Testimonial,🎬 Video,"Ik vind het zo jammer, als een man zijn broek naar beneden doet, en ik vervolgens super veel haar zie!",Meta,NL & BE,Alex,2026-01-12,,,,,,,,,,,,0.0,1.67,2.38,,Live,,,https://drive.google.com/drive/folders/1_rM7ZYuWU5vAt5-CailOJBwdC7lzcg04?usp=drive_link
292,106-3,Flex Guard,2. Problem Aware,Negative / Pain Agitation,Meer haar = minder uitstraling. Groom Guard = direct zichtbaar verschil.,"Groter en verzorgder uiterlijk (optisch)
Aantrekkelijker zijn voor partners
Schaamte voorkomen bij intieme momenten
Direct zichtbaar resultaat zonder risico",📱 UGC Talking Head Testimonial,🎬 Video,Mannen! veel schaamhaar zorgt er voor dat jou ding kleiner lijkt!,Meta,NL & BE,Alex,2026-01-12,,,,,,,,,,,,0.0,1.67,2.38,,Live,,,https://drive.google.com/drive/folders/1_rM7ZYuWU5vAt5-CailOJBwdC7lzcg04?usp=drive_link
293,107-1,Flex Guard,2. Problem Aware,Negative / Pain Agitation,Dagelijkse frustratie + het besef dat onverzorgd schaamhaar echt punten kost.,"Geen snijwonden of vastlopende haren
Moeiteloos trimmen, ook bij dikke haren
Verzorgd overkomen in intieme situaties
Zeker weten dat je geen ‘punten verliest’",📱 UGC Talking Head Testimonial,🎬 Video,Snij je jezelf ook bij het trimmen?,Meta,NL & BE,Mark,2026-01-02,,,,,,,,,,,,0.0,1.67,2.38,,Live,,,https://drive.google.com/drive/folders/1AdoC_bhVbzsDvJ4K1wjOMhqW81HkRDFE?usp=drive_link
294,107-2,Flex Guard,2. Problem Aware,Negative / Pain Agitation,Dagelijkse frustratie + het besef dat onverzorgd schaamhaar echt punten kost.,"Geen snijwonden of vastlopende haren
Moeiteloos trimmen, ook bij dikke haren
Verzorgd overkomen in intieme situaties
Zeker weten dat je geen ‘punten verliest’",📱 UGC Talking Head Testimonial,🎬 Video,Wordt jij ook gek van dikke haren die vast lopen tijdes het trimmen?,Meta,NL & BE,Mark,2026-01-02,,,,,,,,,,,,0.0,1.67,2.38,,Live,,,https://drive.google.com/drive/folders/1AdoC_bhVbzsDvJ4K1wjOMhqW81HkRDFE?usp=drive_link
295,107-3,Flex Guard,2. Problem Aware,Negative / Pain Agitation,Dagelijkse frustratie + het besef dat onverzorgd schaamhaar echt punten kost.,"Geen snijwonden of vastlopende haren
Moeiteloos trimmen, ook bij dikke haren
Verzorgd overkomen in intieme situaties
Zeker weten dat je geen ‘punten verliest’",📱 UGC Talking Head Testimonial,🎬 Video,"Wij zeggen het mischien niet altijd, maar mannen verliezen veel punten door veel onverzorgd schaamhaar",Meta,NL & BE,Mark,2026-01-02,,,,,,,,,,,,0.0,1.67,2.38,,Live,,,https://drive.google.com/drive/folders/1AdoC_bhVbzsDvJ4K1wjOMhqW81HkRDFE?usp=drive_link
296,107-4,Flex Guard,2. Problem Aware,Negative / Pain Agitation,Dagelijkse frustratie + het besef dat onverzorgd schaamhaar echt punten kost.,"Geen snijwonden of vastlopende haren
Moeiteloos trimmen, ook bij dikke haren
Verzorgd overkomen in intieme situaties
Zeker weten dat je geen ‘punten verliest’",📱 UGC Talking Head Testimonial,🎬 Video,Snij je jezelf ook bij het trimmen?,Meta,NL & BE,Mark,2026-01-02,,,,,,,,,,,,0.0,1.67,2.38,,Live,,,https://drive.google.com/drive/folders/1AdoC_bhVbzsDvJ4K1wjOMhqW81HkRDFE?usp=drive_link
297,108-1,Groom Guard,2. Problem Aware,Negative / Pain Agitation,"Onverzorgd = onaantrekkelijk. Groom Guard = snelle, veilige upgrade.","Aantrekkelijker overkomen voor vrouwen
Sociale schaamte voorkomen
Verzorgd en fris gevoel
Moeiteloos van ‘jungle’ naar clean",📱 UGC Talking Head Testimonial,🎬 Video,Niemand wil eruit zien als een beer,Meta,NL & BE,Alex,2025-12-27,4.87,,22.87,19.25,0.0085,6.92,0.81,,0.0,0.0,0.0,0.0,1.9,2.38,,Iterate,,"Getest, resultaat TBD.",https://drive.google.com/drive/folders/1Jazn-1S2PImM99I933vkU97mvj7N2JI8?usp=drive_link
298,108-2,Groom Guard,2. Problem Aware,Negative / Pain Agitation,"Onverzorgd = onaantrekkelijk. Groom Guard = snelle, veilige upgrade.","Aantrekkelijker overkomen voor vrouwen
Sociale schaamte voorkomen
Verzorgd en fris gevoel
Moeiteloos van ‘jungle’ naar clean",📱 UGC Talking Head Testimonial,🎬 Video,Geen 1 vrouw zit te wachten op een jungle daar beneden,Meta,NL & BE,Alex,2025-12-27,7.63,,33.92,20.62,0.0105,8.89,0.85,,0.011,7.63,44.96,0.0,1.9,2.38,,Iterate,,"Getest, resultaat TBD.",https://drive.google.com/drive/folders/1Jazn-1S2PImM99I933vkU97mvj7N2JI8?usp=drive_link
299,108-3,Groom Guard,2. Problem Aware,Negative / Pain Agitation,"Onverzorgd = onaantrekkelijk. Groom Guard = snelle, veilige upgrade.","Aantrekkelijker overkomen voor vrouwen
Sociale schaamte voorkomen
Verzorgd en fris gevoel
Moeiteloos van ‘jungle’ naar clean",📱 UGC Talking Head Testimonial,🎬 Video,"Laten we eerlijk zijn, niemand vindt een oerwoud in je onderbroek aantrekkelijk",Meta,NL & BE,Alex,2025-12-27,0.38,,35.0,19.05,0.0,6.33,0.0,,0.0,0.0,0.0,0.0,1.9,2.38,,Iterate,,"Getest, resultaat TBD.",https://drive.google.com/drive/folders/1Jazn-1S2PImM99I933vkU97mvj7N2JI8?usp=drive_link
300,109-1,Groom Guard,2. Problem Aware,Social Proof / Reviews,Onfrisse realiteit benoemen → Groom Guard als simpele hygiënische fix.,"Geen nare geurtjes of zweetlucht
Fris en schoon gevoel daar beneden
Schaamte voorkomen in intieme situaties
Zeker weten dat je hygiënisch verzorgd bent",📱 UGC Talking Head Testimonial,🎬 Video,Mannen te veel schaamhaar zorgt ervoor dat het daar beneden gaat stinken,Meta,NL & BE,Mark,2026-01-02,,,,,,,,,,,,0.0,1.9,2.38,,Live,,,https://drive.google.com/drive/folders/1eerkNHKpdRKwmyCyHwbeMktnKTneMMqw?usp=drive_link
301,109-2,Groom Guard,2. Problem Aware,Social Proof / Reviews,Onfrisse realiteit benoemen → Groom Guard als simpele hygiënische fix.,"Geen nare geurtjes of zweetlucht
Fris en schoon gevoel daar beneden
Schaamte voorkomen in intieme situaties
Zeker weten dat je hygiënisch verzorgd bent",📱 UGC Talking Head Testimonial,🎬 Video,"Mannen schaamhaar houdt zweet en bacterien vast, en dat ruik je",Meta,NL & BE,Mark,2026-01-02,,,,,,,,,,,,0.0,1.9,2.38,,Live,,,https://drive.google.com/drive/folders/1eerkNHKpdRKwmyCyHwbeMktnKTneMMqw?usp=drive_link
302,109-3,Groom Guard,2. Problem Aware,Social Proof / Reviews,Onfrisse realiteit benoemen → Groom Guard als simpele hygiënische fix.,"Geen nare geurtjes of zweetlucht
Fris en schoon gevoel daar beneden
Schaamte voorkomen in intieme situaties
Zeker weten dat je hygiënisch verzorgd bent",📱 UGC Talking Head Testimonial,🎬 Video,"40% van de mannen scheert zich daar beneden niet, en ja dat ruik ik",Meta,NL & BE,Mark,2026-01-02,,,,,,,,,,,,0.0,1.9,2.38,,Live,,,https://drive.google.com/drive/folders/1eerkNHKpdRKwmyCyHwbeMktnKTneMMqw?usp=drive_link
303,110-1,Groom Guard,2. Problem Aware,Social Proof / Reviews,"Cijfers legitimeren het probleem, Groom Guard positioneert zich als de logische upgrade.","Bevestiging dat dit een normaal probleem is
Geen snijwonden of vastlopende dikke haren
Veilig en soepel trimmen zonder frustratie
Vertrouwen in een bewezen, doordachte oplossing",🎬 Studio / Polished Brand Video,🎬 Video,"Uit nieuw onderzoekt blijkt, dat minder dan 40% van de mannen zn schaamhaar trimt",Meta,NL & BE,Mark,2026-01-02,,,,,,,,,,,,0.0,1.9,2.38,,Live,,,https://drive.google.com/drive/folders/1CNUw-yMZdVmZykMrMRVJo_gqiKoCorIJ?usp=drive_link
304,110-2,Groom Guard,2. Problem Aware,Social Proof / Reviews,"Cijfers legitimeren het probleem, Groom Guard positioneert zich als de logische upgrade.","Bevestiging dat dit een normaal probleem is
Geen snijwonden of vastlopende dikke haren
Veilig en soepel trimmen zonder frustratie
Vertrouwen in een bewezen, doordachte oplossing",🎬 Studio / Polished Brand Video,🎬 Video,"Nieuwe cijfers tonen, dat 28% van de mannen zich snijdt tijdens het scheren",Meta,NL & BE,Mark,2026-01-02,,,,,,,,,,,,0.0,1.9,2.38,,Live,,,https://drive.google.com/drive/folders/1CNUw-yMZdVmZykMrMRVJo_gqiKoCorIJ?usp=drive_link
305,110-3,Groom Guard,2. Problem Aware,Social Proof / Reviews,"Cijfers legitimeren het probleem, Groom Guard positioneert zich als de logische upgrade.","Bevestiging dat dit een normaal probleem is
Geen snijwonden of vastlopende dikke haren
Veilig en soepel trimmen zonder frustratie
Vertrouwen in een bewezen, doordachte oplossing",🎬 Studio / Polished Brand Video,🎬 Video,40% van de mannen heeft last van dikke haren tijdens het scheren,Meta,NL & BE,Mark,2026-01-02,,,,,,,,,,,,0.0,1.9,2.38,,Live,,,https://drive.google.com/drive/folders/1CNUw-yMZdVmZykMrMRVJo_gqiKoCorIJ?usp=drive_link
306,111-1,Groom Guard,3. Solution Aware,Benefits-Driven,"Cijfers legitimeren het probleem, Groom Guard positioneert zich als de logische upgrade.","Bevestiging dat dit een normaal probleem is
Geen snijwonden of vastlopende dikke haren
Veilig en soepel trimmen zonder frustratie
Vertrouwen in een bewezen, doordachte oplossing",🎬 Studio / Polished Brand Video,🎬 Video,"Uit nieuw onderzoekt blijkt, dat minder dan 40% van de mannen zn schaamhaar trimt",Meta,NL & BE,Mark,2026-01-02,,,,,,,,,,,,0.0,1.9,2.38,,Live,,,https://drive.google.com/drive/folders/1yEvfOJobL4u27qnlZENKqwgipBpdsLyt?usp=drive_link
307,111-2,Groom Guard,3. Solution Aware,Benefits-Driven,"Cijfers legitimeren het probleem, Groom Guard positioneert zich als de logische upgrade.","Bevestiging dat dit een normaal probleem is
Geen snijwonden of vastlopende dikke haren
Veilig en soepel trimmen zonder frustratie
Vertrouwen in een bewezen, doordachte oplossing",🎬 Studio / Polished Brand Video,🎬 Video,"Nieuwe cijfers tonen, dat 28% van de mannen zich snijdt tijdens het scheren",Meta,NL & BE,Mark,2026-01-02,,,,,,,,,,,,0.0,1.9,2.38,,Live,,,https://drive.google.com/drive/folders/1yEvfOJobL4u27qnlZENKqwgipBpdsLyt?usp=drive_link
308,111-3,Groom Guard,3. Solution Aware,Benefits-Driven,"Cijfers legitimeren het probleem, Groom Guard positioneert zich als de logische upgrade.","Bevestiging dat dit een normaal probleem is
Geen snijwonden of vastlopende dikke haren
Veilig en soepel trimmen zonder frustratie
Vertrouwen in een bewezen, doordachte oplossing",🎬 Studio / Polished Brand Video,🎬 Video,40% van de mannen heeft last van dikke haren tijdens het scheren,Meta,NL & BE,Mark,2026-01-02,,,,,,,,,,,,0.0,1.9,2.38,,Live,,,https://drive.google.com/drive/folders/1yEvfOJobL4u27qnlZENKqwgipBpdsLyt?usp=drive_link
309,112-1,6in1 baardtrimmer supreme,3. Solution Aware,Benefits-Driven,"“Binnen 5 minuten professioneel verzorgd.”
Strak resultaat, minimale moeite.","Zelfvertrouwen uitstralen
Controle over zijn uitstraling
Zonder moeite “on point” zijn",📱 UGC Talking Head Testimonial,🎬 Video,Voor belangrijke klant afspraken en speciale momenten wil ik er altijd fris en verzorgd uitzien.,Meta,NL & BE,Luca,2026-01-02,,,,,,,,,,,,0.0,1.93,2.75,,Live,,,https://drive.google.com/drive/folders/1n7Kvv_3XHroyxkE_LN5iiBwGEWpUjPVJ?usp=drive_link
310,112-2,6in1 baardtrimmer supreme,3. Solution Aware,Benefits-Driven,"“Binnen 5 minuten professioneel verzorgd.”
Strak resultaat, minimale moeite.","Zelfvertrouwen uitstralen
Controle over zijn uitstraling
Zonder moeite “on point” zijn",📱 UGC Talking Head Testimonial,🎬 Video,Dit is m’n go-to trimmer als ik er strak uit moet zien.,Meta,NL & BE,Luca,2026-01-02,,,,,,,,,,,,0.0,1.93,2.75,,Live,,,https://drive.google.com/drive/folders/1n7Kvv_3XHroyxkE_LN5iiBwGEWpUjPVJ?usp=drive_link
311,112-3,6in1 baardtrimmer supreme,3. Solution Aware,Benefits-Driven,"“Binnen 5 minuten professioneel verzorgd.”
Strak resultaat, minimale moeite.","Zelfvertrouwen uitstralen
Controle over zijn uitstraling
Zonder moeite “on point” zijn",📱 UGC Talking Head Testimonial,🎬 Video,Binnen 5 minuten verzorgd zonder gedoe.,Meta,NL & BE,Luca,2026-01-02,,,,,,,,,,,,0.0,1.93,2.75,,Live,,,https://drive.google.com/drive/folders/1n7Kvv_3XHroyxkE_LN5iiBwGEWpUjPVJ?usp=drive_link
312,113-1,Flex Guard,5. Most Aware,Bundle Offer,"Zie alles. Zelfs onder de douche.
Functioneel gemak + zichtbaarheid + waterdicht = stressvrij groomen. Geen luxe verhaal, maar een praktische upgrade.","Controle en zekerheid
Zich fris, verzorgd en zelfverzekerd voelen
Het gevoel: “dit maakt mijn leven gewoon makkelijker”",📱 UGC Talking Head Testimonial,🎬 Video,Trimmen onder de douche en alles perfect zien zelfs zonder bril.,Meta,NL & BE,Alex,2026-01-02,,,,,,,,,,,,0.0,1.67,2.38,,Live,,,https://drive.google.com/drive/folders/1Z7hQBfCrnjhdkrTnJotuvuOmY1y31AAf?usp=drive_link
313,113-2,Flex Guard,5. Most Aware,Bundle Offer,"Zie alles. Zelfs onder de douche.
Functioneel gemak + zichtbaarheid + waterdicht = stressvrij groomen. Geen luxe verhaal, maar een praktische upgrade.","Controle en zekerheid
Zich fris, verzorgd en zelfverzekerd voelen
Het gevoel: “dit maakt mijn leven gewoon makkelijker”",📱 UGC Talking Head Testimonial,🎬 Video,"Als jij je onder de douche scheert, dan wil je dit echt hebben!",Meta,NL & BE,Alex,2026-01-02,,,,,,,,,,,,0.0,1.67,2.38,,Live,,,https://drive.google.com/drive/folders/1Z7hQBfCrnjhdkrTnJotuvuOmY1y31AAf?usp=drive_link
314,114-1,Flex Guard,5. Most Aware,Bundle Offer,"Gebruik BOL.
Sub-Angle: cadeaubon die blijft geven","Cadeaubon slim besteden aan iets wat je écht gebruikt
Wekelijks voordeel ervaren i.p.v. één snelle aankoop
Geen spijt-aankoop maar een praktische upgrade
Meer waarde halen uit je BOL-cadeaubon
Iets kopen dat elke week rendeert",🖼️ Static ad,🖼️ Static ad,Maak van je cadeaubon een wekelijks upgrade,Meta,NL & BE,Alex,2026-01-02,,,,,,,,,,,,0.0,1.67,2.38,,Live,,,https://drive.google.com/drive/folders/14b8h_hc3NN9ZiQpLi5E9PQaj8_xR8397?usp=drive_link
315,114-2,Flex Guard,5. Most Aware,Bundle Offer,"Gebruik BOL.
Sub-Angle: cadeaubon die blijft geven","Cadeaubon slim besteden aan iets wat je écht gebruikt
Wekelijks voordeel ervaren i.p.v. één snelle aankoop
Geen spijt-aankoop maar een praktische upgrade
Meer waarde halen uit je BOL-cadeaubon
Iets kopen dat elke week rendeert",🖼️ Static ad,🖼️ Static ad,Maak van je cadeaubon wekelijkse voordeel,Meta,NL & BE,Alex,2026-01-02,,,,,,,,,,,,0.0,1.67,2.38,,Live,,,https://drive.google.com/drive/folders/14b8h_hc3NN9ZiQpLi5E9PQaj8_xR8397?usp=drive_link
316,115-1,Scheerapparaat Elite,5. Most Aware,FOMO / Scarcity,"Angle: Gebruik BOL.
Sub-Angle: cadeaubon die blijft geven","Desires
Tegoed opmaken zonder pijn (“het kost me niks”)
Geen gedoe of bijbetalen
Supersnel geregeld via bol.com
Gevoel van een ‘gratis’ upgrade
Zeker weten dat je het tegoed goed benut",🖼️ Static ad,🖼️ Static ad,"Gebruik je bol.com tegoed, geen gedoe. Je betaalt niks!",Meta,NL & BE,Alex,2026-01-02,,,,,,,,,,,,0.0,1.84,2.46,,Live,,,https://drive.google.com/drive/folders/10caLUR08cttHBmffqY-09kJtRdRwSM7L?usp=drive_link
317,115-2,Scheerapparaat Elite,5. Most Aware,FOMO / Scarcity,"Angle: Gebruik BOL.
Sub-Angle: Zo geregeld, betaalt zelf niks","Desires
Tegoed opmaken zonder pijn (“het kost me niks”)
Geen gedoe of bijbetalen
Supersnel geregeld via bol.com
Gevoel van een ‘gratis’ upgrade
Zeker weten dat je het tegoed goed benut",🖼️ Static ad,🖼️ Static ad,"Bestel met je bol.com tegoed, Makkelijk, en zonder extra kosten",Meta,NL & BE,Mark,2026-01-02,,,,,,,,,,,,0.0,1.84,2.46,,Live,,,https://drive.google.com/drive/folders/10caLUR08cttHBmffqY-09kJtRdRwSM7L?usp=drive_link
318,116-1,Groom Guard,5. Most Aware,FOMO / Scarcity,"Angle: upgrade iets wat je dagelijks gebruikt
Sub-Angle:  elke week strak getrimd","Dagelijks meer gemak en comfort
Elke week verzorgd zonder extra moeite
Slim upgraden i.p.v. impuls kopen
Consistent strak gevoel",🖼️ Static ad,🖼️ Static ad,"Upgrade wat je dagelijks gebruikt, een keuze, elke week getrimd",Meta,NL & BE,Alex,2026-01-02,,,,,,,,,,,,0.0,1.9,2.38,,Live,,,https://drive.google.com/drive/folders/13OhzUMdl7d7xdAueWLDqnFbjdV4KIaOm?usp=drive_link
319,116-2,Groom Guard,5. Most Aware,FOMO / Scarcity,"Angle: upgrade iets wat je dagelijks gebruikt
Sub-Angle:  elke week strak getrimd","Dagelijks meer gemak en comfort
Elke week verzorgd zonder extra moeite
Slim upgraden i.p.v. impuls kopen
Consistent strak gevoel",🖼️ Static ad,🖼️ Static ad,"Een upgrade, elke week getrimd",Meta,NL & BE,Alex,2026-01-02,,,,,,,,,,,,0.0,1.9,2.38,,Live,,,https://drive.google.com/drive/folders/13OhzUMdl7d7xdAueWLDqnFbjdV4KIaOm?usp=drive_link
320,117-1,Shave Package Ultimate,2. Problem Aware,Social Proof / Reviews,"Angle: upgrade iets wat je dagelijks gebruikt
Sub-Angle:  elke week strak getrimd","Het maximale uit je bol.com cadeaubon halen
Geen impuls- of spijtaankoop doen
Iets upgraden wat je écht vaak gebruikt
Elke week verzorgd zijn zonder extra kosten
Het gevoel een slimme, doordachte keuze te maken",🖼️ Static ad,🖼️ Static ad,Zo haal je het meeste uit je bol.com cadeau kaarten,Meta,NL & BE,Alex,2026-01-02,,,,,,,,,,,,0.0,2.03,2.71,,Live,,,https://drive.google.com/drive/folders/1SoRiBjYEStj5ubii9Cqn--jO0z8bC6ah?usp=drive_link
321,117-2,Shave Package Ultimate,2. Problem Aware,Social Proof / Reviews,"Angle: upgrade iets wat je dagelijks gebruikt
Sub-Angle:  elke week strak getrimd","Het maximale uit je bol.com cadeaubon halen
Geen impuls- of spijtaankoop doen
Iets upgraden wat je écht vaak gebruikt
Elke week verzorgd zijn zonder extra kosten
Het gevoel een slimme, doordachte keuze te maken",🖼️ Static ad,🖼️ Static ad,De slimste besteding van je bol.com cadeau kaarten,Meta,NL & BE,Alex,2026-01-02,,,,,,,,,,,,0.0,2.03,2.71,,Live,,,https://drive.google.com/drive/folders/1SoRiBjYEStj5ubii9Cqn--jO0z8bC6ah?usp=drive_link
322,118-1,Groom Guard,2. Problem Aware,Social Proof / Reviews,"Cijfers legitimeren het probleem, Groom Guard positioneert zich als de logische upgrade.","Bevestiging dat dit een normaal probleem is
Geen snijwonden of vastlopende dikke haren
Veilig en soepel trimmen zonder frustratie
Vertrouwen in een bewezen, doordachte oplossing",🎬 Studio / Polished Brand Video,🎬 Video,"Nieuwe cijfers tonen, dat 28% van de mannen zich snijdt tijdens het scheren",Meta,NL & BE,Mark,2026-01-23,,,,,,,,,,,,0.0,1.9,2.38,,Live,,,https://drive.google.com/drive/folders/1QP_7_YwfinDLxxgzeO67TA6NIeMHaLJM?usp=drive_link
323,118-2,Groom Guard,2. Problem Aware,Social Proof / Reviews,"Cijfers legitimeren het probleem, Groom Guard positioneert zich als de logische upgrade.","Bevestiging dat dit een normaal probleem is
Geen snijwonden of vastlopende dikke haren
Veilig en soepel trimmen zonder frustratie
Vertrouwen in een bewezen, doordachte oplossing",🎬 Studio / Polished Brand Video,🎬 Video,"Nieuwe cijfers tonen, dat 28% van de mannen zich snijdt tijdens het scheren",Meta,NL & BE,Mark,2026-01-23,,,,,,,,,,,,0.0,1.9,2.38,,Live,,,https://drive.google.com/drive/folders/1QP_7_YwfinDLxxgzeO67TA6NIeMHaLJM?usp=drive_link
324,119-1,Groom Guard,3. Solution Aware,Benefits-Driven,"Cijfers legitimeren het probleem, Groom Guard positioneert zich als de logische upgrade.","Bevestiging dat dit een normaal probleem is
Geen snijwonden of vastlopende dikke haren
Veilig en soepel trimmen zonder frustratie
Vertrouwen in een bewezen, doordachte oplossing",🎬 Studio / Polished Brand Video,🎬 Video,"Nieuwe cijfers tonen, dat 28% van de mannen zich snijdt tijdens het scheren",Meta,NL & BE,Mark,2026-01-23,,,,,,,,,,,,0.0,1.9,2.38,,Live,,,https://drive.google.com/drive/folders/1wcUooQKX2v1cJF8qOscSUmEbw-3Lr2sD?usp=drive_link
325,119-2,Groom Guard,3. Solution Aware,Benefits-Driven,"Cijfers legitimeren het probleem, Groom Guard positioneert zich als de logische upgrade.","Bevestiging dat dit een normaal probleem is
Geen snijwonden of vastlopende dikke haren
Veilig en soepel trimmen zonder frustratie
Vertrouwen in een bewezen, doordachte oplossing",🎬 Studio / Polished Brand Video,🎬 Video,"Nieuwe cijfers tonen, dat 28% van de mannen zich snijdt tijdens het scheren",Meta,NL & BE,Mark,2026-01-23,,,,,,,,,,,,0.0,1.9,2.38,,Live,,,https://drive.google.com/drive/folders/1wcUooQKX2v1cJF8qOscSUmEbw-3Lr2sD?usp=drive_link
326,120-1,Flex Guard,1. Unaware,Storytelling / Narrative,"Zorgeloos verzorgd: één slimme keuze vóór vertrek, daarna nergens meer over nadenken — altijd fris, waar je ook bent.","“Ik wil niet hoeven nadenken.”
Op vakantie wil je brein uit. Geen routines, geen lijstjes, geen ‘heb ik dit wel gedaan?’.",📱 UGC Talking Head Testimonial,🎬 Video,Op vakantie wil je niet nadenken over grooming...,Meta,NL & BE,Alex,,,,,,,,,,,,,0.0,1.67,2.38,,To Test,,,https://drive.google.com/drive/folders/18UG9TP26sjncWFcE-lsTxZzXzTSUFSr0?usp=drive_link
327,120-2,Flex Guard,1. Unaware,Storytelling / Narrative,"Zorgeloos verzorgd: één slimme keuze vóór vertrek, daarna nergens meer over nadenken — altijd fris, waar je ook bent.","“Ik wil niet hoeven nadenken.”
Op vakantie wil je brein uit. Geen routines, geen lijstjes, geen ‘heb ik dit wel gedaan?’.",📱 UGC Talking Head Testimonial,🎬 Video,Dit is wat ik meeneem als ik er altijd fris en verzorgd uit wil zien,Meta,NL & BE,Alex,,,,,,,,,,,,,0.0,1.67,2.38,,To Test,,,https://drive.google.com/drive/folders/18UG9TP26sjncWFcE-lsTxZzXzTSUFSr0?usp=drive_link
328,121-1,Flex Guard,3. Solution Aware,Benefits-Driven,"Verzorging als identiteit: geen uitzondering op vakantie — wie verzorgd is, blijft dat overal.",Dit gaat niet over moeite doen — dit gaat over wie je bent.,📱 UGC Talking Head Testimonial,🎬 Video,Ook op vakantie wil je er gewoon verzorgd uitzien!,Meta,NL & BE,Alex,,,,,,,,,,,,,0.0,1.67,2.38,,To Test,,,https://drive.google.com/drive/folders/1Fj7EmRbkybQilWLQAwbEjNVq3DZGy7BL?usp=drive_link
329,121-2,Flex Guard,3. Solution Aware,Benefits-Driven,"Verzorging als identiteit: geen uitzondering op vakantie — wie verzorgd is, blijft dat overal.",Dit gaat niet over moeite doen — dit gaat over wie je bent.,📱 UGC Talking Head Testimonial,🎬 Video,"Waar je ook bent, dit hoort gewoon bij mijn routine",Meta,NL & BE,Alex,,,,,,,,,,,,,0.0,1.67,2.38,,To Test,,,https://drive.google.com/drive/folders/1Fj7EmRbkybQilWLQAwbEjNVq3DZGy7BL?usp=drive_link
330,122-1,6in1 baardtrimmer supreme,3. Solution Aware,Social Proof / Reviews,"Maximaal resultaat met minimale moeite: één betrouwbare tool die je elke dag fris laat voelen, waar je ook bent.",Ik wil er goed uitzien zonder tijd te verliezen,📱 UGC Talking Head Testimonial,🎬 Video,Verzorgd zijn kost geen tijd als je het juiste gebruikt,Meta,NL & BE,Luca,,,,,,,,,,,,,0.0,1.93,2.75,,To Test,,,https://drive.google.com/drive/folders/1m8Tasjau0UUk7imrOi2XxQQYgIrZRTwD?usp=drive_link
331,122-2,6in1 baardtrimmer supreme,3. Solution Aware,Social Proof / Reviews,"Maximaal resultaat met minimale moeite: één betrouwbare tool die je elke dag fris laat voelen, waar je ook bent.",Ik wil er goed uitzien zonder tijd te verliezen,📱 UGC Talking Head Testimonial,🎬 Video,"Een frisse look maakt elke dag beter, ook op vakantie ; )",Meta,NL & BE,Luca,,,,,,,,,,,,,0.0,1.93,2.75,,To Test,,,https://drive.google.com/drive/folders/1m8Tasjau0UUk7imrOi2XxQQYgIrZRTwD?usp=drive_link
332,122-3,6in1 baardtrimmer supreme,3. Solution Aware,Social Proof / Reviews,"Maximaal resultaat met minimale moeite: één betrouwbare tool die je elke dag fris laat voelen, waar je ook bent.",Ik wil er goed uitzien zonder tijd te verliezen,📱 UGC Talking Head Testimonial,🎬 Video,"Dit is mijn go to trimmer, waar ik ook ben!",Meta,NL & BE,Luca,,,,,,,,,,,,,0.0,1.93,2.75,,To Test,,,https://drive.google.com/drive/folders/1m8Tasjau0UUk7imrOi2XxQQYgIrZRTwD?usp=drive_link
333,123-1,Flex Guard,1. Unaware,Social Proof / Reviews,Social proof via partner-review – “Verzorgd zonder irritatie”,Slimme keuze hebben gemaakt,👤 Founder Story / Origin Video,🎬 Video,"Dustin: Hoi met Dustin van Wellshave, spreek ik met Lisa,

Lisa: Yes, je spreekt met Lisa

Dustin: Ah top, wij zagen dat je een leuke review had achtergelaten. Super bedankt daarvoor! Mag ik je daar wat vragen over stellen?",Meta,NL & BE,Sophie,,,,,,,,,,,,,0.0,1.67,1.67,,To Test,,,https://drive.google.com/drive/folders/1W06kAyCirsMisUnYRSqTRclzZPWPdmNr?usp=drive_link
334,123-2,Flex Guard,1. Unaware,Social Proof / Reviews,Social proof via boze klant,Boos -> Tevreden,👤 Founder Story / Origin Video,🎬 Video,"Dustin: Hoi met Dustin van Wellshave, waar kan ik je mee helpen? 

Karin: Ja hoi met Karin. Ik ben er echt helemaal KLAAR MEE!!!, want het apparaat van mijn man werkt niet meer. Dit kan toch niet de bedoeling zijn na 2 maanden?",Meta,NL & BE,Sophie,,,,,,,,,,,,,0.0,1.67,1.67,,To Test,,,https://drive.google.com/drive/folders/1W06kAyCirsMisUnYRSqTRclzZPWPdmNr?usp=drive_link
335,123-3,Flex Guard,1. Unaware,Social Proof / Reviews,Social proof via partner-review – “Verzorgd zonder irritatie”,Slimme keuze hebben gemaakt,👤 Founder Story / Origin Video,🎬 Video,"Dustin: Hey met Dustin van Wellshave, spreek ik met Iris, we zagen jouw review binnenkomen, mag ik je hier wat vragen over stellen?",Meta,NL & BE,Sophie,,,,,,,,,,,,,0.0,1.67,1.67,,To Test,,,https://drive.google.com/drive/folders/1W06kAyCirsMisUnYRSqTRclzZPWPdmNr?usp=drive_link
336,124-1,Flex Guard,2. Problem Aware,Negative / Pain Agitation,Partner approval & aantrekkingskracht,"Begeerd worden door je partner

Zeker weten dat je fris en verzorgd bent

Geen awkward momenten of afknappers in bed",📱 UGC Talking Head Testimonial,🎬 Video,"Ja sorry hoor, soms laat ik hem eerst scheren voordat die het bed in mag",Meta,NL & BE,Mark,,,,,,,,,,,,,0.0,1.67,2.38,,To Test,,,https://drive.google.com/drive/folders/1qjxtlKDS5GO3i4qL-q1rfwIfTwNm5Uca?usp=drive_link
337,124-2,Flex Guard,2. Problem Aware,Negative / Pain Agitation,Partner approval & aantrekkingskracht,"Begeerd worden door je partner

Zeker weten dat je fris en verzorgd bent

Geen awkward momenten of afknappers in bed",📱 UGC Talking Head Testimonial,🎬 Video,Ja als ik s' avonds ook maar èèn haar voel is het feest meteen afgelopen,Meta,NL & BE,Mark,,,,,,,,,,,,,0.0,1.67,2.38,,To Test,,,https://drive.google.com/drive/folders/1qjxtlKDS5GO3i4qL-q1rfwIfTwNm5Uca?usp=drive_link
338,124-3,Flex Guard,2. Problem Aware,Negative / Pain Agitation,Partner approval & aantrekkingskracht,"Begeerd worden door je partner

Zeker weten dat je fris en verzorgd bent

Geen awkward momenten of afknappers in bed",📱 UGC Talking Head Testimonial,🎬 Video,Eindelijk doen we het gelukkig weer veel vaker in bed,Meta,NL & BE,Mark,,,,,,,,,,,,,0.0,1.67,2.38,,To Test,,,https://drive.google.com/drive/folders/1qjxtlKDS5GO3i4qL-q1rfwIfTwNm5Uca?usp=drive_link
339,125-1,Groom Guard,1. Unaware,Social Proof / Reviews,Painful realization → instant social upgrade,"Niet meer voor verrassingen of ongemakkelijke momenten komen te staan

Seksueel aantrekkelijker zijn zonder erover te hoeven nadenken

Meer kansen, meer zelfvertrouwen, meer actie",📱 UGC Talking Head Testimonial,🎬 Video,Ik kwam hier dus pas achter nadat het een paar keer vrij ongemakkelijk werd,Meta,NL & BE,Alex,,,,,,,,,,,,,0.0,1.9,2.38,,To Test,,,https://drive.google.com/drive/folders/1RzefItIN5pIum0v50vPMEjXbtX9cobJP?usp=drive_link
340,125-2,Groom Guard,1. Unaware,Social Proof / Reviews,Painful realization → instant social upgrade,"Niet meer voor verrassingen of ongemakkelijke momenten komen te staan

Seksueel aantrekkelijker zijn zonder erover te hoeven nadenken

Meer kansen, meer zelfvertrouwen, meer actie",📱 UGC Talking Head Testimonial,🎬 Video,Mannen! Vrouwen knappen echt behoorlijk af op schaamhaar,Meta,NL & BE,Alex,,,,,,,,,,,,,0.0,1.9,2.38,,To Test,,,https://drive.google.com/drive/folders/1RzefItIN5pIum0v50vPMEjXbtX9cobJP?usp=drive_link
341,125-3,Groom Guard,1. Unaware,Social Proof / Reviews,Painful realization → instant social upgrade,"Niet meer voor verrassingen of ongemakkelijke momenten komen te staan

Seksueel aantrekkelijker zijn zonder erover te hoeven nadenken

Meer kansen, meer zelfvertrouwen, meer actie",📱 UGC Talking Head Testimonial,🎬 Video,"Sinds ik dit apparaat gebruik, duik ik echt iedere avond met iemand het bed in",Meta,NL & BE,Alex,,,,,,,,,,,,,0.0,1.9,2.38,,To Test,,,https://drive.google.com/drive/folders/1RzefItIN5pIum0v50vPMEjXbtX9cobJP?usp=drive_link
342,WS-126,Groom Guard,,,,,📱 UGC Talking Head Testimonial,🎬 Video,,Meta,NL/ BE,,,,,,,,,,,,,,,,,,Live,,Geen performance data. Meta: Launched | TikTok: Ready to launch | Organic: Ready to lanch,@WS/LP-126
343,126-1,Flex Guard,1. Unaware,Social Proof / Reviews,Female-approved grooming = better intimacy,"Begeerd worden door je partner

Afknappers en ongemakkelijke momenten voorkomen

Meer intimiteit, plezier en spontaniteit in bed

Zeker weten dat je altijd “goed zit” zonder stress",📱 UGC Talking Head Testimonial,🎬 Video,Het heeft er echt voor gezorgd dat ik het een stuk leuker vindt in bed!,Meta,NL & BE,Mark,,,,,,,,,,,,,0.0,1.67,2.38,,To Test,,,https://drive.google.com/drive/folders/1nOI2gRqexh9uqXLPm2a2_s-NvMWl8pRC?usp=drive_link
344,126-2,Flex Guard,1. Unaware,Social Proof / Reviews,Female-approved grooming = better intimacy,"Begeerd worden door je partner

Afknappers en ongemakkelijke momenten voorkomen

Meer intimiteit, plezier en spontaniteit in bed

Zeker weten dat je altijd “goed zit” zonder stress",📱 UGC Talking Head Testimonial,🎬 Video,Echt iedere meid zou dit aan haar vriend moeten geven,Meta,NL & BE,Mark,,,,,,,,,,,,,0.0,1.67,2.38,,To Test,,,https://drive.google.com/drive/folders/1nOI2gRqexh9uqXLPm2a2_s-NvMWl8pRC?usp=drive_link
345,126-3,Flex Guard,1. Unaware,Social Proof / Reviews,Female-approved grooming = better intimacy,"Begeerd worden door je partner

Afknappers en ongemakkelijke momenten voorkomen

Meer intimiteit, plezier en spontaniteit in bed

Zeker weten dat je altijd “goed zit” zonder stress",📱 UGC Talking Head Testimonial,🎬 Video,Ja zonder te scheren ga ik echt niks met hem doen hoor,Meta,NL & BE,Mark,,,,,,,,,,,,,0.0,1.67,2.38,,To Test,,,https://drive.google.com/drive/folders/1nOI2gRqexh9uqXLPm2a2_s-NvMWl8pRC?usp=drive_link
346,127-1,Flex Guard,2. Problem Aware,Problem-Solution,Female-approved grooming = better intimacy,"Begeerd worden door je partner

Afknappers en ongemakkelijke momenten voorkomen

Meer intimiteit, plezier en spontaniteit in bed

Zeker weten dat je altijd “goed zit” zonder stress",📱 UGC Talking Head Testimonial,🎬 Video,Het heeft er echt voor gezorgd dat ik het een stuk leuker vindt in bed!,Meta,NL & BE,Mark,,,,,,,,,,,,,0.0,1.67,2.38,,To Test,,,https://drive.google.com/drive/folders/1Ku05MrSFQEZzYp6pq7hkA49Xjt_dNf68?usp=drive_link
347,127-2,Flex Guard,2. Problem Aware,Problem-Solution,Female-approved grooming = better intimacy,"Begeerd worden door je partner

Afknappers en ongemakkelijke momenten voorkomen

Meer intimiteit, plezier en spontaniteit in bed

Zeker weten dat je altijd “goed zit” zonder stress",📱 UGC Talking Head Testimonial,🎬 Video,Echt iedere meid zou dit aan haar vriend moeten geven,Meta,NL & BE,Mark,,,,,,,,,,,,,0.0,1.67,2.38,,To Test,,,https://drive.google.com/drive/folders/1Ku05MrSFQEZzYp6pq7hkA49Xjt_dNf68?usp=drive_link
348,127-3,Flex Guard,2. Problem Aware,Problem-Solution,Female-approved grooming = better intimacy,"Begeerd worden door je partner

Afknappers en ongemakkelijke momenten voorkomen

Meer intimiteit, plezier en spontaniteit in bed

Zeker weten dat je altijd “goed zit” zonder stress",📱 UGC Talking Head Testimonial,🎬 Video,Ja zonder te scheren ga ik echt niks met hem doen hoor,Meta,NL & BE,Mark,,,,,,,,,,,,,0.0,1.67,2.38,,To Test,,,https://drive.google.com/drive/folders/1Ku05MrSFQEZzYp6pq7hkA49Xjt_dNf68?usp=drive_link
349,128-1,Flex Guard,2. Problem Aware,Problem-Solution,Safe grooming = sexual confidence upgrade,"Veilig en pijnloos je intieme zone kunnen trimmen

Geen angst meer voor sneetjes of irritatie

Zelfverzekerd zijn over je lichaam

Meer succes en vertrouwen in dating en seks",🎬 Studio / Polished Brand Video,🎬 Video,POV: Je bent opzoek naar de perfecte trimmer voor je ballen,Meta,NL & BE,Alex,,,,,,,,,,,,,0.0,1.67,2.38,,To Test,,,https://drive.google.com/drive/folders/1NcGuaGTkNP4SZnCcZItPFDnw62gHss4Z?usp=drive_link
350,128-2,Flex Guard,2. Problem Aware,Problem-Solution,Safe grooming = sexual confidence upgrade,"Veilig en pijnloos je intieme zone kunnen trimmen

Geen angst meer voor sneetjes of irritatie

Zelfverzekerd zijn over je lichaam

Meer succes en vertrouwen in dating en seks",🎬 Studio / Polished Brand Video,🎬 Video,POV: Je kan je zaakje eindelijk trimmen zonder sneetjes,Meta,NL & BE,Alex,,,,,,,,,,,,,0.0,1.67,2.38,,To Test,,,https://drive.google.com/drive/folders/1NcGuaGTkNP4SZnCcZItPFDnw62gHss4Z?usp=drive_link
351,128-3,Flex Guard,2. Problem Aware,Problem-Solution,Safe grooming = sexual confidence upgrade,"Veilig en pijnloos je intieme zone kunnen trimmen

Geen angst meer voor sneetjes of irritatie

Zelfverzekerd zijn over je lichaam

Meer succes en vertrouwen in dating en seks",🎬 Studio / Polished Brand Video,🎬 Video,POV: Door dit apparaat scoor je eindelijk meer vrouwen,Meta,NL & BE,Alex,,,,,,,,,,,,,0.0,1.67,2.38,,To Test,,,https://drive.google.com/drive/folders/1NcGuaGTkNP4SZnCcZItPFDnw62gHss4Z?usp=drive_link
352,129-1,Groom Guard,2. Problem Aware,Problem-Solution,Safe grooming = sexual confidence upgrade,"Veilig en pijnloos je intieme zone kunnen trimmen

Geen angst meer voor sneetjes of irritatie

Zelfverzekerd zijn over je lichaam

Meer succes en vertrouwen in dating en seks",🎬 Studio / Polished Brand Video,🎬 Video,POV: Door dit apparaat scoor je eindelijk meer vrouwen,Meta,NL & BE,Alex,,,,,,,,,,,,,0.0,1.9,2.38,,To Test,,,https://drive.google.com/drive/folders/1AC-65aICVH0zKtS3Neqp-udbWPDzVIWd?usp=drive_link
353,129-2,Groom Guard,2. Problem Aware,Problem-Solution,Safe grooming = sexual confidence upgrade,"Veilig en pijnloos je intieme zone kunnen trimmen

Geen angst meer voor sneetjes of irritatie

Zelfverzekerd zijn over je lichaam

Meer succes en vertrouwen in dating en seks",🎬 Studio / Polished Brand Video,🎬 Video,POV: Je kan je zaakje eindelijk trimmen zonder sneetjes,Meta,NL & BE,Alex,,,,,,,,,,,,,0.0,1.9,2.38,,To Test,,,https://drive.google.com/drive/folders/1AC-65aICVH0zKtS3Neqp-udbWPDzVIWd?usp=drive_link
354,129-3,Groom Guard,2. Problem Aware,Problem-Solution,Safe grooming = sexual confidence upgrade,"Veilig en pijnloos je intieme zone kunnen trimmen

Geen angst meer voor sneetjes of irritatie

Zelfverzekerd zijn over je lichaam

Meer succes en vertrouwen in dating en seks",🎬 Studio / Polished Brand Video,🎬 Video,POV: Je bent opzoek naar de perfecte trimmer voor je ballen,Meta,NL & BE,Alex,,,,,,,,,,,,,0.0,1.9,2.38,,To Test,,,https://drive.google.com/drive/folders/1AC-65aICVH0zKtS3Neqp-udbWPDzVIWd?usp=drive_link
355,130-1,Groom Guard,2. Problem Aware,Problem-Solution,Safe grooming = sexual confidence upgrade,"Veilig en pijnloos je intieme zone kunnen trimmen

Geen angst meer voor sneetjes of irritatie

Zelfverzekerd zijn over je lichaam

Meer succes en vertrouwen in dating en seks",🎬 Studio / Polished Brand Video,🎬 Video,POV: Door dit apparaat scoor je eindelijk meer vrouwen,Meta,NL & BE,Alex,,,,,,,,,,,,,0.0,1.9,2.38,,To Test,,,https://drive.google.com/drive/folders/1M0vho4iRbmKP-FBmlbN3wUGzp-Uzb4E0?usp=drive_link
356,130-2,Groom Guard,2. Problem Aware,Problem-Solution,Safe grooming = sexual confidence upgrade,"Veilig en pijnloos je intieme zone kunnen trimmen

Geen angst meer voor sneetjes of irritatie

Zelfverzekerd zijn over je lichaam

Meer succes en vertrouwen in dating en seks",🎬 Studio / Polished Brand Video,🎬 Video,POV: Je kan je zaakje eindelijk trimmen zonder sneetjes,Meta,NL & BE,Alex,,,,,,,,,,,,,0.0,1.9,2.38,,To Test,,,https://drive.google.com/drive/folders/1M0vho4iRbmKP-FBmlbN3wUGzp-Uzb4E0?usp=drive_link
357,130-3,Groom Guard,2. Problem Aware,Problem-Solution,Safe grooming = sexual confidence upgrade,"Veilig en pijnloos je intieme zone kunnen trimmen

Geen angst meer voor sneetjes of irritatie

Zelfverzekerd zijn over je lichaam

Meer succes en vertrouwen in dating en seks",🎬 Studio / Polished Brand Video,🎬 Video,POV: Je bent opzoek naar de perfecte trimmer voor je ballen,Meta,NL & BE,Alex,,,,,,,,,,,,,0.0,1.9,2.38,,To Test,,,https://drive.google.com/drive/folders/1M0vho4iRbmKP-FBmlbN3wUGzp-Uzb4E0?usp=drive_link
358,131-1,Flex Guard,2. Problem Aware,Negative / Pain Agitation,Confidence + safety turn grooming into social advantage,"Zelfverzekerd zijn over je lichaam en verzorging

Veilig kunnen trimmen zonder stress of risico

Aantrekkelijker overkomen zonder extra moeite

Gebruikmaken van “het beste wat er is” in plaats van twijfelen

Mee zijn met wat werkt en wat anderen ook gebruiken",📱 UGC Talking Head Testimonial,🎬 Video,"Waarom dit apparaat ervoor zorgt dat je meer aandacht krijgt van vrouwen, 3 redenen",Meta,NL & BE,Alex,,,,,,,,,,,,,0.0,1.67,2.38,,To Test,,,https://drive.google.com/drive/folders/1CWjIJWZ8SkO1pGt8-aUzpKf0Y99Qj65s?usp=drive_link
359,131-2,Flex Guard,2. Problem Aware,Negative / Pain Agitation,Confidence + safety turn grooming into social advantage,"Zelfverzekerd zijn over je lichaam en verzorging

Veilig kunnen trimmen zonder stress of risico

Aantrekkelijker overkomen zonder extra moeite

Gebruikmaken van “het beste wat er is” in plaats van twijfelen

Mee zijn met wat werkt en wat anderen ook gebruiken",📱 UGC Talking Head Testimonial,🎬 Video,"Waarom deze trimmer in 2026 viraal is gegaan, 3 redenen",Meta,NL & BE,Alex,,,,,,,,,,,,,0.0,1.67,2.38,,To Test,,,https://drive.google.com/drive/folders/1CWjIJWZ8SkO1pGt8-aUzpKf0Y99Qj65s?usp=drive_link
360,131-3,Flex Guard,2. Problem Aware,Negative / Pain Agitation,Confidence + safety turn grooming into social advantage,"Zelfverzekerd zijn over je lichaam en verzorging

Veilig kunnen trimmen zonder stress of risico

Aantrekkelijker overkomen zonder extra moeite

Gebruikmaken van “het beste wat er is” in plaats van twijfelen

Mee zijn met wat werkt en wat anderen ook gebruiken",📱 UGC Talking Head Testimonial,🎬 Video,"Waarom dit de beste trimmer is voor je ballen in Nederland, 3 redenen",Meta,NL & BE,Alex,,,,,,,,,,,,,0.0,1.67,2.38,,To Test,,,https://drive.google.com/drive/folders/1CWjIJWZ8SkO1pGt8-aUzpKf0Y99Qj65s?usp=drive_link
361,132-1,Flex Guard,2. Problem Aware,Negative / Pain Agitation,Female rejection exposes a hidden grooming dealbreaker,"Niet afgewezen worden om iets wat makkelijk te fixen is

Begrijpen wat vrouwen écht afknapt

Seksuele aantrekkingskracht behouden tot het moment suprême

Zeker weten dat je geen verborgen dealbreaker hebt

Met vertrouwen intimiteit ingaan, zonder twijfel",🎬 Studio / Polished Brand Video,🎬 Video,Dit is Dominique en ze heeft èèn probleem met mannen,Meta,NL & BE,Alex,,,,,,,,,,,,,0.0,1.67,2.38,,To Test,,,https://drive.google.com/drive/folders/1Jrh8qF3FS7Ua26uFhpzp-WKYC7GlwIF_?usp=drive_link
362,132-2,Flex Guard,2. Problem Aware,Negative / Pain Agitation,Female rejection exposes a hidden grooming dealbreaker,"Niet afgewezen worden om iets wat makkelijk te fixen is

Begrijpen wat vrouwen écht afknapt

Seksuele aantrekkingskracht behouden tot het moment suprême

Zeker weten dat je geen verborgen dealbreaker hebt

Met vertrouwen intimiteit ingaan, zonder twijfel",🎬 Studio / Polished Brand Video,🎬 Video,"Dit is Dominique ze gaat regelmatig met mannen naar bed, maar helaas stuurt ze hen ook weer direct weg",Meta,NL & BE,Alex,,,,,,,,,,,,,0.0,1.67,2.38,,To Test,,,https://drive.google.com/drive/folders/1Jrh8qF3FS7Ua26uFhpzp-WKYC7GlwIF_?usp=drive_link
363,132-3,Flex Guard,2. Problem Aware,Negative / Pain Agitation,Female rejection exposes a hidden grooming dealbreaker,"Niet afgewezen worden om iets wat makkelijk te fixen is

Begrijpen wat vrouwen écht afknapt

Seksuele aantrekkingskracht behouden tot het moment suprême

Zeker weten dat je geen verborgen dealbreaker hebt

Met vertrouwen intimiteit ingaan, zonder twijfel",🎬 Studio / Polished Brand Video,🎬 Video,"Dit is Dominique en ze zou op jou afknappen, door èèn simpele reden",Meta,NL & BE,Alex,,,,,,,,,,,,,0.0,1.67,2.38,,To Test,,,https://drive.google.com/drive/folders/1Jrh8qF3FS7Ua26uFhpzp-WKYC7GlwIF_?usp=drive_link
364,133-1,Groom Guard,1. Unaware,Transformation / Before-After,Female rejection exposes a hidden grooming dealbreaker,"Niet afgewezen worden om iets wat makkelijk te fixen is

Begrijpen wat vrouwen écht afknapt

Seksuele aantrekkingskracht behouden tot het moment suprême

Zeker weten dat je geen verborgen dealbreaker hebt

Met vertrouwen intimiteit ingaan, zonder twijfel",🎬 Studio / Polished Brand Video,🎬 Video,"Dit is Dominique en ze zou op jou afknappen, door èèn simpele reden",Meta,NL & BE,Alex,,,,,,,,,,,,,0.0,1.9,2.38,,To Test,,,https://drive.google.com/drive/folders/1FFU0cxP9sCMTYAwNxrIdfqkSIeeegfTZ?usp=drive_link
365,133-2,Groom Guard,1. Unaware,Transformation / Before-After,Female rejection exposes a hidden grooming dealbreaker,"Niet afgewezen worden om iets wat makkelijk te fixen is

Begrijpen wat vrouwen écht afknapt

Seksuele aantrekkingskracht behouden tot het moment suprême

Zeker weten dat je geen verborgen dealbreaker hebt

Met vertrouwen intimiteit ingaan, zonder twijfel",🎬 Studio / Polished Brand Video,🎬 Video,"Dit is Dominique ze gaat regelmatig met mannen naar bed, maar helaas stuurt ze hen ook weer direct weg",Meta,NL & BE,Alex,,,,,,,,,,,,,0.0,1.9,2.38,,To Test,,,https://drive.google.com/drive/folders/1FFU0cxP9sCMTYAwNxrIdfqkSIeeegfTZ?usp=drive_link
366,133-3,Groom Guard,1. Unaware,Transformation / Before-After,Female rejection exposes a hidden grooming dealbreaker,"Niet afgewezen worden om iets wat makkelijk te fixen is

Begrijpen wat vrouwen écht afknapt

Seksuele aantrekkingskracht behouden tot het moment suprême

Zeker weten dat je geen verborgen dealbreaker hebt

Met vertrouwen intimiteit ingaan, zonder twijfel",🎬 Studio / Polished Brand Video,🎬 Video,Dit is Dominique en ze heeft èèn probleem met mannen,Meta,NL & BE,Alex,,,,,,,,,,,,,0.0,1.9,2.38,,To Test,,,https://drive.google.com/drive/folders/1FFU0cxP9sCMTYAwNxrIdfqkSIeeegfTZ?usp=drive_link
367,134-1,Flex Guard,2. Problem Aware,Negative / Pain Agitation,Optical enhancement through grooming = confidence boost,"Zich aantrekkelijker voelen zonder medische onzin

Optisch het maximale halen uit je lichaam

Meer zelfvertrouwen in intieme situaties

Opvallen ten opzichte van andere mannen

Zeker weten dat je er verzorgd en “on point” uitziet",📱 UGC Talking Head Testimonial,🎬 Video,Zo maak je je toverstaf 7cm groter,Meta,NL & BE,Alex,,,,,,,,,,,,,0.0,1.67,2.38,,To Test,,,https://drive.google.com/drive/folders/1jH0G0FJAHX8OgLcTkk_0e04oD1XZNjFV?usp=drive_link
368,134-2,Flex Guard,2. Problem Aware,Negative / Pain Agitation,Optical enhancement through grooming = confidence boost,"Zich aantrekkelijker voelen zonder medische onzin

Optisch het maximale halen uit je lichaam

Meer zelfvertrouwen in intieme situaties

Opvallen ten opzichte van andere mannen

Zeker weten dat je er verzorgd en “on point” uitziet",📱 UGC Talking Head Testimonial,🎬 Video,"Jou buurvrouw wacht op je, gebruik nu dit apparaat om jou toverstaf deze week 7cm te laten groeien",Meta,NL & BE,Alex,,,,,,,,,,,,,0.0,1.67,2.38,,To Test,,,https://drive.google.com/drive/folders/1jH0G0FJAHX8OgLcTkk_0e04oD1XZNjFV?usp=drive_link
369,134-3,Flex Guard,2. Problem Aware,Negative / Pain Agitation,Optical enhancement through grooming = confidence boost,"Zich aantrekkelijker voelen zonder medische onzin

Optisch het maximale halen uit je lichaam

Meer zelfvertrouwen in intieme situaties

Opvallen ten opzichte van andere mannen

Zeker weten dat je er verzorgd en “on point” uitziet",📱 UGC Talking Head Testimonial,🎬 Video,"1,2 km. verderop wacht er een natte vrouw op je, zo wordt jou toverstaf 7 cm groter",Meta,NL & BE,Alex,,,,,,,,,,,,,0.0,1.67,2.38,,To Test,,,https://drive.google.com/drive/folders/1jH0G0FJAHX8OgLcTkk_0e04oD1XZNjFV?usp=drive_link
370,135-1,Flex Guard,2. Problem Aware,Negative / Pain Agitation,Unkempt grooming is an instant attraction killer,"Niet onaantrekkelijk gevonden worden door vrouwen

Voldoen aan moderne verzorgingsstandaarden

Fris, schoon en verzorgd aanvoelen

Geen onzekerheid of twijfel meer over je lichaam

Weten dat je er beter uitziet dan “de meeste mannen”",📱 UGC Talking Head Testimonial,🎬 Video,Denk jij dat vrouwen die jungle daar beneden leuk vinden? Nou echt niet!,Meta,NL & BE,Mark,,,,,,,,,,,,,0.0,1.67,2.38,,To Test,,,https://drive.google.com/drive/folders/1iYR1Ce4MYU8f1OrHmDiQ4T3BpWGJgLcY?usp=drive_link
371,135-2,Flex Guard,2. Problem Aware,Negative / Pain Agitation,Unkempt grooming is an instant attraction killer,"Niet onaantrekkelijk gevonden worden door vrouwen

Voldoen aan moderne verzorgingsstandaarden

Fris, schoon en verzorgd aanvoelen

Geen onzekerheid of twijfel meer over je lichaam

Weten dat je er beter uitziet dan “de meeste mannen”",📱 UGC Talking Head Testimonial,🎬 Video,Hey grote vriend! Wat is de laatste keer dat jij je hebt geschoren?,Meta,NL & BE,Mark,,,,,,,,,,,,,0.0,1.67,2.38,,To Test,,,https://drive.google.com/drive/folders/1iYR1Ce4MYU8f1OrHmDiQ4T3BpWGJgLcY?usp=drive_link
372,135-3,Flex Guard,2. Problem Aware,Negative / Pain Agitation,Unkempt grooming is an instant attraction killer,"Niet onaantrekkelijk gevonden worden door vrouwen

Voldoen aan moderne verzorgingsstandaarden

Fris, schoon en verzorgd aanvoelen

Geen onzekerheid of twijfel meer over je lichaam

Weten dat je er beter uitziet dan “de meeste mannen”",📱 UGC Talking Head Testimonial,🎬 Video,"Mannen, veel schaamhaar is toch gewoon onaatrekkelijk!",Meta,NL & BE,Mark,,,,,,,,,,,,,0.0,1.67,2.38,,To Test,,,https://drive.google.com/drive/folders/1iYR1Ce4MYU8f1OrHmDiQ4T3BpWGJgLcY?usp=drive_link
373,136-1,Flex Guard,1. Unaware,Social Proof / Reviews,Unkempt grooming is an instant attraction killer,"Niet onaantrekkelijk gevonden worden door vrouwen

Voldoen aan moderne verzorgingsstandaarden

Fris, schoon en verzorgd aanvoelen

Geen onzekerheid of twijfel meer over je lichaam

Weten dat je er beter uitziet dan “de meeste mannen”",📱 UGC Talking Head Testimonial,🎬 Video,Denk jij dat vrouwen die jungle daar beneden leuk vinden? Nou echt niet!,Meta,NL & BE,Mark,,,,,,,,,,,,,0.0,1.67,2.38,,To Test,,,https://drive.google.com/drive/folders/1_g1RqkBfsa_HU7G9Eo5PGd-LzBCEt3ak?usp=drive_link
374,136-2,Flex Guard,1. Unaware,Social Proof / Reviews,Unkempt grooming is an instant attraction killer,"Niet onaantrekkelijk gevonden worden door vrouwen

Voldoen aan moderne verzorgingsstandaarden

Fris, schoon en verzorgd aanvoelen

Geen onzekerheid of twijfel meer over je lichaam

Weten dat je er beter uitziet dan “de meeste mannen”",📱 UGC Talking Head Testimonial,🎬 Video,Hey grote vriend! Wat is de laatste keer dat jij je hebt geschoren?,Meta,NL & BE,Mark,,,,,,,,,,,,,0.0,1.67,2.38,,To Test,,,https://drive.google.com/drive/folders/1_g1RqkBfsa_HU7G9Eo5PGd-LzBCEt3ak?usp=drive_link
375,136-3,Flex Guard,1. Unaware,Social Proof / Reviews,Unkempt grooming is an instant attraction killer,"Niet onaantrekkelijk gevonden worden door vrouwen

Voldoen aan moderne verzorgingsstandaarden

Fris, schoon en verzorgd aanvoelen

Geen onzekerheid of twijfel meer over je lichaam

Weten dat je er beter uitziet dan “de meeste mannen”",📱 UGC Talking Head Testimonial,🎬 Video,"Mannen, veel schaamhaar is toch gewoon onaatrekkelijk!",Meta,NL & BE,Mark,,,,,,,,,,,,,0.0,1.67,2.38,,To Test,,,https://drive.google.com/drive/folders/1_g1RqkBfsa_HU7G9Eo5PGd-LzBCEt3ak?usp=drive_link
376,137-1,Groom Guard,2. Problem Aware,Social Proof / Reviews,Female validation turns grooming into sexual upgrade,"Bevestiging krijgen dat je aantrekkelijk bent voor vrouwen

Meer plezier, spontaniteit en intimiteit in bed

Afknappers zoals schaamhaar volledig uitsluiten

Zelfverzekerd voelen in intieme situaties

Weten dat je partner het écht waardeert",📱 UGC Talking Head Testimonial,🎬 Video,Ja mijn vriend is in èèn keer een p*rno ster geworden in bed,Meta,NL & BE,Mark,,,,,,,,,,,,,0.0,1.9,2.38,,To Test,,,https://drive.google.com/drive/folders/1zNG4_aw4gfn_eBlecfIh4zh6cwisrgud?usp=drive_link
377,137-2,Groom Guard,2. Problem Aware,Social Proof / Reviews,Female validation turns grooming into sexual upgrade,"Bevestiging krijgen dat je aantrekkelijk bent voor vrouwen

Meer plezier, spontaniteit en intimiteit in bed

Afknappers zoals schaamhaar volledig uitsluiten

Zelfverzekerd voelen in intieme situaties

Weten dat je partner het écht waardeert",📱 UGC Talking Head Testimonial,🎬 Video,Ja wij vrouwen houden gewoon niet van schaamhaar,Meta,NL & BE,Mark,,,,,,,,,,,,,0.0,1.9,2.38,,To Test,,,https://drive.google.com/drive/folders/1zNG4_aw4gfn_eBlecfIh4zh6cwisrgud?usp=drive_link
378,137-3,Groom Guard,2. Problem Aware,Social Proof / Reviews,Female validation turns grooming into sexual upgrade,"Bevestiging krijgen dat je aantrekkelijk bent voor vrouwen

Meer plezier, spontaniteit en intimiteit in bed

Afknappers zoals schaamhaar volledig uitsluiten

Zelfverzekerd voelen in intieme situaties

Weten dat je partner het écht waardeert",📱 UGC Talking Head Testimonial,🎬 Video,"Sinds dat mijn vriend de Groom Guard gebruikt, spring ik dagelijks weer met hem het bed in!",Meta,NL & BE,Mark,,,,,,,,,,,,,0.0,1.9,2.38,,To Test,,,https://drive.google.com/drive/folders/1zNG4_aw4gfn_eBlecfIh4zh6cwisrgud?usp=drive_link
379,138-1,Groom Guard,1. Unaware,Curiosity / Intrigue,Social proof + female standards expose grooming neglect,"Niet achterblijven bij wat “normaal” en aantrekkelijk is

Voldoen aan vrouwelijke verzorgingsstandaarden

Geen afknapper zijn door nalatigheid

Fris, verzorgd en zelfverzekerd zijn

Een eenvoudige oplossing die meteen werkt",📱 UGC Talking Head Testimonial,🎬 Video,"Maar 40% van de mannen scheert zich daar beneden, geloof me dat is toch veel te weinig, en daarom raad ik deze Groom Guard van Wellshave aan!",Meta,NL & BE,Mark,,,,,,,,,,,,,0.0,1.9,2.38,,To Test,,,https://drive.google.com/drive/folders/10RG9DehkYVwrBRuhZntvZQNNF-D2ePXH?usp=drive_link
380,138-2,Groom Guard,1. Unaware,Curiosity / Intrigue,Social proof + female standards expose grooming neglect,"Niet achterblijven bij wat “normaal” en aantrekkelijk is

Voldoen aan vrouwelijke verzorgingsstandaarden

Geen afknapper zijn door nalatigheid

Fris, verzorgd en zelfverzekerd zijn

Een eenvoudige oplossing die meteen werkt",📱 UGC Talking Head Testimonial,🎬 Video,"Mannen veel schaamhaar is toch gewoon onaantrekkelijk, en daarom raad ik deze Groom Guard van Wellshave aan!",Meta,NL & BE,Mark,,,,,,,,,,,,,0.0,1.9,2.38,,To Test,,,https://drive.google.com/drive/folders/10RG9DehkYVwrBRuhZntvZQNNF-D2ePXH?usp=drive_link
381,138-3,Groom Guard,1. Unaware,Curiosity / Intrigue,Social proof + female standards expose grooming neglect,"Niet achterblijven bij wat “normaal” en aantrekkelijk is

Voldoen aan vrouwelijke verzorgingsstandaarden

Geen afknapper zijn door nalatigheid

Fris, verzorgd en zelfverzekerd zijn

Een eenvoudige oplossing die meteen werkt",📱 UGC Talking Head Testimonial,🎬 Video,Denk jij dat vrouwen die jungle daar beneden leuk vinden? Nou echt niet! En daarom raad ik deze Groom Guard van Wellshave aan!,Meta,NL & BE,Mark,,,,,,,,,,,,,0.0,1.9,2.38,,To Test,,,https://drive.google.com/drive/folders/10RG9DehkYVwrBRuhZntvZQNNF-D2ePXH?usp=drive_link
382,139-1,Flex Guard,1. Unaware,Curiosity / Intrigue,Zwevende Flex Guard Viral Trend,Geen wondjes of irritatie in gevoelige zones,👤 Founder Story / Origin Video,🎬 Video,Kale b*llen zonder iritatie of wondjes? Bestel de Flex Guard nu met 30% korting op www.wellshave.com,Meta,NL & BE,Alex,,,,,,,,,,,,,0.0,1.67,2.38,,To Test,,,https://drive.google.com/drive/folders/1TnaHdDBjXR2QUvoLM9z6_cqVGU1RZXqL?usp=drive_link
383,139-2,Groom Guard,1. Unaware,Curiosity / Intrigue,Zwevende Groom Guard Viral Trend,Geen wondjes of irritatie in gevoelige zones,👤 Founder Story / Origin Video,🎬 Video,Kale b*llen zonder iritatie of wondjes? Bestel de Groom Guard nu met 30% korting op www.wellshave.com,Meta,NL & BE,Alex,,,,,,,,,,,,,0.0,1.9,2.38,,To Test,,,https://drive.google.com/drive/folders/1TnaHdDBjXR2QUvoLM9z6_cqVGU1RZXqL?usp=drive_link
384,139-3,Head Shaver Deluxe,1. Unaware,Curiosity / Intrigue,Zwevende Skull Shaver Deluxe Viral Trend,Snel scheren in 3 minuten kaal,👤 Founder Story / Origin Video,🎬 Video,Een kale kop in 3 minuten? Bestel de Skull Shaver nu met 30% korting op www.wellshave.com,Meta,NL & BE,Jason,,,,,,,,,,,,,0.0,1.93,2.57,,To Test,,,https://drive.google.com/drive/folders/1TnaHdDBjXR2QUvoLM9z6_cqVGU1RZXqL?usp=drive_link
385,140-1,Dual Groomer,3. Solution Aware,Comparison / Anti-X,“Je scheert verkeerd – dit is hoe het wél moet” Funny video,"Controle & correctheid
Zelfvertrouwen
Slimme keuze maken",📱 UGC Talking Head Testimonial,🎬 Video,Wist je dat. JIJ je al je hele leven lang verkeerd scheert….,Meta,NL & BE,Alex,,,,,,,,,,,,,0.0,1.69,2.41,,To Test,,,https://drive.google.com/drive/folders/1iHleRgAZ1e7tCoK8MY-x7YH3pepXltwl?usp=drive_link
386,140-2,Dual Groomer,3. Solution Aware,Comparison / Anti-X,“Je scheert verkeerd – dit is hoe het wél moet” Funny video,"Controle & correctheid
Zelfvertrouwen
Slimme keuze maken",📱 UGC Talking Head Testimonial,🎬 Video,"Doe dit niet, als je je b*llen scheert!",Meta,NL & BE,Alex,,,,,,,,,,,,,0.0,1.69,2.41,,To Test,,,https://drive.google.com/drive/folders/1iHleRgAZ1e7tCoK8MY-x7YH3pepXltwl?usp=drive_link
387,140-3,Dual Groomer,3. Solution Aware,Comparison / Anti-X,“Je scheert verkeerd – dit is hoe het wél moet” Funny video,"Controle & correctheid
Zelfvertrouwen
Slimme keuze maken",📱 UGC Talking Head Testimonial,🎬 Video,POV: Ik scheer me al mijn hele leven verkeerd….,Meta,NL & BE,Alex,,,,,,,,,,,,,0.0,1.69,2.41,,To Test,,,https://drive.google.com/drive/folders/1iHleRgAZ1e7tCoK8MY-x7YH3pepXltwl?usp=drive_link
388,140-4,Flex Guard,3. Solution Aware,Comparison / Anti-X,“Je scheert verkeerd – dit is hoe het wél moet” Funny video,"Controle & correctheid
Zelfvertrouwen
Slimme keuze maken",📱 UGC Talking Head Testimonial,🎬 Video,Wist je dat. JIJ je al je hele leven lang verkeerd scheert….,Meta,NL & BE,Alex,,,,,,,,,,,,,0.0,1.67,2.38,,To Test,,,https://drive.google.com/drive/folders/1EzJLUQx0ELxrIekLIAO-PMbga4siPiNo?usp=drive_link
389,140-5,Flex Guard,3. Solution Aware,Comparison / Anti-X,“Je scheert verkeerd – dit is hoe het wél moet” Funny video,"Controle & correctheid
Zelfvertrouwen
Slimme keuze maken",📱 UGC Talking Head Testimonial,🎬 Video,"Doe dit niet, als je je b*llen scheert!",Meta,NL & BE,Alex,,,,,,,,,,,,,0.0,1.67,2.38,,To Test,,,https://drive.google.com/drive/folders/1EzJLUQx0ELxrIekLIAO-PMbga4siPiNo?usp=drive_link
390,140-6,Flex Guard,3. Solution Aware,Comparison / Anti-X,“Je scheert verkeerd – dit is hoe het wél moet” Funny video,"Controle & correctheid
Zelfvertrouwen
Slimme keuze maken",📱 UGC Talking Head Testimonial,🎬 Video,POV: Ik scheer me al mijn hele leven verkeerd….,Meta,NL & BE,Alex,,,,,,,,,,,,,0.0,1.67,2.38,,To Test,,,https://drive.google.com/drive/folders/1EzJLUQx0ELxrIekLIAO-PMbga4siPiNo?usp=drive_link
391,140-7,Groom Guard,3. Solution Aware,Comparison / Anti-X,“Je scheert verkeerd – dit is hoe het wél moet” Funny video,"Controle & correctheid
Zelfvertrouwen
Slimme keuze maken",📱 UGC Talking Head Testimonial,🎬 Video,Wist je dat. JIJ je al je hele leven lang verkeerd scheert….,Meta,NL & BE,Alex,,,,,,,,,,,,,0.0,1.9,2.38,,To Test,,,https://drive.google.com/drive/folders/1rNexij-vY6UsjlW2slSYTsfvJZ-VcTot?usp=drive_link
392,140-8,Groom Guard,3. Solution Aware,Comparison / Anti-X,“Je scheert verkeerd – dit is hoe het wél moet” Funny video,"Controle & correctheid
Zelfvertrouwen
Slimme keuze maken",📱 UGC Talking Head Testimonial,🎬 Video,"Doe dit niet, als je je b*llen scheert!",Meta,NL & BE,Alex,,,,,,,,,,,,,0.0,1.9,2.38,,To Test,,,https://drive.google.com/drive/folders/1rNexij-vY6UsjlW2slSYTsfvJZ-VcTot?usp=drive_link
393,140-9,Groom Guard,3. Solution Aware,Comparison / Anti-X,“Je scheert verkeerd – dit is hoe het wél moet” Funny video,"Controle & correctheid
Zelfvertrouwen
Slimme keuze maken",📱 UGC Talking Head Testimonial,🎬 Video,POV: Ik scheer me al mijn hele leven verkeerd….,Meta,NL & BE,Alex,,,,,,,,,,,,,0.0,1.9,2.38,,To Test,,,https://drive.google.com/drive/folders/1rNexij-vY6UsjlW2slSYTsfvJZ-VcTot?usp=drive_link
394,141-1,Head Shaver Deluxe,3. Solution Aware,Benefits-Driven,“Dit is waarom zoveel mannen overstappen”,"Zekerheid, Opluchting & Efficiëntie & controle",📱 UGC Talking Head Testimonial,🎬 Video,3 redenen waarom ik ben overgestapt van een scheermesje naar deze Skull Shaver,Meta,NL & BE,Jason,,,,,,,,,,,,,0.0,1.93,2.57,,To Test,,,https://drive.google.com/drive/folders/1g2qQCHsbh29h9m_Og96l2hnz7cc5qhoi?usp=drive_link
395,141-2,Head Shaver Deluxe,3. Solution Aware,Benefits-Driven,“Dit is waarom zoveel mannen overstappen”,"Zekerheid, Opluchting & Efficiëntie & controle",📱 UGC Talking Head Testimonial,🎬 Video,3 redenen waarom JIJ moet overstappen van een scheermesje naar deze Skull Shaver,Meta,NL & BE,Jason,,,,,,,,,,,,,0.0,1.93,2.57,,To Test,,,https://drive.google.com/drive/folders/1g2qQCHsbh29h9m_Og96l2hnz7cc5qhoi?usp=drive_link
396,141-3,Head Shaver Deluxe,3. Solution Aware,Benefits-Driven,“Dit is waarom zoveel mannen overstappen”,"Zekerheid, Opluchting & Efficiëntie & controle",📱 UGC Talking Head Testimonial,🎬 Video,3 redenen waarom ik niet meer met scheermesje mijn hoofd scheer,Meta,NL & BE,Jason,,,,,,,,,,,,,0.0,1.93,2.57,,To Test,,,https://drive.google.com/drive/folders/1g2qQCHsbh29h9m_Og96l2hnz7cc5qhoi?usp=drive_link
397,142-1,Head Shaver Deluxe,2. Problem Aware,Problem-Solution,"Smooth head without shaving cream, cuts or hassie","Relief, Certainty & Time savings & convenience",📱 UGC Talking Head Testimonial,🎬 Video,Elke keer na het scheren met een scheermesje voelde het als of mijn hoofd in brand stond,Meta,NL & BE,Jason,,,,,,,,,,,,,0.0,1.93,2.57,,To Test,,,https://drive.google.com/drive/folders/1Ovz94JB3jwD8nTO1OSviQtAAnCcx2Tm9?usp=sharing
398,142-2,Head Shaver Deluxe,2. Problem Aware,Problem-Solution,"Smooth head without shaving cream, cuts or hassie","Relief, Certainty & Time savings & convenience",📱 UGC Talking Head Testimonial,🎬 Video,Elke keer na het scheren met een scheermesje voelde ik me Harry van home alone,Meta,NL & BE,Jason,,,,,,,,,,,,,0.0,1.93,2.57,,To Test,,,https://drive.google.com/drive/folders/1Ovz94JB3jwD8nTO1OSviQtAAnCcx2Tm9?usp=sharing
399,142-3,Head Shaver Deluxe,2. Problem Aware,Problem-Solution,"Smooth head without shaving cream, cuts or hassie","Relief, Certainty & Time savings & convenience",📱 UGC Talking Head Testimonial,🎬 Video,Dit is de REDEN waarom je je niet met een scheermes moet scheren!,Meta,NL & BE,Jason,,,,,,,,,,,,,0.0,1.93,2.57,,To Test,,,https://drive.google.com/drive/folders/1Ovz94JB3jwD8nTO1OSviQtAAnCcx2Tm9?usp=sharing
400,143-1,Flex Guard,3. Solution Aware,Benefits-Driven,"Probleem + oplossing: fouten benoemen, Flex Guard lost ze op",Wil een simpele oplossing die gewoon werkt,📱 UGC Talking Head Testimonial,🎬 Video,Jij scheert je waarschijnlijk verkeerd. En je huid betaalt de prijs.,Meta,NL & BE,Alex,,,,,,,,,,,,,0.0,1.67,2.38,,To Test,,,https://drive.google.com/drive/folders/1DJP78qGGa0LJAmnGaPA3jpYyKVR1Ky4q?usp=drive_link
401,143-2,Flex Guard,3. Solution Aware,Benefits-Driven,"Probleem + oplossing: fouten benoemen, Flex Guard lost ze op",Wil een simpele oplossing die gewoon werkt,📱 UGC Talking Head Testimonial,🎬 Video,Elke keer als jij scheert maak je waarschijnlijk drie fouten. En je huid laat het je voelen.,Meta,NL & BE,Alex,,,,,,,,,,,,,0.0,1.67,2.38,,To Test,,,https://drive.google.com/drive/folders/1DJP78qGGa0LJAmnGaPA3jpYyKVR1Ky4q?usp=drive_link
402,143-3,Flex Guard,3. Solution Aware,Benefits-Driven,"Probleem + oplossing: fouten benoemen, Flex Guard lost ze op",Wil een simpele oplossing die gewoon werkt,📱 UGC Talking Head Testimonial,🎬 Video,Wist je dat 90% van de mannen dezelfde drie scheerfouten maakt?,Meta,NL & BE,Alex,,,,,,,,,,,,,0.0,1.67,2.38,,To Test,,,https://drive.google.com/drive/folders/1DJP78qGGa0LJAmnGaPA3jpYyKVR1Ky4q?usp=drive_link
403,144-1,Flex Guard,1. Unaware,Storytelling / Narrative,Easy maintenance: grooming hoeft niet lang te duren,Wil er verzorgd uitzien zonder dat het veel tijd kost,📱 UGC Talking Head Testimonial,🎬 Video,"Je zit twee uur per dag op je telefoon. Maar je hebt ""geen tijd"" om jezelf te scheren.",Meta,NL & BE,Alex,,,,,,,,,,,,,0.0,1.67,2.38,,To Test,,,https://drive.google.com/drive/folders/1Nw_gitxWv--m9XLEHHJ7nu1h4zr4mPZE?usp=drive_link
404,144-1,Flex Guard,1. Unaware,Storytelling / Narrative,Easy maintenance: grooming hoeft niet lang te duren,Wil er verzorgd uitzien zonder dat het veel tijd kost,📱 UGC Talking Head Testimonial,🎬 Video,"Als je twee minuten kan scrollen, kan je dit ook fixen.",Meta,NL & BE,Alex,,,,,,,,,,,,,0.0,1.67,2.38,,To Test,,,https://drive.google.com/drive/folders/1Nw_gitxWv--m9XLEHHJ7nu1h4zr4mPZE?usp=drive_link
405,144-1,Flex Guard,1. Unaware,Storytelling / Narrative,Easy maintenance: grooming hoeft niet lang te duren,Wil er verzorgd uitzien zonder dat het veel tijd kost,📱 UGC Talking Head Testimonial,🎬 Video,Je hebt twee uur schermtijd per dag. Maar geen twee minuten voor jezelf.,Meta,NL & BE,Alex,,,,,,,,,,,,,0.0,1.67,2.38,,To Test,,,https://drive.google.com/drive/folders/1Nw_gitxWv--m9XLEHHJ7nu1h4zr4mPZE?usp=drive_link
406,145-1,Flex Guard,1. Unaware,Social Proof / Reviews,“Zo ga je voorbereid en verzorgd op date – zonder excuses”,"Aantrekkelijk gevonden worden
Zelfvertrouwen vóór het moment
Controle & voorbereiding",📱 UGC Talking Head Testimonial,🎬 Video,Ga niet naar een club zonder deze 3 dingen!,Meta,NL & BE,Alex,,,,,,,,,,,,,0.0,1.67,2.38,,To Test,,,https://drive.google.com/drive/folders/1yga4CEXqwtGqkCt2RAFI8no9SMOLXdWF?usp=drive_link
407,145-2,Flex Guard,1. Unaware,Social Proof / Reviews,“Zo ga je voorbereid en verzorgd op date – zonder excuses”,"Aantrekkelijk gevonden worden
Zelfvertrouwen vóór het moment
Controle & voorbereiding",📱 UGC Talking Head Testimonial,🎬 Video,Ga niet naar een festival zonder deze 3 dingen!,Meta,NL & BE,Alex,,,,,,,,,,,,,0.0,1.67,2.38,,To Test,,,https://drive.google.com/drive/folders/1yga4CEXqwtGqkCt2RAFI8no9SMOLXdWF?usp=drive_link
408,145-3,Flex Guard,1. Unaware,Social Proof / Reviews,“Zo ga je voorbereid en verzorgd op date – zonder excuses”,"Aantrekkelijk gevonden worden
Zelfvertrouwen vóór het moment
Controle & voorbereiding",📱 UGC Talking Head Testimonial,🎬 Video,Deze 3 dingen kan je als man NIET vergeten!,Meta,NL & BE,Alex,,,,,,,,,,,,,0.0,1.67,2.38,,To Test,,,https://drive.google.com/drive/folders/1yga4CEXqwtGqkCt2RAFI8no9SMOLXdWF?usp=drive_link
409,146-1,Groom Guard,3. Solution Aware,Comparison / Anti-X,Confidence angle: verzorgd zijn is het minimum en maakt meteen verschil in aantrekkelijkheid,Aantrekkelijk gevonden worden en geen afknappers veroorzaken,📱 UGC Talking Head Testimonial,🎬 Video,"Oké, ik ga eerlijk zijn, dit zijn mijn drie grootste afknappers bij mannen. En ik denk dat heel veel vrouwen dit gaan herkennen.",Meta,NL & BE,Alex,,,,,,,,,,,,,0.0,1.9,2.38,,To Test,,,https://drive.google.com/drive/folders/1RN_Cl328DIFV41KsdTW5_RoSbpUhOytS?usp=drive_link
410,146-2,Groom Guard,3. Solution Aware,Comparison / Anti-X,Confidence angle: verzorgd zijn is het minimum en maakt meteen verschil in aantrekkelijkheid,Aantrekkelijk gevonden worden en geen afknappers veroorzaken,📱 UGC Talking Head Testimonial,🎬 Video,Dit zijn mijn red flags bij mannen en ik denk dat veel vrouwen hierin hetzelfde denken. De laatste is echt een absolute no go.,Meta,NL & BE,Alex,,,,,,,,,,,,,0.0,1.9,2.38,,To Test,,,https://drive.google.com/drive/folders/1RN_Cl328DIFV41KsdTW5_RoSbpUhOytS?usp=drive_link
411,146-3,Groom Guard,3. Solution Aware,Comparison / Anti-X,Confidence angle: verzorgd zijn is het minimum en maakt meteen verschil in aantrekkelijkheid,Aantrekkelijk gevonden worden en geen afknappers veroorzaken,📱 UGC Talking Head Testimonial,🎬 Video,"Mannen, alsjeblieft, dit zijn drie dingen waardoor je zó onnodig afknapt. En die derde, dat zullen vrouwen je nooit direct vertellen.",Meta,NL & BE,Alex,,,,,,,,,,,,,0.0,1.9,2.38,,To Test,,,https://drive.google.com/drive/folders/1RN_Cl328DIFV41KsdTW5_RoSbpUhOytS?usp=drive_link
412,147-1,Flex Guard,2. Problem Aware,Comparison / Anti-X,“Trimmers scheren niet glad” → Mythe ontkrachten → Proof via foil shaver + female validation,"Zeker weten dat het écht glad kan
Geen irritatie of rode bultjes meer
Bevestiging van partner (“zij merkt het verschil”)",📱 UGC Talking Head Testimonial,🎬 Video,Huhh trimmers scheren niet glad? Euhh die van mijn vriend zeker wel!,Meta,NL & BE,Mark,,,,,,,,,,,,,0.0,1.67,2.38,,To Test,,,https://drive.google.com/drive/folders/1CBgXdBNwV8ofHk0GKD7HK_qnvFyFhu-x?usp=drive_link
413,147-2,Flex Guard,2. Problem Aware,Comparison / Anti-X,“Trimmers scheren niet glad” → Mythe ontkrachten → Proof via foil shaver + female validation,"Zeker weten dat het écht glad kan
Geen irritatie of rode bultjes meer
Bevestiging van partner (“zij merkt het verschil”)",📱 UGC Talking Head Testimonial,🎬 Video,"Met een trimmer kan je echt niet je ballen scheren, uhh die van mijn man bewijst je het tegendeel",Meta,NL & BE,Mark,,,,,,,,,,,,,0.0,1.67,2.38,,To Test,,,https://drive.google.com/drive/folders/1CBgXdBNwV8ofHk0GKD7HK_qnvFyFhu-x?usp=drive_link
414,147-3,Flex Guard,2. Problem Aware,Comparison / Anti-X,“Trimmers scheren niet glad” → Mythe ontkrachten → Proof via foil shaver + female validation,"Zeker weten dat het écht glad kan
Geen irritatie of rode bultjes meer
Bevestiging van partner (“zij merkt het verschil”)",📱 UGC Talking Head Testimonial,🎬 Video,Je moet je scheren met een scheermes? Uhh zeker niet mijn vreind gebruikt de Groom Guard van Wellshave en dit is waarom:,Meta,NL & BE,Mark,,,,,,,,,,,,,0.0,1.67,2.38,,To Test,,,https://drive.google.com/drive/folders/1CBgXdBNwV8ofHk0GKD7HK_qnvFyFhu-x?usp=drive_link
415,148-1,Groom Guard PRO,1. Unaware,Storytelling / Narrative,"Anti-Razor Disruption Angle
Scheermes = oud, riskant, duur
Trimmer = modern, veilig, gecontroleerd
Belofte: Sneller. Veiliger. Comfortabeler.","Geen irritatie, sneetjes of stress meer
Controle en zekerheid op gevoelige zones
Slimmere en comfortabelere upgrade",📱 UGC Talking Head Testimonial,🎬 Video,Je moet stoppen met het scheren van je lichaamshaar met een scheermes! En beginnen met trimmen!,Meta,NL & BE,Mark,,,,,,,,,,,,,0.0,1.65,2.2,,To Test,,,https://drive.google.com/drive/folders/1sgI98V3fD1lHDPSAOZo-U5ty15CKjJhp?usp=drive_link
416,148-2,Groom Guard PRO,1. Unaware,Storytelling / Narrative,"Anti-Razor Disruption Angle
Scheermes = oud, riskant, duur
Trimmer = modern, veilig, gecontroleerd
Belofte: Sneller. Veiliger. Comfortabeler.","Geen irritatie, sneetjes of stress meer
Controle en zekerheid op gevoelige zones
Slimmere en comfortabelere upgrade",📱 UGC Talking Head Testimonial,🎬 Video,Dit is waarom jij moet stoppen met het scheren van je lichaamshaar met een scheermes,Meta,NL & BE,Mark,,,,,,,,,,,,,0.0,1.65,2.2,,To Test,,,https://drive.google.com/drive/folders/1sgI98V3fD1lHDPSAOZo-U5ty15CKjJhp?usp=drive_link
417,148-3,Groom Guard PRO,1. Unaware,Storytelling / Narrative,"Anti-Razor Disruption Angle
Scheermes = oud, riskant, duur
Trimmer = modern, veilig, gecontroleerd
Belofte: Sneller. Veiliger. Comfortabeler.","Geen irritatie, sneetjes of stress meer
Controle en zekerheid op gevoelige zones
Slimmere en comfortabelere upgrade",📱 UGC Talking Head Testimonial,🎬 Video,"Je ballen scheren met een scheermes, daar moet je echt mee stoppen!",Meta,NL & BE,Mark,,,,,,,,,,,,,0.0,1.65,2.2,,To Test,,,https://drive.google.com/drive/folders/1sgI98V3fD1lHDPSAOZo-U5ty15CKjJhp?usp=drive_link
418,149-1,Groom Guard,2. Problem Aware,Social Proof / Reviews,"Zelfvertrouwen begint niet op het moment zelf,
maar ervoor.","Wants to be groomed for the next time 
Voorbereid zijn op intieme momenten
Schaamte en paniek voorkomen",📱 UGC Talking Head Testimonial,🎬 Video,Zo heb ik mijn vrije zaterdag verpest toen ik opstap was..,Meta,NL & BE,Alex,,,,,,,,,,,,,0.0,1.9,2.38,,To Test,,,https://drive.google.com/drive/folders/1IBfb7XYFAmtZ_6VMfLypLzu-R0WUhMAh?usp=drive_link
419,149-2,Groom Guard,2. Problem Aware,Social Proof / Reviews,"Zelfvertrouwen begint niet op het moment zelf,
maar ervoor.","Wants to be groomed for the next time 
Voorbereid zijn op intieme momenten
Schaamte en paniek voorkomen",📱 UGC Talking Head Testimonial,🎬 Video,Ik ga jullie vertellen hoe ik zaterdag mijn avond verpeste tone ik opstap was…,Meta,NL & BE,Alex,,,,,,,,,,,,,0.0,1.9,2.38,,To Test,,,https://drive.google.com/drive/folders/1IBfb7XYFAmtZ_6VMfLypLzu-R0WUhMAh?usp=drive_link
420,149-3,Groom Guard,2. Problem Aware,Social Proof / Reviews,"Zelfvertrouwen begint niet op het moment zelf,
maar ervoor.","Wants to be groomed for the next time 
Voorbereid zijn op intieme momenten
Schaamte en paniek voorkomen",📱 UGC Talking Head Testimonial,🎬 Video,"Hoe èèn avondje stappen, mijn hele zaterdag verpeste…",Meta,NL & BE,Alex,,,,,,,,,,,,,0.0,1.9,2.38,,To Test,,,https://drive.google.com/drive/folders/1IBfb7XYFAmtZ_6VMfLypLzu-R0WUhMAh?usp=drive_link
421,150-1,Groom Guard,2. Problem Aware,Transformation / Before-After,Female Approval + Social Consequence → Safe Upgrade,"Aantrekkelijk zijn voor vrouwen
Zelfvertrouwen in intieme momenten
Geen schaamte of afwijzing ervaren",📱 UGC Talking Head Testimonial,🎬 Video,"De grootste reden waarom ik mannen skip in bed, is als ze niet verzorgd zijn!",Meta,NL & BE,Alex,,,,,,,,,,,,,0.0,1.9,2.38,,To Test,,,https://drive.google.com/drive/folders/1eKXJ2Q0XZAQ-ZeuhmeuDGpsbEHTqu5Vc?usp=drive_link
422,150-2,Groom Guard,2. Problem Aware,Transformation / Before-After,Female Approval + Social Consequence → Safe Upgrade,"Aantrekkelijk zijn voor vrouwen
Zelfvertrouwen in intieme momenten
Geen schaamte of afwijzing ervaren",📱 UGC Talking Head Testimonial,🎬 Video,Dit zou zomaar eens de reden kunnen zijn waarom jij op je laatste date een blauwtje hebt gelopen,Meta,NL & BE,Alex,,,,,,,,,,,,,0.0,1.9,2.38,,To Test,,,https://drive.google.com/drive/folders/1eKXJ2Q0XZAQ-ZeuhmeuDGpsbEHTqu5Vc?usp=drive_link
423,150-3,Groom Guard,2. Problem Aware,Transformation / Before-After,Female Approval + Social Consequence → Safe Upgrade,"Aantrekkelijk zijn voor vrouwen
Zelfvertrouwen in intieme momenten
Geen schaamte of afwijzing ervaren",📱 UGC Talking Head Testimonial,🎬 Video,De beste tip om jou frikandel groter te laten lijken ; ),Meta,NL & BE,Alex,,,,,,,,,,,,,0.0,1.9,2.38,,To Test,,,https://drive.google.com/drive/folders/1eKXJ2Q0XZAQ-ZeuhmeuDGpsbEHTqu5Vc?usp=drive_link
424,151-1,Head Shaver Deluxe,3. Solution Aware,Benefits-Driven,"Van irritatie en wondjes naar een comfortabele, moeiteloze scheerervaring","Geen irritatie of wondjes meer
Zachte, gladde huid
Zelfverzekerd en verzorgd gevoel",🖼️ Static ad,🖼️ Static ad,Wonden & Irritatie? Dat is verleden tijd!,Meta,NL & BE,Jason,,,,,,,,,,,,,0.0,1.93,2.57,,To Test,,,https://drive.google.com/drive/folders/1V4MfCNfJnGw-J1XB48oMDt2WLdxCaVAz?usp=drive_link
425,151-2,Head Shaver Deluxe,3. Solution Aware,Benefits-Driven,"Van irritatie en wondjes naar een comfortabele, moeiteloze scheerervaring","Geen irritatie of wondjes meer
Zachte, gladde huid
Zelfverzekerd en verzorgd gevoel",🖼️ Static ad,🖼️ Static ad,Van wonjdes naar comfort,Meta,NL & BE,Jason,,,,,,,,,,,,,0.0,1.93,2.57,,To Test,,,https://drive.google.com/drive/folders/1V4MfCNfJnGw-J1XB48oMDt2WLdxCaVAz?usp=drive_link
426,152-1,Dual Groomer,5. Most Aware,Bundle Offer,"De alles-in-één upgrade die je scheerroutine simpeler, sneller en comfortabeler maakt","Eén tool voor alles
Sneller en efficiënter resultaat
Minder irritatie, meer comfort",🖼️ Static ad,🖼️ Static ad,2in1 Dual Groomer vs Jouw scheermes,Meta,NL & BE,Alex,,,,,,,,,,,,,0.0,1.69,2.41,,To Test,,,https://drive.google.com/drive/folders/1Q5bUPkMMOtwZc40UTJ7eUpMW5X_EwraU?usp=drive_link
427,152-2,Dual Groomer,5. Most Aware,Bundle Offer,"De alles-in-één upgrade die je scheerroutine simpeler, sneller en comfortabeler maakt","Eén tool voor alles
Sneller en efficiënter resultaat
Minder irritatie, meer comfort",🖼️ Static ad,🖼️ Static ad,2in1 Dual Groomer (benefites uitgelicht),Meta,NL & BE,Alex,,,,,,,,,,,,,0.0,1.69,2.41,,To Test,,,https://drive.google.com/drive/folders/1Q5bUPkMMOtwZc40UTJ7eUpMW5X_EwraU?usp=drive_link
428,152-3,Dual Groomer,5. Most Aware,Bundle Offer,"De alles-in-één upgrade die je scheerroutine simpeler, sneller en comfortabeler maakt","Eén tool voor alles
Sneller en efficiënter resultaat
Minder irritatie, meer comfort",🖼️ Static ad,🖼️ Static ad,"Een trimmer, meerdere functies",Meta,NL & BE,Alex,,,,,,,,,,,,,0.0,1.69,2.41,,To Test,,,https://drive.google.com/drive/folders/1Q5bUPkMMOtwZc40UTJ7eUpMW5X_EwraU?usp=drive_link
429,153-1,Flex Line Bundel,3. Solution Aware,Benefits-Driven,Premium all-in-one grooming bundel met maximale performance en langdurig gemak,"Complete verzorging in één bundel
Langdurig gebruik zonder opladen
Veilig en zorgeloos scheren zonder irritatie",🖼️ Static ad,🖼️ Static ad,"Flex Line Bundel, Multifunctioneel, Skin Safe Technology, tot wel 3 uur batterij | Shop nu & bespaar 33%",Meta,NL & BE,Mark,,,,,,,,,,,,,0.0,1.86,2.66,,To Test,,,https://drive.google.com/drive/folders/17aFYBSWGx6v2G-TQQHMqclR9uvhkCraS?usp=drive_link
430,153-2,Flex Line Bundel,3. Solution Aware,Benefits-Driven,Premium all-in-one grooming bundel met maximale performance en langdurig gemak,"Complete verzorging in één bundel
Langdurig gebruik zonder opladen
Veilig en zorgeloos scheren zonder irritatie",🖼️ Static ad,🖼️ Static ad,"Shave - Trim - Smooth, Flex Line Bundel, De #1 keuze van 70% van onze klanten!",Meta,NL & BE,Mark,,,,,,,,,,,,,0.0,1.86,2.66,,To Test,,,https://drive.google.com/drive/folders/17aFYBSWGx6v2G-TQQHMqclR9uvhkCraS?usp=drive_link
431,154-1,Groom Guard,3. Solution Aware,Benefits-Driven,"Zelfverzekerd en verzorgd het seizoen in met een simpele, probleemloze grooming oplossing","Zelfvertrouwen in je lichaam en uitstraling
Snel en moeiteloos klaar zijn
Geen gedoe of irritatie tijdens het trimmen",🖼️ Static ad,🖼️ Static ad,This trimmer's got balls,Meta,NL & BE,Alex,,,,,,,,,,,,,0.0,1.9,2.38,,To Test,,,https://drive.google.com/drive/folders/16U6rXscX6-LQtIT2Ha059sRAKDBZxkA8?usp=drive_link
432,154-2,Groom Guard PRO,3. Solution Aware,Benefits-Driven,"Zelfverzekerd en verzorgd het seizoen in met een simpele, probleemloze grooming oplossing","Zelfvertrouwen in je lichaam en uitstraling
Snel en moeiteloos klaar zijn
Geen gedoe of irritatie tijdens het trimmen",🖼️ Static ad,🖼️ Static ad,"Zomer staat om de hoek, tijd om te trimmen!",Meta,NL & BE,Alex,,,,,,,,,,,,,0.0,1.65,2.2,,To Test,,,https://drive.google.com/drive/folders/16U6rXscX6-LQtIT2Ha059sRAKDBZxkA8?usp=drive_link
433,154-3,Groom Guard,3. Solution Aware,Benefits-Driven,"Zelfverzekerd en verzorgd het seizoen in met een simpele, probleemloze grooming oplossing","Zelfvertrouwen in je lichaam en uitstraling
Snel en moeiteloos klaar zijn
Geen gedoe of irritatie tijdens het trimmen",🖼️ Static ad,🖼️ Static ad,Probleem - Oplossing,Meta,NL & BE,Alex,,,,,,,,,,,,,0.0,1.9,2.38,,To Test,,,https://drive.google.com/drive/folders/16U6rXscX6-LQtIT2Ha059sRAKDBZxkA8?usp=drive_link
434,155-1,Flex Guard,3. Solution Aware,Benefits-Driven,De complete upgrade die je groomingproblemen oplost en je routine naar next level tilt,"Betere resultaten dan standaard trimmers
Volledige controle en precisie
Eén systeem dat alles aankan",🖼️ Static ad,🖼️ Static ad,Struggle - Antwoord,Meta,NL & BE,Alex,,,,,,,,,,,,,0.0,1.67,2.38,,To Test,,,https://drive.google.com/drive/folders/16bkFJv1shXX8rqLgaU0UDi_NCFMZ-jdQ?usp=drive_link
435,155-2,Flex Guard,3. Solution Aware,Benefits-Driven,De complete upgrade die je groomingproblemen oplost en je routine naar next level tilt,"Betere resultaten dan standaard trimmers
Volledige controle en precisie
Eén systeem dat alles aankan",🖼️ Static ad,🖼️ Static ad,3in1 Flex Guard VS Enkele trimmers,Meta,NL & BE,Alex,,,,,,,,,,,,,0.0,1.67,2.38,,To Test,,,https://drive.google.com/drive/folders/16bkFJv1shXX8rqLgaU0UDi_NCFMZ-jdQ?usp=drive_link
436,155-3,Flex Guard,3. Solution Aware,Benefits-Driven,De complete upgrade die je groomingproblemen oplost en je routine naar next level tilt,"Betere resultaten dan standaard trimmers
Volledige controle en precisie
Eén systeem dat alles aankan",🖼️ Static ad,🖼️ Static ad,"Jij hebt de GUARD, nu de rest van het team",Meta,NL & BE,Alex,,,,,,,,,,,,,0.0,1.67,2.38,,To Test,,,https://drive.google.com/drive/folders/16bkFJv1shXX8rqLgaU0UDi_NCFMZ-jdQ?usp=drive_link
437,156-1,Dual Groomer,3. Solution Aware,Comparison / Anti-X,Multifunctionele grooming tool die maximale prestaties levert met minimale moeite,"Alles kunnen doen met één apparaat
Strak en moeiteloos resultaat
Tijdsbesparing in je routine",🖼️ Static ad,🖼️ Static ad,2in1 Dual Groomer (benefites uitgelicht),Meta,NL & BE,Mark,,,,,,,,,,,,,0.0,1.69,2.41,,To Test,,,https://drive.google.com/drive/folders/1BIUYUrzSN4O0NHOJLQjwwNGv8CfQmCT7?usp=drive_link
438,156-2,Dual Groomer,3. Solution Aware,Comparison / Anti-X,Multifunctionele grooming tool die maximale prestaties levert met minimale moeite,"Alles kunnen doen met één apparaat
Strak en moeiteloos resultaat
Tijdsbesparing in je routine",🖼️ Static ad,🖼️ Static ad,2in1 Dual Groomer (benefites uitgelicht),Meta,NL & BE,Mark,,,,,,,,,,,,,0.0,1.69,2.41,,To Test,,,https://drive.google.com/drive/folders/1BIUYUrzSN4O0NHOJLQjwwNGv8CfQmCT7?usp=drive_link
439,157-1,Head Shaver Deluxe,3. Solution Aware,Benefits-Driven,"De slimme upgrade die traditionele scheermessen overtreft in comfort, gemak en resultaat","Beter resultaat dan met een scheermes
Sneller en eenvoudiger scheren
Geen irritatie of gedoe meer",🖼️ Static ad,🖼️ Static ad,The Head Shaver Deluxe doet wat een scheermes niet kan,Meta,NL & BE,Jason,,,,,,,,,,,,,0.0,1.93,2.57,,To Test,,,https://drive.google.com/drive/folders/1ZgFCyUqIlMVWOObdzBezwO65iu4g-RFM?usp=drive_link
440,157-2,Head Shaver Deluxe,3. Solution Aware,Benefits-Driven,"De slimme upgrade die traditionele scheermessen overtreft in comfort, gemak en resultaat","Beter resultaat dan met een scheermes
Sneller en eenvoudiger scheren
Geen irritatie of gedoe meer",🖼️ Static ad,🖼️ Static ad,Probleem - Oplossing,Meta,NL & BE,Jason,,,,,,,,,,,,,0.0,1.93,2.57,,To Test,,,https://drive.google.com/drive/folders/1ZgFCyUqIlMVWOObdzBezwO65iu4g-RFM?usp=drive_link
441,157-3,Head Shaver Deluxe,3. Solution Aware,Benefits-Driven,"De slimme upgrade die traditionele scheermessen overtreft in comfort, gemak en resultaat","Beter resultaat dan met een scheermes
Sneller en eenvoudiger scheren
Geen irritatie of gedoe meer",🖼️ Static ad,🖼️ Static ad,3 redenen waarom jij moet overstappen naar The Head Shaver Deluxe,Meta,NL & BE,Jason,,,,,,,,,,,,,0.0,1.93,2.57,,To Test,,,https://drive.google.com/drive/folders/1ZgFCyUqIlMVWOObdzBezwO65iu4g-RFM?usp=drive_link
442,158-1,Head Shaver Deluxe,3. Solution Aware,Benefits-Driven,High-performance head shaver met maximale waarde en direct zichtbaar resultaat,"Glad en strak resultaat zonder moeite
Meer waarde (extra’s + korting)
Betrouwbare upgrade van je huidige routine",🖼️ Static ad,🖼️ Static ad,Head Shaver Deluxe (benefites uitgelicht),Meta,NL & BE,Jason,,,,,,,,,,,,,0.0,1.93,2.57,,To Test,,,https://drive.google.com/drive/folders/1kO_C46VheHx-KhKzNQ44ZfK1E3T2gwf_?usp=drive_link
443,158-2,Head Shaver Deluxe,3. Solution Aware,Benefits-Driven,High-performance head shaver met maximale waarde en direct zichtbaar resultaat,"Glad en strak resultaat zonder moeite
Meer waarde (extra’s + korting)
Betrouwbare upgrade van je huidige routine",🖼️ Static ad,🖼️ Static ad,25% korting The Head Shaver Deluxe + Extra Head,Meta,NL & BE,Jason,,,,,,,,,,,,,0.0,1.93,2.57,,To Test,,,https://drive.google.com/drive/folders/1kO_C46VheHx-KhKzNQ44ZfK1E3T2gwf_?usp=drive_link
444,158-3,Head Shaver Deluxe,3. Solution Aware,Benefits-Driven,High-performance head shaver met maximale waarde en direct zichtbaar resultaat,"Glad en strak resultaat zonder moeite
Meer waarde (extra’s + korting)
Betrouwbare upgrade van je huidige routine",🖼️ Static ad,🖼️ Static ad,Dit zijn 3 redenen waarom jij moet overstappen naar The Head Shaver Deluxe,Meta,NL & BE,Jason,,,,,,,,,,,,,0.0,1.93,2.57,,To Test,,,https://drive.google.com/drive/folders/1kO_C46VheHx-KhKzNQ44ZfK1E3T2gwf_?usp=drive_link
445,159-1,Flex Guard,3. Solution Aware,Social Proof / Reviews,"High-performance grooming met maximale controle, flexibiliteit en huidbescherming","Glad resultaat zonder irritatie
Volledige controle en flexibiliteit
Comfortabele, zorgeloze scheerervaring",🖼️ Static ad,🖼️ Static ad,Stop met irriterend scheren. Kies voor comfort en een glad resultaat door de Skin Safe Technology snijbladen,Meta,NL & BE,Jason,,,,,,,,,,,,,0.0,1.67,2.38,,To Test,,,https://drive.google.com/drive/folders/1LF-vcnFARVuUa-izmkPD7sjdWy_3qp2U?usp=drive_link
446,159-2,Flex Guard,3. Solution Aware,Social Proof / Reviews,"High-performance grooming met maximale controle, flexibiliteit en huidbescherming","Glad resultaat zonder irritatie
Volledige controle en flexibiliteit
Comfortabele, zorgeloze scheerervaring",🖼️ Static ad,🖼️ Static ad,"One Face, One Weapen, Flex It",Meta,NL & BE,Jason,,,,,,,,,,,,,0.0,1.67,2.38,,To Test,,,https://drive.google.com/drive/folders/1LF-vcnFARVuUa-izmkPD7sjdWy_3qp2U?usp=drive_link
447,160-1,Scheerapparaat Elite,5. Most Aware,Bundle Offer,Bewezen premium grooming tool waar duizenden mannen al op vertrouwen,"Zekerheid van een bewezen product
Strak en verzorgd uiterlijk
Zelfvertrouwen in je dagelijkse routine",🖼️ Static ad,🖼️ Static ad,"The Gentleman Shaver Elite, ontdek waarom al meer dan 50.000 mannen jou voor gingen...",Meta,NL & BE,Jason,,,,,,,,,,,,,0.0,1.84,2.46,,To Test,,,https://drive.google.com/drive/folders/1lcrM0FEm4sR17d6GJePURRqRF9nzQ9vs?usp=drive_link
448,161-1,Body & Nose Bundel,2. Problem Aware,Transformation / Before-After,Meer waarde krijgen voor minder met een slimme bundeldeal,"Geld besparen op je aankoop
Compleet pakket in één keer
Slim en voordelig kiezen",🖼️ Static ad,🖼️ Static ad,Bundel & Bespaar,Meta,NL & BE,Alex,,,,,,,,,,,,,0.0,1.98,2.83,,To Test,,,https://drive.google.com/drive/folders/1gbudAckFjVNJF-mIuf30E6eneMsSh2Y9?usp=drive_link
449,162-1,Groom Guard,2. Problem Aware,Problem-Solution,Angst → veiligheid transformatie,"Controle & zekerheid
Hij wil gewoon kunnen scheren zonder dat hij moet opletten alsof hij een operatie uitvoert",🖼️ Static ad,🖼️ Static ad,Snij je jezelf nu weer?? Dat is nu verleden tijd!,Meta,NL & BE,Alex,,,,,,,,,,,,,0.0,1.9,2.38,,To Test,,,https://drive.google.com/drive/folders/17cYTI1u0SDqFlVkF4LZjg01ESeRsaIYz?usp=drive_link
450,162-2,Groom Guard,2. Problem Aware,Problem-Solution,Probleem bewustwording (agiteren van pijn),"Comfort & opluchting
Hij wil van dat irritante, jeukende, zichtbare probleem af — ASAP",🖼️ Static ad,🖼️ Static ad,Rode bultjes na het scheren?,Meta,NL & BE,Alex,,,,,,,,,,,,,0.0,1.9,2.38,,To Test,,,https://drive.google.com/drive/folders/17cYTI1u0SDqFlVkF4LZjg01ESeRsaIYz?usp=drive_link
451,163-1,2in1 Dual Groomer,2. Problem Aware,Transformation / Before-After,Oplossing + resultaat belofte,"Moeiteloze verbetering
Hij wil beter resultaat zonder extra moeite of kennis",🖼️ Static ad,🖼️ Static ad,Geen rode bultjes & geen irritatie meer na het trimmen?,Meta,NL & BE,Alex,,,,,,,,,,,,,0.0,1.69,2.41,,To Test,,,https://drive.google.com/drive/folders/1HVQHZd1FghnbFGsaYrLQj7yF43ZfZd0H?usp=drive_link
452,163-2,2in1 Dual Groomer,2. Problem Aware,Transformation / Before-After,Outcome + lifestyle upgrade,"Aantrekkelijkheid & zelfvertrouwen
Hij wil zich fris, schoon en aantrekkelijk voelen (voor zichzelf + anderen)",🖼️ Static ad,🖼️ Static ad,Geen rode bultjes meer? & gewoon lekker glad en verzorgd,Meta,NL & BE,Alex,,,,,,,,,,,,,0.0,1.69,2.41,,To Test,,,https://drive.google.com/drive/folders/1HVQHZd1FghnbFGsaYrLQj7yF43ZfZd0H?usp=drive_link
453,164-1,Flex Guard,3. Solution Aware,Benefits-Driven,Extreme transformatie (before → after contrast),"Transformatie & relief
Niet een beetje beter — compleet andere standaard",🖼️ Static ad,🖼️ Static ad,"Van brandende pijn.. naar super glad, zonder irritatie of rode bultjes",Meta,NL & BE,Alex,,,,,,,,,,,,,0.0,1.67,2.38,,To Test,,,https://drive.google.com/drive/folders/1gt_jbidI3QGAA7y1x6OtRJlYUDi1YblF?usp=drive_link
454,165-1,Groom Guard,5. Most Aware,FOMO / Scarcity,"""Zo glad als een mes — zonder de risico's""","Gladde huid zonder pijn of irritatie — mannen willen er verzorgd uitzien zonder snijwonden, bultjes of scheerirritatie.
Gemak en controle — zelf thuis kunnen scheren, snel en zonder gedoe.
Financiële rust — één keer betalen, nooit meer mesjes kopen of in een abonnement zitten.
Zekerheid bij aankoop — niet het risico voelen van een verkeerde beslissing (vandaar de 100-dagen proef).",🖼️ Static ad,🖼️ Static ad,"Zo glad als met een mes, zonder de mesjes",Meta,NL & BE,Alex,,,,,,,,,,,,,0.0,1.9,2.38,,To Test,,,https://drive.google.com/drive/folders/14SJX0xti9weFXzh-jIEuyZVyRcLsLPtg?usp=sharing
455,165-2,Groom Guard,5. Most Aware,FOMO / Scarcity,"""Zo glad als een mes — zonder de risico's""","Gladde huid zonder pijn of irritatie — mannen willen er verzorgd uitzien zonder snijwonden, bultjes of scheerirritatie.
Gemak en controle — zelf thuis kunnen scheren, snel en zonder gedoe.
Financiële rust — één keer betalen, nooit meer mesjes kopen of in een abonnement zitten.
Zekerheid bij aankoop — niet het risico voelen van een verkeerde beslissing (vandaar de 100-dagen proef).",🖼️ Static ad,🖼️ Static ad,Geen abonnement. Geen verassingen,Meta,NL & BE,Alex,,,,,,,,,,,,,0.0,1.9,2.38,,To Test,,,https://drive.google.com/drive/folders/14SJX0xti9weFXzh-jIEuyZVyRcLsLPtg?usp=sharing
456,165-3,Groom Guard,5. Most Aware,FOMO / Scarcity,"""Zo glad als een mes — zonder de risico's""","Gladde huid zonder pijn of irritatie — mannen willen er verzorgd uitzien zonder snijwonden, bultjes of scheerirritatie.
Gemak en controle — zelf thuis kunnen scheren, snel en zonder gedoe.
Financiële rust — één keer betalen, nooit meer mesjes kopen of in een abonnement zitten.
Zekerheid bij aankoop — niet het risico voelen van een verkeerde beslissing (vandaar de 100-dagen proef).",🖼️ Static ad,🖼️ Static ad,Geen abonnement. Geen verassingen  op je rekenig,Meta,NL & BE,Alex,,,,,,,,,,,,,0.0,1.9,2.38,,To Test,,,https://drive.google.com/drive/folders/14SJX0xti9weFXzh-jIEuyZVyRcLsLPtg?usp=sharing
457,165-4,Groom Guard,5. Most Aware,FOMO / Scarcity,"""Zo glad als een mes — zonder de risico's""","Gladde huid zonder pijn of irritatie — mannen willen er verzorgd uitzien zonder snijwonden, bultjes of scheerirritatie.
Gemak en controle — zelf thuis kunnen scheren, snel en zonder gedoe.
Financiële rust — één keer betalen, nooit meer mesjes kopen of in een abonnement zitten.
Zekerheid bij aankoop — niet het risico voelen van een verkeerde beslissing (vandaar de 100-dagen proef).",🖼️ Static ad,🖼️ Static ad,"""Na 5 jaar scheerirritatie eindelijk een gladde borst en oksels, zonder zonder bultjes""",Meta,NL & BE,Alex,,,,,,,,,,,,,0.0,1.9,2.38,,To Test,,,https://drive.google.com/drive/folders/14SJX0xti9weFXzh-jIEuyZVyRcLsLPtg?usp=sharing
458,165-5,Groom Guard,5. Most Aware,FOMO / Scarcity,"""Zo glad als een mes — zonder de risico's""","Gladde huid zonder pijn of irritatie — mannen willen er verzorgd uitzien zonder snijwonden, bultjes of scheerirritatie.
Gemak en controle — zelf thuis kunnen scheren, snel en zonder gedoe.
Financiële rust — één keer betalen, nooit meer mesjes kopen of in een abonnement zitten.
Zekerheid bij aankoop — niet het risico voelen van een verkeerde beslissing (vandaar de 100-dagen proef).",🖼️ Static ad,🖼️ Static ad,"3 maanden, 0 sneetjes",Meta,NL & BE,Alex,,,,,,,,,,,,,0.0,1.9,2.38,,To Test,,,https://drive.google.com/drive/folders/14SJX0xti9weFXzh-jIEuyZVyRcLsLPtg?usp=sharing
459,165-6,Groom Guard,5. Most Aware,FOMO / Scarcity,"""Zo glad als een mes — zonder de risico's""","Gladde huid zonder pijn of irritatie — mannen willen er verzorgd uitzien zonder snijwonden, bultjes of scheerirritatie.
Gemak en controle — zelf thuis kunnen scheren, snel en zonder gedoe.
Financiële rust — één keer betalen, nooit meer mesjes kopen of in een abonnement zitten.
Zekerheid bij aankoop — niet het risico voelen van een verkeerde beslissing (vandaar de 100-dagen proef).",🖼️ Static ad,🖼️ Static ad,"""3 maanden gebruikt. Geen enkele keer gesneden, zelfs niet op de plekken waar elke andere trimmer mij eerder pakte""",Meta,NL & BE,Alex,,,,,,,,,,,,,0.0,1.9,2.38,,To Test,,,https://drive.google.com/drive/folders/14SJX0xti9weFXzh-jIEuyZVyRcLsLPtg?usp=sharing
460,165-7,Groom Guard,5. Most Aware,FOMO / Scarcity,"""Zo glad als een mes — zonder de risico's""","Gladde huid zonder pijn of irritatie — mannen willen er verzorgd uitzien zonder snijwonden, bultjes of scheerirritatie.
Gemak en controle — zelf thuis kunnen scheren, snel en zonder gedoe.
Financiële rust — één keer betalen, nooit meer mesjes kopen of in een abonnement zitten.
Zekerheid bij aankoop — niet het risico voelen van een verkeerde beslissing (vandaar de 100-dagen proef).",🖼️ Static ad,🖼️ Static ad,"Zo glad als met een mes, zonder de mesjes",Meta,NL & BE,Alex,,,,,,,,,,,,,0.0,1.9,2.38,,To Test,,,https://drive.google.com/drive/folders/14SJX0xti9weFXzh-jIEuyZVyRcLsLPtg?usp=sharing
461,165-8,Groom Guard,5. Most Aware,FOMO / Scarcity,"""Zo glad als een mes — zonder de risico's""","Gladde huid zonder pijn of irritatie — mannen willen er verzorgd uitzien zonder snijwonden, bultjes of scheerirritatie.
Gemak en controle — zelf thuis kunnen scheren, snel en zonder gedoe.
Financiële rust — één keer betalen, nooit meer mesjes kopen of in een abonnement zitten.
Zekerheid bij aankoop — niet het risico voelen van een verkeerde beslissing (vandaar de 100-dagen proef).",🖼️ Static ad,🖼️ Static ad,Ik snap je twijdel. Daarom 100 dagen testen,Meta,NL & BE,Alex,,,,,,,,,,,,,0.0,1.9,2.38,,To Test,,,https://drive.google.com/drive/folders/14SJX0xti9weFXzh-jIEuyZVyRcLsLPtg?usp=sharing
462,165-9,Groom Guard,5. Most Aware,FOMO / Scarcity,"""Zo glad als een mes — zonder de risico's""","Gladde huid zonder pijn of irritatie — mannen willen er verzorgd uitzien zonder snijwonden, bultjes of scheerirritatie.
Gemak en controle — zelf thuis kunnen scheren, snel en zonder gedoe.
Financiële rust — één keer betalen, nooit meer mesjes kopen of in een abonnement zitten.
Zekerheid bij aankoop — niet het risico voelen van een verkeerde beslissing (vandaar de 100-dagen proef).",🖼️ Static ad,🖼️ Static ad,Ik snap je twijdel. Daarom 100 dagen testen,Meta,NL & BE,Alex,,,,,,,,,,,,,0.0,1.9,2.38,,To Test,,,https://drive.google.com/drive/folders/14SJX0xti9weFXzh-jIEuyZVyRcLsLPtg?usp=sharing
463,165-10,Groom Guard,5. Most Aware,FOMO / Scarcity,"""Zo glad als een mes — zonder de risico's""","Gladde huid zonder pijn of irritatie — mannen willen er verzorgd uitzien zonder snijwonden, bultjes of scheerirritatie.
Gemak en controle — zelf thuis kunnen scheren, snel en zonder gedoe.
Financiële rust — één keer betalen, nooit meer mesjes kopen of in een abonnement zitten.
Zekerheid bij aankoop — niet het risico voelen van een verkeerde beslissing (vandaar de 100-dagen proef).",🖼️ Static ad,🖼️ Static ad,Bespaar geld. Nooit meer scheermesjes.,Meta,NL & BE,Alex,,,,,,,,,,,,,0.0,1.9,2.38,,To Test,,,https://drive.google.com/drive/folders/14SJX0xti9weFXzh-jIEuyZVyRcLsLPtg?usp=sharing
464,166-1,Blade Baron,5. Most Aware,FOMO / Scarcity,"""Premium scheerresultaat, altijd en overal — in je broekzak""","Altijd verzorgd eruitzien — of je nu thuis bent, op reis, of na de sportschool. Geen excuses meer voor een slordige baard.
Gemak zonder in te leveren op resultaat — foil-gladheid in een compact formaat dat meegaat in elke tas of zak.
Vrijheid van locatie — scheren in de douche, op het strand, in een hotelkamer. Het device past zich aan jouw leven aan, niet andersom.
Snel klaar — ""4 dagen baard. 4 foil blades. Klaar."" Mannen willen efficient scheren, niet rituelen.",🖼️ Static ad,🖼️ Static ad,"In de douche. Op het strand, overal waterdicht",Meta,NL & BE,Geen specifieke customer Persona (omdat deze nog niet ready zijn),,,,,,,,,,,,,0.0,2.15,3.07,,To Test,,,https://drive.google.com/drive/folders/1TkuBMIN09JFUBRdXtGpaesWyJHEgCrD3?usp=drive_link
465,166-2,Blade Baron,5. Most Aware,FOMO / Scarcity,"""Premium scheerresultaat, altijd en overal — in je broekzak""","Altijd verzorgd eruitzien — of je nu thuis bent, op reis, of na de sportschool. Geen excuses meer voor een slordige baard.
Gemak zonder in te leveren op resultaat — foil-gladheid in een compact formaat dat meegaat in elke tas of zak.
Vrijheid van locatie — scheren in de douche, op het strand, in een hotelkamer. Het device past zich aan jouw leven aan, niet andersom.
Snel klaar — ""4 dagen baard. 4 foil blades. Klaar."" Mannen willen efficient scheren, niet rituelen.",🖼️ Static ad,🖼️ Static ad,"4 dagen baard, 4 foil blades. Klaar",Meta,NL & BE,Geen specifieke customer Persona (omdat deze nog niet ready zijn),,,,,,,,,,,,,0.0,2.15,3.07,,To Test,,,https://drive.google.com/drive/folders/1TkuBMIN09JFUBRdXtGpaesWyJHEgCrD3?usp=drive_link
466,166-3,Blade Baron,5. Most Aware,FOMO / Scarcity,"""Premium scheerresultaat, altijd en overal — in je broekzak""","Altijd verzorgd eruitzien — of je nu thuis bent, op reis, of na de sportschool. Geen excuses meer voor een slordige baard.
Gemak zonder in te leveren op resultaat — foil-gladheid in een compact formaat dat meegaat in elke tas of zak.
Vrijheid van locatie — scheren in de douche, op het strand, in een hotelkamer. Het device past zich aan jouw leven aan, niet andersom.
Snel klaar — ""4 dagen baard. 4 foil blades. Klaar."" Mannen willen efficient scheren, niet rituelen.",🖼️ Static ad,🖼️ Static ad,"In de douche. Op het strand, overal waterdicht",Meta,NL & BE,Geen specifieke customer Persona (omdat deze nog niet ready zijn),,,,,,,,,,,,,0.0,2.15,3.07,,To Test,,,https://drive.google.com/drive/folders/1TkuBMIN09JFUBRdXtGpaesWyJHEgCrD3?usp=drive_link
467,166-4,Blade Baron,5. Most Aware,FOMO / Scarcity,"""Premium scheerresultaat, altijd en overal — in je broekzak""","Altijd verzorgd eruitzien — of je nu thuis bent, op reis, of na de sportschool. Geen excuses meer voor een slordige baard.
Gemak zonder in te leveren op resultaat — foil-gladheid in een compact formaat dat meegaat in elke tas of zak.
Vrijheid van locatie — scheren in de douche, op het strand, in een hotelkamer. Het device past zich aan jouw leven aan, niet andersom.
Snel klaar — ""4 dagen baard. 4 foil blades. Klaar."" Mannen willen efficient scheren, niet rituelen.",🖼️ Static ad,🖼️ Static ad,"In de douche. Op het strand, overal waterdicht",Meta,NL & BE,Geen specifieke customer Persona (omdat deze nog niet ready zijn),,,,,,,,,,,,,0.0,2.15,3.07,,To Test,,,https://drive.google.com/drive/folders/1TkuBMIN09JFUBRdXtGpaesWyJHEgCrD3?usp=drive_link
468,166-5,Blade Baron,5. Most Aware,FOMO / Scarcity,"""Premium scheerresultaat, altijd en overal — in je broekzak""","Altijd verzorgd eruitzien — of je nu thuis bent, op reis, of na de sportschool. Geen excuses meer voor een slordige baard.
Gemak zonder in te leveren op resultaat — foil-gladheid in een compact formaat dat meegaat in elke tas of zak.
Vrijheid van locatie — scheren in de douche, op het strand, in een hotelkamer. Het device past zich aan jouw leven aan, niet andersom.
Snel klaar — ""4 dagen baard. 4 foil blades. Klaar."" Mannen willen efficient scheren, niet rituelen.",🖼️ Static ad,🖼️ Static ad,"4 dagen baard, 4 foil blades. Klaar",Meta,NL & BE,Geen specifieke customer Persona (omdat deze nog niet ready zijn),,,,,,,,,,,,,0.0,2.15,3.07,,To Test,,,https://drive.google.com/drive/folders/1TkuBMIN09JFUBRdXtGpaesWyJHEgCrD3?usp=drive_link
469,166-6,Blade Baron,5. Most Aware,FOMO / Scarcity,"""Premium scheerresultaat, altijd en overal — in je broekzak""","Altijd verzorgd eruitzien — of je nu thuis bent, op reis, of na de sportschool. Geen excuses meer voor een slordige baard.
Gemak zonder in te leveren op resultaat — foil-gladheid in een compact formaat dat meegaat in elke tas of zak.
Vrijheid van locatie — scheren in de douche, op het strand, in een hotelkamer. Het device past zich aan jouw leven aan, niet andersom.
Snel klaar — ""4 dagen baard. 4 foil blades. Klaar."" Mannen willen efficient scheren, niet rituelen.",🖼️ Static ad,🖼️ Static ad,"In de douche. Op het strand, overal waterdicht",Meta,NL & BE,Geen specifieke customer Persona (omdat deze nog niet ready zijn),,,,,,,,,,,,,0.0,2.15,3.07,,To Test,,,https://drive.google.com/drive/folders/1TkuBMIN09JFUBRdXtGpaesWyJHEgCrD3?usp=drive_link
470,166-7,Blade Baron,5. Most Aware,FOMO / Scarcity,"""Premium scheerresultaat, altijd en overal — in je broekzak""","Altijd verzorgd eruitzien — of je nu thuis bent, op reis, of na de sportschool. Geen excuses meer voor een slordige baard.
Gemak zonder in te leveren op resultaat — foil-gladheid in een compact formaat dat meegaat in elke tas of zak.
Vrijheid van locatie — scheren in de douche, op het strand, in een hotelkamer. Het device past zich aan jouw leven aan, niet andersom.
Snel klaar — ""4 dagen baard. 4 foil blades. Klaar."" Mannen willen efficient scheren, niet rituelen.",🖼️ Static ad,🖼️ Static ad,"In de douche. Op het strand, overal waterdicht",Meta,NL & BE,Geen specifieke customer Persona (omdat deze nog niet ready zijn),,,,,,,,,,,,,0.0,2.15,3.07,,To Test,,,https://drive.google.com/drive/folders/1TkuBMIN09JFUBRdXtGpaesWyJHEgCrD3?usp=drive_link
471,166-8,Blade Baron,5. Most Aware,FOMO / Scarcity,"""Premium scheerresultaat, altijd en overal — in je broekzak""","Altijd verzorgd eruitzien — of je nu thuis bent, op reis, of na de sportschool. Geen excuses meer voor een slordige baard.
Gemak zonder in te leveren op resultaat — foil-gladheid in een compact formaat dat meegaat in elke tas of zak.
Vrijheid van locatie — scheren in de douche, op het strand, in een hotelkamer. Het device past zich aan jouw leven aan, niet andersom.
Snel klaar — ""4 dagen baard. 4 foil blades. Klaar."" Mannen willen efficient scheren, niet rituelen.",🖼️ Static ad,🖼️ Static ad,Foil-glad. Overal.,Meta,NL & BE,Geen specifieke customer Persona (omdat deze nog niet ready zijn),,,,,,,,,,,,,0.0,2.15,3.07,,To Test,,,https://drive.google.com/drive/folders/1TkuBMIN09JFUBRdXtGpaesWyJHEgCrD3?usp=drive_link
472,167-1,Blade Baron,3. Solution Aware,Curiosity / Intrigue,"""Altijd verzorgd, waar je leven je ook brengt""","Verzorgd eruitzien op elk moment — ook op een festival of kampeertrip, zonder spiegel of badkamer.
Snelheid zonder concessies — in 3 minuten bij, geen uitgebreid ritueel nodig.
Vrijheid en avontuur zonder in te leveren op uitstraling — het device past bij een actieve, mobiele levensstijl.
Geen gedoe, geen wondjes — snel bijwerken zonder risico, ook zonder optimale omstandigheden.",🖼️ Static ad,🖼️ Static ad,Lowland-ready in 3 minuten,Meta,NL & BE,Geen specifieke customer Persona (omdat deze nog niet ready zijn),,,,,,,,,,,,,0.0,2.15,3.07,,To Test,,,https://drive.google.com/drive/folders/1TkuBMIN09JFUBRdXtGpaesWyJHEgCrD3?usp=drive_link
473,167-2,Blade Baron,3. Solution Aware,Curiosity / Intrigue,"""Altijd verzorgd, waar je leven je ook brengt""","Verzorgd eruitzien op elk moment — ook op een festival of kampeertrip, zonder spiegel of badkamer.
Snelheid zonder concessies — in 3 minuten bij, geen uitgebreid ritueel nodig.
Vrijheid en avontuur zonder in te leveren op uitstraling — het device past bij een actieve, mobiele levensstijl.
Geen gedoe, geen wondjes — snel bijwerken zonder risico, ook zonder optimale omstandigheden.",🖼️ Static ad,🖼️ Static ad,"Scherp geschoren, waar je ook bent",Meta,NL & BE,Geen specifieke customer Persona (omdat deze nog niet ready zijn),,,,,,,,,,,,,0.0,2.15,3.07,,To Test,,,https://drive.google.com/drive/folders/1oFsctdqrOKbV3Q-3fHlbIgO-Gfj5TwpX?usp=sharing
474,167-3,Blade Baron,3. Solution Aware,Curiosity / Intrigue,"""Altijd verzorgd, waar je leven je ook brengt""","Verzorgd eruitzien op elk moment — ook op een festival of kampeertrip, zonder spiegel of badkamer.
Snelheid zonder concessies — in 3 minuten bij, geen uitgebreid ritueel nodig.
Vrijheid en avontuur zonder in te leveren op uitstraling — het device past bij een actieve, mobiele levensstijl.
Geen gedoe, geen wondjes — snel bijwerken zonder risico, ook zonder optimale omstandigheden.",🖼️ Static ad,🖼️ Static ad,Lowland-ready in 3 minuten,Meta,NL & BE,Geen specifieke customer Persona (omdat deze nog niet ready zijn),,,,,,,,,,,,,0.0,2.15,3.07,,To Test,,,https://drive.google.com/drive/folders/1oFsctdqrOKbV3Q-3fHlbIgO-Gfj5TwpX?usp=sharing
475,168-1,Groom Guard,3. Solution Aware,Curiosity / Intrigue,"""Dit is geen gewone trimmer — hij is anders gebouwd""","Controle en precisie — mannen willen exact trimmen zonder te gissen waar het blad zit of wat het doet.
Veiligheid op gevoelige plekken — geen sneetjes, geen irritatie, ook niet ""daar"".
Een trimmer die écht anders is — niet weer hetzelfde product in een andere verpakking, maar iets dat zijn geld waard is.
Sociale validatie — ""100.000+ mannen gingen je voor"" en reviews van echte gebruikers verlagen de drempel en bevestigen de keuze.",🖼️ Static ad,🖼️ Static ad,Een keukenmesje heeft meer gevoel dan jouw trimmer,Meta,NL & BE,Alex,,,,,,,,,,,,,0.0,1.9,2.38,,To Test,,,https://drive.google.com/drive/folders/1oFsctdqrOKbV3Q-3fHlbIgO-Gfj5TwpX?usp=sharing
476,168-2,Groom Guard,3. Solution Aware,Curiosity / Intrigue,"""Dit is geen gewone trimmer — hij is anders gebouwd""","Controle en precisie — mannen willen exact trimmen zonder te gissen waar het blad zit of wat het doet.
Veiligheid op gevoelige plekken — geen sneetjes, geen irritatie, ook niet ""daar"".
Een trimmer die écht anders is — niet weer hetzelfde product in een andere verpakking, maar iets dat zijn geld waard is.
Sociale validatie — ""100.000+ mannen gingen je voor"" en reviews van echte gebruikers verlagen de drempel en bevestigen de keuze.",🖼️ Static ad,🖼️ Static ad,3 redenen waarom dit geen baardtrimmer is,Meta,NL & BE,Alex,,,,,,,,,,,,,0.0,1.9,2.38,,To Test,,,https://drive.google.com/drive/folders/1sQ5IEA919fEN6jRjReDG-B5r9RgFx7_r?usp=drive_link
477,168-3,Groom Guard,3. Solution Aware,Curiosity / Intrigue,"""Dit is geen gewone trimmer — hij is anders gebouwd""","Controle en precisie — mannen willen exact trimmen zonder te gissen waar het blad zit of wat het doet.
Veiligheid op gevoelige plekken — geen sneetjes, geen irritatie, ook niet ""daar"".
Een trimmer die écht anders is — niet weer hetzelfde product in een andere verpakking, maar iets dat zijn geld waard is.
Sociale validatie — ""100.000+ mannen gingen je voor"" en reviews van echte gebruikers verlagen de drempel en bevestigen de keuze.",🖼️ Static ad,🖼️ Static ad,100.000 mannen gingen je voor,Meta,NL & BE,Alex,,,,,,,,,,,,,0.0,1.9,2.38,,To Test,,,https://drive.google.com/drive/folders/1sQ5IEA919fEN6jRjReDG-B5r9RgFx7_r?usp=drive_link
478,169-1,Groom Guard,2. Problem Aware,Problem-Solution,"""Eindelijk een trimmer die zijn belofte wél waarmaakt""","Eindelijk een trimmer die doet wat hij belooft — mannen zijn klaar met producten die tegenvallen op gevoelige plekken.
Goedkeuring van de partner — ""Anouk heeft er niets meer over te klagen"" raakt een reëel sociaal verlangen: verzorgd zijn voor jezelf én de ander.
Vertrouwen vóór aankoop — na slechte ervaringen met andere trimmers willen ze bewijs, geen marketing. Reviews + technische specs samen doen dat werk.
Veiligheid op moeilijk bereikbare plekken — meshouder zonder huidcontact en LED voor donkere zones zijn geen features, het zijn oplossingen voor concrete angsten.",🖼️ Static ad,🖼️ Static ad,"""Anouk heeft er niets meer over te klagen""",Meta,NL & BE,Alex,,,,,,,,,,,,,0.0,1.9,2.38,,To Test,,,https://drive.google.com/drive/folders/1sQ5IEA919fEN6jRjReDG-B5r9RgFx7_r?usp=drive_link
479,169-2,Groom Guard,2. Problem Aware,Problem-Solution,"""Eindelijk een trimmer die zijn belofte wél waarmaakt""","Eindelijk een trimmer die doet wat hij belooft — mannen zijn klaar met producten die tegenvallen op gevoelige plekken.
Goedkeuring van de partner — ""Anouk heeft er niets meer over te klagen"" raakt een reëel sociaal verlangen: verzorgd zijn voor jezelf én de ander.
Vertrouwen vóór aankoop — na slechte ervaringen met andere trimmers willen ze bewijs, geen marketing. Reviews + technische specs samen doen dat werk.
Veiligheid op moeilijk bereikbare plekken — meshouder zonder huidcontact en LED voor donkere zones zijn geen features, het zijn oplossingen voor concrete angsten.",🖼️ Static ad,🖼️ Static ad,"""Mark: Maar sijd dit ding echt niet op de gevoelige plekken? Mijn vorige trimmer beloofde dat ook""",Meta,NL & BE,Alex,,,,,,,,,,,,,0.0,1.9,2.38,,To Test,,,https://drive.google.com/drive/folders/1LJM_ina9XwBQ4_aUr4_jxpl-B8MFNU1w?usp=drive_link
480,170-1,Groom Guard,3. Solution Aware,Benefits-Driven,"""Je schaamstreek verdient een specialist, geen compromis""","Het juiste gereedschap voor de juiste plek — mannen willen niet meer improviseren met een baardtrimmer op plekken waar die niet voor gemaakt is.
Veiligheid en controle op gevoelige zones — geen huidcontact, geen sneetjes, geen ongemak.
Zichzelf serieus nemen in verzorging — ""je schaamstreek verdient zijn eigen trimmer"" is een framing die mannelijke trots aanspreekt, niet schaamte.
Duidelijk bewijs dat dit anders is — de side-by-side vergelijking geeft rationele rechtvaardiging voor een aankoop die emotioneel al gemaakt is.",🖼️ Static ad,🖼️ Static ad,Je schaamstreek verdient zijn eigen trimmer,Meta,NL & BE,Alex,,,,,,,,,,,,,0.0,1.9,2.38,,To Test,,,https://drive.google.com/drive/folders/1sMtNCGxaSaQuxI458Lx6qaf1X8S7u4i7?usp=drive_link
481,170-2,Groom Guard,3. Solution Aware,Benefits-Driven,"""Je schaamstreek verdient een specialist, geen compromis""","Het juiste gereedschap voor de juiste plek — mannen willen niet meer improviseren met een baardtrimmer op plekken waar die niet voor gemaakt is.
Veiligheid en controle op gevoelige zones — geen huidcontact, geen sneetjes, geen ongemak.
Zichzelf serieus nemen in verzorging — ""je schaamstreek verdient zijn eigen trimmer"" is een framing die mannelijke trots aanspreekt, niet schaamte.
Duidelijk bewijs dat dit anders is — de side-by-side vergelijking geeft rationele rechtvaardiging voor een aankoop die emotioneel al gemaakt is.",🖼️ Static ad,🖼️ Static ad,Elle trimmer kan je baard doen. Niet dit.,Meta,NL & BE,Alex,,,,,,,,,,,,,0.0,1.9,2.38,,To Test,,,https://drive.google.com/drive/folders/1sMtNCGxaSaQuxI458Lx6qaf1X8S7u4i7?usp=drive_link
482,170-3,Groom Guard,3. Solution Aware,Benefits-Driven,"""Je schaamstreek verdient een specialist, geen compromis""","Het juiste gereedschap voor de juiste plek — mannen willen niet meer improviseren met een baardtrimmer op plekken waar die niet voor gemaakt is.
Veiligheid en controle op gevoelige zones — geen huidcontact, geen sneetjes, geen ongemak.
Zichzelf serieus nemen in verzorging — ""je schaamstreek verdient zijn eigen trimmer"" is een framing die mannelijke trots aanspreekt, niet schaamte.
Duidelijk bewijs dat dit anders is — de side-by-side vergelijking geeft rationele rechtvaardiging voor een aankoop die emotioneel al gemaakt is.",🖼️ Static ad,🖼️ Static ad,Waarom je baardtrimmer niet hoort op je schaamstreek,Meta,NL & BE,Alex,,,,,,,,,,,,,0.0,1.9,2.38,,To Test,,,https://drive.google.com/drive/folders/1sMtNCGxaSaQuxI458Lx6qaf1X8S7u4i7?usp=drive_link
483,170-4,Groom Guard,3. Solution Aware,Benefits-Driven,"""Je schaamstreek verdient een specialist, geen compromis""","Het juiste gereedschap voor de juiste plek — mannen willen niet meer improviseren met een baardtrimmer op plekken waar die niet voor gemaakt is.
Veiligheid en controle op gevoelige zones — geen huidcontact, geen sneetjes, geen ongemak.
Zichzelf serieus nemen in verzorging — ""je schaamstreek verdient zijn eigen trimmer"" is een framing die mannelijke trots aanspreekt, niet schaamte.
Duidelijk bewijs dat dit anders is — de side-by-side vergelijking geeft rationele rechtvaardiging voor een aankoop die emotioneel al gemaakt is.",🖼️ Static ad,🖼️ Static ad,"Voor je baard heb je een specialist, voor daar ook?",Meta,NL & BE,Alex,,,,,,,,,,,,,0.0,1.9,2.38,,To Test,,,https://drive.google.com/drive/folders/1sMtNCGxaSaQuxI458Lx6qaf1X8S7u4i7?usp=drive_link
484,171-1,Blade Baron,3. Solution Aware,Benefits-Driven,"""Scheren zonder irritatie""","""Ik wil me glad scheren zonder dat mijn huid daaronder lijdt.""",🖼️ Static ad,🖼️ Static ad,Wat als je gevoelige huid geen probleem was?,Meta,NL & BE,Jason,,,,,,,,,,,,,0.0,2.15,3.07,,To Test,,,https://drive.google.com/drive/folders/1yTlzGbgIHCT4M0hTdEU_iGS3fhDntV5U?usp=sharing
485,172-1,Gentleman Shaver Elite,5. Most Aware,FOMO / Scarcity,"""Geavanceerde scheertechnologie voor een perfect resultaat""","""Ik wil dat mijn scheerresultaat er altijd strak en verzorgd uitziet.""",🖼️ Static ad,🖼️ Static ad,Ontworpen voor precisie. Speciaal voor jou.,Meta,NL & BE,Jason,,,,,,,,,,,,,0.0,2.01,2.87,,To Test,,,https://drive.google.com/drive/folders/1xv4Q875H50qoBjxmTd8PnYggXNvLUbUd?usp=drive_link
486,173-1,Gentleman Shaver Elite,1. Unaware,Storytelling / Narrative,"""Binnen enkele minuten klaar voor het moment dat telt""","""Ik wil er goed uitzien zonder daar veel tijd aan kwijt te zijn.""",🖼️ Static ad,🖼️ Static ad,Mannen in 3 minuten. Oranje in 1.,Meta,NL & BE,Jason,,,,,,,,,,,,,0.0,2.01,2.87,,To Test,,,https://drive.google.com/drive/folders/16QyETA_T2eTaw_8YYjI50FzEYeoFSkQL?usp=drive_link
487,174-1,Gentleman Shaver Elite,1. Unaware,Storytelling / Narrative,"""Rust onder druk""","""Succes komt niet van aandacht trekken. Succes komt van beheersing.""",🖼️ Static ad,🖼️ Static ad,"Het lawaai doet er niet toe, de finish wel",Meta,NL & BE,Alex,,,,,,,,,,,,,0.0,2.01,2.87,,To Test,,,https://drive.google.com/drive/folders/1e2sbCOECUg0ZLPiLN3Vkl05QFujpAX97?usp=sharing
488,174-2,Gentleman Shaver Elite,1. Unaware,Storytelling / Narrative,"""Rust onder druk""","""Succes komt niet van aandacht trekken. Succes komt van beheersing.""",🖼️ Static ad,🖼️ Static ad,Wat als de chaos stopt zodra jij begint,Meta,NL & BE,Alex,,,,,,,,,,,,,0.0,2.01,2.87,,To Test,,,https://drive.google.com/drive/folders/1e2sbCOECUg0ZLPiLN3Vkl05QFujpAX97?usp=sharing
489,174-3,Gentleman Shaver Elite,1. Unaware,Storytelling / Narrative,"""Rust onder druk""","""Succes komt niet van aandacht trekken. Succes komt van beheersing.""",🖼️ Static ad,🖼️ Static ad,De sterkste finish komt uit de stilste hand,Meta,NL & BE,Alex,,,,,,,,,,,,,0.0,2.01,2.87,,To Test,,,https://drive.google.com/drive/folders/1e2sbCOECUg0ZLPiLN3Vkl05QFujpAX97?usp=sharing
490,175-1,Groom Guard PRO,3. Solution Aware,Comparison / Anti-X,Self-Optimization / Personal Upgrade,Zelfverbetering,🖼️ Static ad,🖼️ Static ad,Probeer het zelf!,Meta,NL & BE,Alex,,,,,,,,,,,,,0.0,1.87,2.55,,To Test,,,https://drive.google.com/drive/folders/1G4JxWcVb1MEQO8wys9A96Z8QwCdx_hmA?usp=drive_link
491,175-2,Groom Guard PRO,3. Solution Aware,Comparison / Anti-X,Self-Optimization / Personal Upgrade,Zelfverbetering,🖼️ Static ad,🖼️ Static ad,Bodycheck. Optimaliseer jij nog niet?,Meta,NL & BE,Alex,,,,,,,,,,,,,0.0,1.87,2.55,,To Test,,,https://drive.google.com/drive/folders/1G4JxWcVb1MEQO8wys9A96Z8QwCdx_hmA?usp=drive_link
492,175-3,Groom Guard PRO,3. Solution Aware,Comparison / Anti-X,Self-Optimization / Personal Upgrade,Zelfverbetering,🖼️ Static ad,🖼️ Static ad,"120 minuten, IPX7. Nul sneetjes",Meta,NL & BE,Alex,,,,,,,,,,,,,0.0,1.87,2.55,,To Test,,,https://drive.google.com/drive/folders/1G4JxWcVb1MEQO8wys9A96Z8QwCdx_hmA?usp=drive_link
493,175-4,Groom Guard PRO,3. Solution Aware,Comparison / Anti-X,Self-Optimization / Personal Upgrade,Zelfverbetering,🖼️ Static ad,🖼️ Static ad,Je traint het. Waarom niet verzorgen?,Meta,NL & BE,Alex,,,,,,,,,,,,,0.0,1.87,2.55,,To Test,,,https://drive.google.com/drive/folders/1G4JxWcVb1MEQO8wys9A96Z8QwCdx_hmA?usp=drive_link
494,175-5,Groom Guard PRO,3. Solution Aware,Comparison / Anti-X,Self-Optimization / Personal Upgrade,Zelfverbetering,🖼️ Static ad,🖼️ Static ad,120 minuten. Nul wondjes. Een trimmer,Meta,NL & BE,Alex,,,,,,,,,,,,,0.0,1.87,2.55,,To Test,,,https://drive.google.com/drive/folders/1G4JxWcVb1MEQO8wys9A96Z8QwCdx_hmA?usp=drive_link
495,175-6,Groom Guard PRO,3. Solution Aware,Comparison / Anti-X,Self-Optimization / Personal Upgrade,Zelfverbetering,🖼️ Static ad,🖼️ Static ad,Je gezicht verzrog je. De rest ook.,Meta,NL & BE,Alex,,,,,,,,,,,,,0.0,1.87,2.55,,To Test,,,https://drive.google.com/drive/folders/1G4JxWcVb1MEQO8wys9A96Z8QwCdx_hmA?usp=drive_link
496,176-1,Head Shaver Deluxe,5. Most Aware,Bundle Offer,"""Waarom zou je nog een ouderwetse manier gebruiken als er een makkelijkere manier bestaat?""",Gemak & Moeiteloosheid,🖼️ Static ad,🖼️ Static ad,""" De beste scheerbeurt ooit, super snel en comfortabel",Meta,NL & BE,Jason,,,,,,,,,,,,,0.0,2.23,3.19,,To Test,,,https://drive.google.com/drive/folders/1q_fgVI3zB4_KURZoYa_-S_M6rrFZwsJz?usp=drive_link
497,176-2,Head Shaver Deluxe,5. Most Aware,Bundle Offer,"""Waarom zou je nog een ouderwetse manier gebruiken als er een makkelijkere manier bestaat?""",Gemak & Moeiteloosheid,🖼️ Static ad,🖼️ Static ad,""" De beste scheerbeurt ooit, super snel en comfortabel",Meta,NL & BE,Jason,,,,,,,,,,,,,0.0,2.23,3.19,,To Test,,,https://drive.google.com/drive/folders/1q_fgVI3zB4_KURZoYa_-S_M6rrFZwsJz?usp=drive_link
498,176-3,Head Shaver Deluxe,5. Most Aware,Bundle Offer,"""Waarom zou je nog een ouderwetse manier gebruiken als er een makkelijkere manier bestaat?""",Gemak & Moeiteloosheid,🖼️ Static ad,🖼️ Static ad,"25% korting op The Head Shaver Deluxe, zeg vaarwel tegen sneetjes, en hallo tegen veiligheid",Meta,NL & BE,Jason,,,,,,,,,,,,,0.0,2.23,3.19,,To Test,,,https://drive.google.com/drive/folders/1q_fgVI3zB4_KURZoYa_-S_M6rrFZwsJz?usp=drive_link
499,176-4,Head Shaver Deluxe,5. Most Aware,Bundle Offer,"""Waarom zou je nog een ouderwetse manier gebruiken als er een makkelijkere manier bestaat?""",Gemak & Moeiteloosheid,🖼️ Static ad,🖼️ Static ad,"25% korting op The Head Shaver Deluxe, zeg vaarwel tegen sneetjes, en hallo tegen veiligheid",Meta,NL & BE,Jason,,,,,,,,,,,,,0.0,2.23,3.19,,To Test,,,https://drive.google.com/drive/folders/1q_fgVI3zB4_KURZoYa_-S_M6rrFZwsJz?usp=drive_link
500,176-5,Head Shaver Deluxe,5. Most Aware,Bundle Offer,"""Waarom zou je nog een ouderwetse manier gebruiken als er een makkelijkere manier bestaat?""",Gemak & Moeiteloosheid,🖼️ Static ad,🖼️ Static ad,Glad hoofd in 90 seconde,Meta,NL & BE,Jason,,,,,,,,,,,,,0.0,2.23,3.19,,To Test,,,https://drive.google.com/drive/folders/1q_fgVI3zB4_KURZoYa_-S_M6rrFZwsJz?usp=drive_link
501,176-6,Head Shaver Deluxe,5. Most Aware,Bundle Offer,"""Waarom zou je nog een ouderwetse manier gebruiken als er een makkelijkere manier bestaat?""",Gemak & Moeiteloosheid,🖼️ Static ad,🖼️ Static ad,Glad hoofd in 90 seconde,Meta,NL & BE,Jason,,,,,,,,,,,,,0.0,2.23,3.19,,To Test,,,https://drive.google.com/drive/folders/1q_fgVI3zB4_KURZoYa_-S_M6rrFZwsJz?usp=drive_link
502,177-1,Head Shaver Deluxe,5. Most Aware,Bundle Offer,Premium prestaties voor een toegankelijke prijs,Slimme Koop / Beste Deal,🖼️ Static ad,🖼️ Static ad,"49,95, probeer risicovrij. 100 dagen geld terug garantie",Meta,NL & BE,Jason,,,,,,,,,,,,,0.0,2.23,3.19,,To Test,,,https://drive.google.com/drive/folders/1I-Z2ve-lA1xAO5kZPhKIn1eMs2rVw7Qo?usp=drive_link
503,178-1,Groom Guard PRO,3. Solution Aware,Benefits-Driven,"""Verras een vader die alles al heeft met een cadeau dat hij daadwerkelijk gebruikt.""",Ik wil een cadeau geven waar mijn vader blij van wordt.,🖼️ Static ad,🖼️ Static ad,Dit jaar geef je hem iets wat werkt.,Meta,NL & BE,Alex,,,,,,,,,,,,,0.0,1.78,2.55,,To Test,,,https://drive.google.com/drive/folders/1vZRjiddRt1An4QcEiVHBu0ciFIeIF4lc?usp=drive_link
504,178-2,Groom Guard PRO,3. Solution Aware,Benefits-Driven,"""Verras een vader die alles al heeft met een cadeau dat hij daadwerkelijk gebruikt.""",Ik wil een cadeau geven waar mijn vader blij van wordt.,🖼️ Static ad,🖼️ Static ad,Het cadeau dat jouw papa verdiend,Meta,NL & BE,Alex,,,,,,,,,,,,,0.0,1.78,2.55,,To Test,,,https://drive.google.com/drive/folders/1vZRjiddRt1An4QcEiVHBu0ciFIeIF4lc?usp=drive_link
505,178-3,Groom Guard PRO,3. Solution Aware,Benefits-Driven,"""Verras een vader die alles al heeft met een cadeau dat hij daadwerkelijk gebruikt.""",Ik wil een cadeau geven waar mijn vader blij van wordt.,🖼️ Static ad,🖼️ Static ad,Wat geef je iemand die al alles heeft?,Meta,NL & BE,Alex,,,,,,,,,,,,,0.0,1.78,2.55,,To Test,,,https://drive.google.com/drive/folders/1vZRjiddRt1An4QcEiVHBu0ciFIeIF4lc?usp=drive_link
506,178-4,Groom Guard PRO,3. Solution Aware,Benefits-Driven,"""Verras een vader die alles al heeft met een cadeau dat hij daadwerkelijk gebruikt.""",Ik wil een cadeau geven waar mijn vader blij van wordt.,🖼️ Static ad,🖼️ Static ad,"Niet weer ander boek of deodorant, maar dit.",Meta,NL & BE,Alex,,,,,,,,,,,,,0.0,1.78,2.55,,To Test,,,https://drive.google.com/drive/folders/1vZRjiddRt1An4QcEiVHBu0ciFIeIF4lc?usp=drive_link
507,179-1,Groom Guard PRO,2. Problem Aware,Negative / Pain Agitation,"""Veilig en moeiteloos je hele lichaam trimmen met één apparaat""","""Ik wil mijn lichaam verzorgen zonder angst voor wondjes, sneetjes of irritatie.""",🖼️ Static ad,🖼️ Static ad,De Groom Guard voor het hele lichaam,Meta,NL & BE,Alex,,,,,,,,,,,,,0.0,1.78,2.55,,To Test,,,https://drive.google.com/drive/folders/1frVJiZ2ivoCftqfTqRsCQ4dFKY0U5e8V?usp=drive_link
508,179-2,Groom Guard PRO,2. Problem Aware,Negative / Pain Agitation,"""Veilig en moeiteloos je hele lichaam trimmen met één apparaat""","""Ik wil mijn lichaam verzorgen zonder angst voor wondjes, sneetjes of irritatie.""",🖼️ Static ad,🖼️ Static ad,Het vaderdag cadeau dat hij echt gebruikt,Meta,NL & BE,Alex,,,,,,,,,,,,,0.0,1.78,2.55,,To Test,,,https://drive.google.com/drive/folders/1frVJiZ2ivoCftqfTqRsCQ4dFKY0U5e8V?usp=drive_link
509,179-3,Groom Guard PRO,2. Problem Aware,Negative / Pain Agitation,"""Veilig en moeiteloos je hele lichaam trimmen met één apparaat""","""Ik wil mijn lichaam verzorgen zonder angst voor wondjes, sneetjes of irritatie.""",🖼️ Static ad,🖼️ Static ad,Een apparaat. Hele lichaam. Klaar,Meta,NL & BE,Alex,,,,,,,,,,,,,0.0,1.78,2.55,,To Test,,,https://drive.google.com/drive/folders/1frVJiZ2ivoCftqfTqRsCQ4dFKY0U5e8V?usp=drive_link
510,180-1,Groom Guard PRO,1. Unaware,Storytelling / Narrative,"Voor mannen die hun intieme verzorging hebben opgegeven omdat elke eerdere poging eindigde in sneetjes, irritatie of frustratie. Het probleem was nooit jij, maar het verkeerde gereedschap.",Eindelijk een manier vinden om jezelf comfortabel en zonder pijn te verzorgen.,🎬 Studio / Polished Brand Video,🎬 Video,Ik ben gestopt met het scheren van mijn schaamstreek. Dit is waarom.,Meta,NL & BE,Alex,,,,,,,,,,,,,0.0,1.78,2.55,,To Test,,,https://drive.google.com/drive/folders/1hxgPORhctGx5mtq1nXwGT1is-ZC5M16G?usp=drive_link
511,180-2,Groom Guard PRO,1. Unaware,Storytelling / Narrative,"Voor mannen die hun intieme verzorging hebben opgegeven omdat elke eerdere poging eindigde in sneetjes, irritatie of frustratie. Het probleem was nooit jij, maar het verkeerde gereedschap.",Eindelijk een manier vinden om jezelf comfortabel en zonder pijn te verzorgen.,🎬 Studio / Polished Brand Video,🎬 Video,Ik was helemaal gestopt met het verzorgen van mijn intieme zone... totdat ik dit ontdekte.,Meta,NL & BE,Alex,,,,,,,,,,,,,0.0,1.78,2.55,,To Test,,,https://drive.google.com/drive/folders/1hxgPORhctGx5mtq1nXwGT1is-ZC5M16G?usp=drive_link
512,180-3,Groom Guard PRO,1. Unaware,Storytelling / Narrative,"Voor mannen die hun intieme verzorging hebben opgegeven omdat elke eerdere poging eindigde in sneetjes, irritatie of frustratie. Het probleem was nooit jij, maar het verkeerde gereedschap.",Eindelijk een manier vinden om jezelf comfortabel en zonder pijn te verzorgen.,🎬 Studio / Polished Brand Video,🎬 Video,Dit is waarom ik al jaren niet meer mijn intieme verzorging doe.,Meta,NL & BE,Alex,,,,,,,,,,,,,0.0,1.78,2.55,,To Test,,,https://drive.google.com/drive/folders/1hxgPORhctGx5mtq1nXwGT1is-ZC5M16G?usp=drive_link
513,181-1,Flex Guard,2. Problem Aware,Social Proof / Reviews,"Je investeert uren in je lichaam, maar één vergeten zone verpest het totaalplaatje.",Maximaal aantrekkelijk en verzorgd overkomen wanneer de kleding uitgaat.,🎬 Studio / Polished Brand Video,🎬 Video,"“Manner, door je schaamhaar lijkt het kleiner daar”",Meta,NL & BE,Alex,,,,,,,,,,,,,0.0,1.86,2.66,,To Test,,,https://drive.google.com/drive/folders/1tqpCHnU133k04DrIXqhekHo9rUelEE5b?usp=drive_link
514,181-2,Flex Guard,2. Problem Aware,Social Proof / Reviews,"Je investeert uren in je lichaam, maar één vergeten zone verpest het totaalplaatje.",Maximaal aantrekkelijk en verzorgd overkomen wanneer de kleding uitgaat.,🎬 Studio / Polished Brand Video,🎬 Video,"“Je gaat vijf dagen p er week naar de sportschool, maar dit sla je over.”",Meta,NL & BE,Alex,,,,,,,,,,,,,0.0,1.86,2.66,,To Test,,,https://drive.google.com/drive/folders/1tqpCHnU133k04DrIXqhekHo9rUelEE5b?usp=drive_link
515,181-3,Flex Guard,2. Problem Aware,Social Proof / Reviews,"Je investeert uren in je lichaam, maar één vergeten zone verpest het totaalplaatje.",Maximaal aantrekkelijk en verzorgd overkomen wanneer de kleding uitgaat.,🎬 Studio / Polished Brand Video,🎬 Video,“Ik heb zes maanden getraind en er was één ding dat mijn vooruitgang volledig in de weg stond.”,Meta,NL & BE,Alex,,,,,,,,,,,,,0.0,1.86,2.66,,To Test,,,https://drive.google.com/drive/folders/1tqpCHnU133k04DrIXqhekHo9rUelEE5b?usp=drive_link
516,182-1,Groom Guard PRO,1. Unaware,Storytelling / Narrative,"""Meer aantrekkingskracht zonder risico""",Zelfverzekerd voelen in intieme situaties.,🎬 Studio / Polished Brand Video,🎬 Video,"“Niemand heeft je dit verteld, maar als je daar beneden veel haar hebt, lijkt het veel kleiner.”",Meta,NL & BE,Alex,,,,,,,,,,,,,0.0,1.78,2.55,,To Test,,,https://drive.google.com/drive/folders/1eJxhzXH8qbFttV49v5Bc55rLsx_kr0rl?usp=sharing
517,182-2,Groom Guard PRO,1. Unaware,Storytelling / Narrative,"""Meer aantrekkingskracht zonder risico""",Zelfverzekerd voelen in intieme situaties.,🎬 Studio / Polished Brand Video,🎬 Video,"“Als je je daar beneden nog nooit hebt geschoren, is dit  het teken.”",Meta,NL & BE,Alex,,,,,,,,,,,,,0.0,1.78,2.55,,To Test,,,https://drive.google.com/drive/folders/1eJxhzXH8qbFttV49v5Bc55rLsx_kr0rl?usp=sharing
518,182-3,Groom Guard PRO,1. Unaware,Storytelling / Narrative,"""Meer aantrekkingskracht zonder risico""",Zelfverzekerd voelen in intieme situaties.,🎬 Studio / Polished Brand Video,🎬 Video,“Mannen praten hier niet over. Dus doe ik het maar voor ze”,Meta,NL & BE,Alex,,,,,,,,,,,,,0.0,1.78,2.55,,To Test,,,https://drive.google.com/drive/folders/1eJxhzXH8qbFttV49v5Bc55rLsx_kr0rl?usp=sharing
519,183-1,Groom Guard PRO,2. Problem Aware,Problem-Solution,"Je doet alles om optimaal te presteren, dus waarom zou je dit ene onderdeel van je verzorging blijven negeren?","Een verzorgde, atletische uitstraling behouden zonder extra tijd of moeite.",🎬 Studio / Polished Brand Video,🎬 Video,"“Jongens, niemand in de sportschool zal jullie dit vertellen.”",Meta,NL & BE,Alex,,,,,,,,,,,,,0.0,1.78,2.55,,To Test,,,https://drive.google.com/drive/folders/1YcQ1l_57eu9aVB8ddmk21UXcP_5yc9g9?usp=drive_link
520,183-2,Groom Guard PRO,2. Problem Aware,Problem-Solution,"Je doet alles om optimaal te presteren, dus waarom zou je dit ene onderdeel van je verzorging blijven negeren?","Een verzorgde, atletische uitstraling behouden zonder extra tijd of moeite.",🎬 Studio / Polished Brand Video,🎬 Video,"“Je scheert je borst, maar daar beneden laat je…. ongeschoren?”",Meta,NL & BE,Alex,,,,,,,,,,,,,0.0,1.78,2.55,,To Test,,,https://drive.google.com/drive/folders/1YcQ1l_57eu9aVB8ddmk21UXcP_5yc9g9?usp=drive_link
521,183-3,Groom Guard PRO,2. Problem Aware,Problem-Solution,"Je doet alles om optimaal te presteren, dus waarom zou je dit ene onderdeel van je verzorging blijven negeren?","Een verzorgde, atletische uitstraling behouden zonder extra tijd of moeite.",🎬 Studio / Polished Brand Video,🎬 Video,“Schaamhaar en topprestaties gaan niet samen.,Meta,NL & BE,Alex,,,,,,,,,,,,,0.0,1.78,2.55,,To Test,,,https://drive.google.com/drive/folders/1YcQ1l_57eu9aVB8ddmk21UXcP_5yc9g9?usp=drive_link
522,184-1,Groom Guard PRO,2. Problem Aware,Problem-Solution,"Voor mannen met een gevoelige huid die er verzorgd uit willen zien zonder irritatie, ingegroeide haartjes of pijnlijke scheerervaringen.","Een gladde, verzorgde uitstraling zonder huidirritatie.",🎬 Studio / Polished Brand Video,🎬 Video,"""Wil je weten waarom vrouwen zo dol zijn op de Groom Guard?”",Meta,NL & BE,Alex,,,,,,,,,,,,,0.0,1.78,2.55,,To Test,,,https://drive.google.com/drive/folders/1FJptdmrgvg0F2tEPmxdVRJxekce-GjF2?usp=drive_link
523,184-2,Groom Guard PRO,2. Problem Aware,Problem-Solution,"Voor mannen met een gevoelige huid die er verzorgd uit willen zien zonder irritatie, ingegroeide haartjes of pijnlijke scheerervaringen.","Een gladde, verzorgde uitstraling zonder huidirritatie.",🎬 Studio / Polished Brand Video,🎬 Video,“Vroeger kon mijn huid geen enkel scheermes toe vertrouwen. Toen probeerde ik dit.”,Meta,NL & BE,Alex,,,,,,,,,,,,,0.0,1.78,2.55,,To Test,,,https://drive.google.com/drive/folders/1FJptdmrgvg0F2tEPmxdVRJxekce-GjF2?usp=drive_link
524,184-3,Groom Guard PRO,2. Problem Aware,Problem-Solution,"Voor mannen met een gevoelige huid die er verzorgd uit willen zien zonder irritatie, ingegroeide haartjes of pijnlijke scheerervaringen.","Een gladde, verzorgde uitstraling zonder huidirritatie.",🎬 Studio / Polished Brand Video,🎬 Video,"“Als je na het scheren altijd last hebt van irritatie, dan moet je dit eens horen.”",Meta,NL & BE,Alex,,,,,,,,,,,,,0.0,1.78,2.55,,To Test,,,https://drive.google.com/drive/folders/1FJptdmrgvg0F2tEPmxdVRJxekce-GjF2?usp=drive_link
525,185-1,Groom Guard PRO,2. Problem Aware,Problem-Solution,Stop met kiezen tussen verzorgd zijn en een geïrriteerde huid. Krijg beide: een verzorgde look én meer zelfvertrouwen.,"Zelfverzekerd voelen in de slaapkamer zonder irritatie, bultjes of schaamte over je uiterlijk.",🎬 Studio / Polished Brand Video,🎬 Video,"""Raakt jouw huid ook helemaal van slag telkens als je je daar beneden probeert te scheren?”",Meta,NL & BE,Alex,,,,,,,,,,,,,0.0,1.78,2.55,,To Test,,,https://drive.google.com/drive/folders/1J24DeOMdyfVb2cYJ5l2vb802GYvl0fwu?usp=drive_link
526,185-2,Groom Guard PRO,2. Problem Aware,Problem-Solution,Stop met kiezen tussen verzorgd zijn en een geïrriteerde huid. Krijg beide: een verzorgde look én meer zelfvertrouwen.,"Zelfverzekerd voelen in de slaapkamer zonder irritatie, bultjes of schaamte over je uiterlijk.",🎬 Studio / Polished Brand Video,🎬 Video,“Ik heb mezelf lang niet geschoren vanwege irritatie na het scheren.,Meta,NL & BE,Alex,,,,,,,,,,,,,0.0,1.78,2.55,,To Test,,,https://drive.google.com/drive/folders/1J24DeOMdyfVb2cYJ5l2vb802GYvl0fwu?usp=drive_link
527,185-3,Groom Guard PRO,2. Problem Aware,Problem-Solution,Stop met kiezen tussen verzorgd zijn en een geïrriteerde huid. Krijg beide: een verzorgde look én meer zelfvertrouwen.,"Zelfverzekerd voelen in de slaapkamer zonder irritatie, bultjes of schaamte over je uiterlijk.",🎬 Studio / Polished Brand Video,🎬 Video,“Een gevoelige huid en mannelijke verzorging gaan niet samen. Tot nu toe.”,Meta,NL & BE,Alex,,,,,,,,,,,,,0.0,1.78,2.55,,To Test,,,https://drive.google.com/drive/folders/1J24DeOMdyfVb2cYJ5l2vb802GYvl0fwu?usp=drive_link
528,186-1,Groom Guard PRO,3. Solution Aware,Benefits-Driven,"Stop met ingewikkeld doen. Gebruik gewoon het juiste hulpmiddel voor je schaamhaar en voorkom sneetjes, irritatie en gedoe.",Je schaamstreek veilig en moeiteloos verzorgen zonder angst om jezelf te snijden.,🎬 Studio / Polished Brand Video,🎬 Video,"“Als het daar beneden een beetje rommelig is, dan heb je dit nodig.”",Meta,NL & BE,Alex,,,,,,,,,,,,,0.0,1.78,2.55,,To Test,,,https://drive.google.com/drive/folders/1uxS6ZeMfJ5U38uOoc7rqXw7KgmQIKvHj?usp=drive_link
529,186-2,Groom Guard PRO,3. Solution Aware,Benefits-Driven,"Stop met ingewikkeld doen. Gebruik gewoon het juiste hulpmiddel voor je schaamhaar en voorkom sneetjes, irritatie en gedoe.",Je schaamstreek veilig en moeiteloos verzorgen zonder angst om jezelf te snijden.,🎬 Studio / Polished Brand Video,🎬 Video,“Deze trimmer is voor maar één ding gemaakt: je schaamhaar.”,Meta,NL & BE,Alex,,,,,,,,,,,,,0.0,1.78,2.55,,To Test,,,https://drive.google.com/drive/folders/1uxS6ZeMfJ5U38uOoc7rqXw7KgmQIKvHj?usp=drive_link
530,186-3,Groom Guard PRO,3. Solution Aware,Benefits-Driven,"Stop met ingewikkeld doen. Gebruik gewoon het juiste hulpmiddel voor je schaamhaar en voorkom sneetjes, irritatie en gedoe.",Je schaamstreek veilig en moeiteloos verzorgen zonder angst om jezelf te snijden.,🎬 Studio / Polished Brand Video,🎬 Video,“Gebruik je nog steeds een scheermesje voor je ballen? Stop daar mee.”,Meta,NL & BE,Alex,,,,,,,,,,,,,0.0,1.78,2.55,,To Test,,,https://drive.google.com/drive/folders/1uxS6ZeMfJ5U38uOoc7rqXw7KgmQIKvHj?usp=drive_link
531,187-1,Groom Guard PRO,3. Solution Aware,Curiosity / Intrigue,"Beantwoord alle twijfels in één keer: veiliger dan een scheermes, minder irritatie dan een standaard trimmer en speciaal gemaakt voor gevoelige zones.",Een veilige en zorgeloze manier vinden om intieme zones te verzorgen zonder sneetjes of irritatie.,🎬 Studio / Polished Brand Video,🎬 Video,“Trimt dit echt zonder dat je je snijdt?”,Meta,NL & BE,Alex,,,,,,,,,,,,,0.0,1.78,2.55,,To Test,,,https://drive.google.com/drive/folders/1AaLKnJ0r21uL-U1DYnjmuLQxfpudeoIM?usp=drive_link
532,187-2,Groom Guard PRO,3. Solution Aware,Curiosity / Intrigue,"Beantwoord alle twijfels in één keer: veiliger dan een scheermes, minder irritatie dan een standaard trimmer en speciaal gemaakt voor gevoelige zones.",Een veilige en zorgeloze manier vinden om intieme zones te verzorgen zonder sneetjes of irritatie.,🎬 Studio / Polished Brand Video,🎬 Video,"""Trimt het echt beter dan een scheermes?”",Meta,NL & BE,Alex,,,,,,,,,,,,,0.0,1.78,2.55,,To Test,,,https://drive.google.com/drive/folders/1AaLKnJ0r21uL-U1DYnjmuLQxfpudeoIM?usp=drive_link
533,187-3,Groom Guard PRO,3. Solution Aware,Curiosity / Intrigue,"Beantwoord alle twijfels in één keer: veiliger dan een scheermes, minder irritatie dan een standaard trimmer en speciaal gemaakt voor gevoelige zones.",Een veilige en zorgeloze manier vinden om intieme zones te verzorgen zonder sneetjes of irritatie.,🎬 Studio / Polished Brand Video,🎬 Video,“Mijn vriendin heeft dit scheerapparaat voor me gekocht en nu wil ze niet dat ik iets anders gebruik.”,Meta,NL & BE,Alex,,,,,,,,,,,,,0.0,1.78,2.55,,To Test,,,https://drive.google.com/drive/folders/1AaLKnJ0r21uL-U1DYnjmuLQxfpudeoIM?usp=drive_link
534,188-1,Blade Baron,3. Solution Aware,Authority / Expert,"Dit scheerapparaat is zó goed dat je er geobsedeerd door raakt. Meer gemak, betere resultaten en een gladde huid zonder irritatie.","Een moeiteloos gladde scheerbeurt zonder irritatie, gedoe of tijdverlies.",🎬 Studio / Polished Brand Video,🎬 Video,“Ik heb dit scheerapparaat gekocht omdat ik bang was voor een scheermesjes. Nu heb ik er spijt van.”,Meta,NL & BE,Jason,,,,,,,,,,,,,0.0,2.15,3.07,,To Test,,,https://drive.google.com/drive/folders/1bp1o1V-ReL3mwlt7k-UFmQkPMabzoyNw?usp=drive_link
535,188-2,Blade Baron,3. Solution Aware,Authority / Expert,"Dit scheerapparaat is zó goed dat je er geobsedeerd door raakt. Meer gemak, betere resultaten en een gladde huid zonder irritatie.","Een moeiteloos gladde scheerbeurt zonder irritatie, gedoe of tijdverlies.",🎬 Studio / Polished Brand Video,🎬 Video,“Drie redenen waarom ik spijt heb dat ik de Blade Baron heb gekocht.”,Meta,NL & BE,Jason,,,,,,,,,,,,,0.0,2.15,3.07,,To Test,,,https://drive.google.com/drive/folders/1bp1o1V-ReL3mwlt7k-UFmQkPMabzoyNw?usp=drive_link
536,188-3,Blade Baron,3. Solution Aware,Authority / Expert,"Dit scheerapparaat is zó goed dat je er geobsedeerd door raakt. Meer gemak, betere resultaten en een gladde huid zonder irritatie.","Een moeiteloos gladde scheerbeurt zonder irritatie, gedoe of tijdverlies.",🎬 Studio / Polished Brand Video,🎬 Video,"“Als je op zoek bent naar een scheerapparaat dat je ook echt gaat gebruiken, koop dit dan niet.”",Meta,NL & BE,Jason,,,,,,,,,,,,,0.0,2.15,3.07,,To Test,,,https://drive.google.com/drive/folders/1bp1o1V-ReL3mwlt7k-UFmQkPMabzoyNw?usp=drive_link
537,189-1,Groom Guard PRO,5. Most Aware,Bundle Offer,"Stop met marketingclaims geloven. Kijk naar hoe het product daadwerkelijk ontworpen is. De oplossing zit niet in de verpakking, maar in de technologie achter de keramische mesjes.",Een trimmer vinden die eindelijk doet wat alle andere beloofden maar niet waarmaakten.,🎬 Studio / Polished Brand Video,🎬 Video,Elke trimmer beweert dat hij ‘huidvriendelijk’ is. De meeste liegen.,Meta,NL & BE,Alex,,,,,,,,,,,,,0.0,1.78,2.55,,To Test,,,https://drive.google.com/drive/folders/1kZuA9nsFik5VMwai-3Ptpesr_gCu1BkR?usp=drive_link
538,189-2,Groom Guard PRO,5. Most Aware,Bundle Offer,"Stop met marketingclaims geloven. Kijk naar hoe het product daadwerkelijk ontworpen is. De oplossing zit niet in de verpakking, maar in de technologie achter de keramische mesjes.",Een trimmer vinden die eindelijk doet wat alle andere beloofden maar niet waarmaakten.,🎬 Studio / Polished Brand Video,🎬 Video,Ik heb honderden euro’s uitgegeven aan een poging om een trimmer te vinden waarmee ik mezelf niet snij.,Meta,NL & BE,Alex,,,,,,,,,,,,,0.0,1.78,2.55,,To Test,,,https://drive.google.com/drive/folders/1kZuA9nsFik5VMwai-3Ptpesr_gCu1BkR?usp=drive_link
539,189-3,Groom Guard PRO,5. Most Aware,Bundle Offer,"Stop met marketingclaims geloven. Kijk naar hoe het product daadwerkelijk ontworpen is. De oplossing zit niet in de verpakking, maar in de technologie achter de keramische mesjes.",Een trimmer vinden die eindelijk doet wat alle andere beloofden maar niet waarmaakten.,🎬 Studio / Polished Brand Video,🎬 Video,"Ik geloofde wat er op de verpakking stond, maar kreeg uiteindelijk toch rode bultjes en irritatie…",Meta,NL & BE,Alex,,,,,,,,,,,,,0.0,1.78,2.55,,To Test,,,https://drive.google.com/drive/folders/1kZuA9nsFik5VMwai-3Ptpesr_gCu1BkR?usp=drive_link
540,190-1,Blade Baron,2. Problem Aware,Problem-Solution,"""Het cadeau dat hij daadwerkelijk gaat gebruiken""","""Ik heb eindelijk iets gevonden dat hij echt leuk vindt.""",🖼️ Static ad,🖼️ Static ad,Wat geef je pap voor de wedstrijd?,Meta,NL & BE,Jason,,,,,,,,,,,,,0.0,2.15,3.07,,To Test,,,https://drive.google.com/drive/folders/1f-HoNlbZ1GUQxlx5RpHDGe50n1eD8bHL?usp=drive_link
541,190-2,Blade Baron,2. Problem Aware,Problem-Solution,"""Het cadeau dat hij daadwerkelijk gaat gebruiken""","""Ik heb eindelijk iets gevonden dat hij echt leuk vindt.""",🖼️ Static ad,🖼️ Static ad,In 3 minuten klaar voor de aftrap,Meta,NL & BE,Jason,,,,,,,,,,,,,0.0,2.15,3.07,,To Test,,,https://drive.google.com/drive/folders/1f-HoNlbZ1GUQxlx5RpHDGe50n1eD8bHL?usp=drive_link
542,190-3,Blade Baron,2. Problem Aware,Problem-Solution,"""Het cadeau dat hij daadwerkelijk gaat gebruiken""","""Ik heb eindelijk iets gevonden dat hij echt leuk vindt.""",🖼️ Static ad,🖼️ Static ad,Eindelijk een Vaderdag-cadeau dat hij gebruikt,Meta,NL & BE,Jason,,,,,,,,,,,,,0.0,2.15,3.07,,To Test,,,https://drive.google.com/drive/folders/1f-HoNlbZ1GUQxlx5RpHDGe50n1eD8bHL?usp=drive_link
543,191-1,Flex Guard,5. Most Aware,Bundle Offer,"""Stop met de verkeerde tool gebruiken voor gevoelige zones.""","""Ik wil me verzorgen zonder pijn, wondjes of stress.""",🖼️ Static ad,🖼️ Static ad,Trim je daar nog met je baardtrimmer?,Meta,NL & BE,Alex,,,,,,,,,,,,,0.0,1.86,2.66,,To Test,,,https://drive.google.com/drive/folders/1C_DVpct6eg7ASG5296USVdWHiaGapGyS?usp=drive_link
544,191-2,Flex Guard,5. Most Aware,Bundle Offer,"""Stop met de verkeerde tool gebruiken voor gevoelige zones.""","""Ik wil me verzorgen zonder pijn, wondjes of stress.""",🖼️ Static ad,🖼️ Static ad,Glad zonder sneetjes ook op de gevoelige zones,Meta,NL & BE,Alex,,,,,,,,,,,,,0.0,1.86,2.66,,To Test,,,https://drive.google.com/drive/folders/1C_DVpct6eg7ASG5296USVdWHiaGapGyS?usp=drive_link
545,191-3,Flex Guard,5. Most Aware,Bundle Offer,"""Stop met de verkeerde tool gebruiken voor gevoelige zones.""","""Ik wil me verzorgen zonder pijn, wondjes of stress.""",🖼️ Static ad,🖼️ Static ad,Ja vader zijn partner merkt het verschil meteen,Meta,NL & BE,Alex,,,,,,,,,,,,,0.0,1.86,2.66,,To Test,,,https://drive.google.com/drive/folders/1C_DVpct6eg7ASG5296USVdWHiaGapGyS?usp=drive_link
546,192-1,Flex Guard,5. Most Aware,Bundle Offer,"""Een cadeau dat hij daadwerkelijk blijft gebruiken""","""Ik wil niet weer iets geven dat ongebruikt blijft liggen.""",🖼️ Static ad,🖼️ Static ad,Het vaderdag cadeau dat hij blijft pakken,Meta,NL & BE,Alex,,,,,,,,,,,,,0.0,1.86,2.66,,To Test,,,https://drive.google.com/drive/folders/1fddqL_LYWcBB2hpM3mnnHXZsJt2kj5Nr?usp=drive_link
547,192-2,Flex Guard,5. Most Aware,Bundle Offer,"""Een cadeau dat hij daadwerkelijk blijft gebruiken""","""Ik wil niet weer iets geven dat ongebruikt blijft liggen.""",🖼️ Static ad,🖼️ Static ad,Van ruige papa naar verzorgde vader,Meta,NL & BE,Alex,,,,,,,,,,,,,0.0,1.86,2.66,,To Test,,,https://drive.google.com/drive/folders/1fddqL_LYWcBB2hpM3mnnHXZsJt2kj5Nr?usp=drive_link
548,192-3,Flex Guard,5. Most Aware,Bundle Offer,"""Een cadeau dat hij daadwerkelijk blijft gebruiken""","""Ik wil niet weer iets geven dat ongebruikt blijft liggen.""",🖼️ Static ad,🖼️ Static ad,Eindelijk het juiste cadeau voor hem,Meta,NL & BE,Alex,,,,,,,,,,,,,0.0,1.86,2.66,,To Test,,,https://drive.google.com/drive/folders/1fddqL_LYWcBB2hpM3mnnHXZsJt2kj5Nr?usp=drive_link
549,192-4,Flex Guard,5. Most Aware,Bundle Offer,"""Een cadeau dat hij daadwerkelijk blijft gebruiken""","""Ik wil niet weer iets geven dat ongebruikt blijft liggen.""",🖼️ Static ad,🖼️ Static ad,Dit cadeau belandt niet in de kast,Meta,NL & BE,Alex,,,,,,,,,,,,,0.0,1.86,2.66,,To Test,,,https://drive.google.com/drive/folders/1fddqL_LYWcBB2hpM3mnnHXZsJt2kj5Nr?usp=drive_link
550,193-1,Groom Guard PRO,5. Most Aware,Bundle Offer,"""Help hem weer de beste versie van zichzelf te worden.""",Ik wil dat mijn vader er verzorgd en zelfverzekerd uitziet.,🖼️ Static ad,🖼️ Static ad,Van ruige beer naar verzorgde pa,Meta,NL & BE,Alex,,,,,,,,,,,,,0.0,1.78,2.55,,To Test,,,https://drive.google.com/drive/folders/18bUkrnA65w-eUaVTXTLdxhfMY64rsQuf?usp=drive_link
551,193-2,Groom Guard PRO,5. Most Aware,Bundle Offer,"""Help hem weer de beste versie van zichzelf te worden.""",Ik wil dat mijn vader er verzorgd en zelfverzekerd uitziet.,🖼️ Static ad,🖼️ Static ad,Van ruige beer naar verzorgde pa,Meta,NL & BE,Alex,,,,,,,,,,,,,0.0,1.78,2.55,,To Test,,,https://drive.google.com/drive/folders/18bUkrnA65w-eUaVTXTLdxhfMY64rsQuf?usp=drive_link
552,193-3,Groom Guard PRO,5. Most Aware,Bundle Offer,"""Help hem weer de beste versie van zichzelf te worden.""",Ik wil dat mijn vader er verzorgd en zelfverzekerd uitziet.,🖼️ Static ad,🖼️ Static ad,Een cadeau dat niet in de kast belandt,Meta,NL & BE,Alex,,,,,,,,,,,,,0.0,1.78,2.55,,To Test,,,https://drive.google.com/drive/folders/18bUkrnA65w-eUaVTXTLdxhfMY64rsQuf?usp=drive_link
553,193-4,Groom Guard PRO,5. Most Aware,Bundle Offer,"""Help hem weer de beste versie van zichzelf te worden.""",Ik wil dat mijn vader er verzorgd en zelfverzekerd uitziet.,🖼️ Static ad,🖼️ Static ad,"Geen kritiek, een cadeau voor jullie samen",Meta,NL & BE,Alex,,,,,,,,,,,,,0.0,1.78,2.55,,To Test,,,https://drive.google.com/drive/folders/18bUkrnA65w-eUaVTXTLdxhfMY64rsQuf?usp=drive_link
554,194-1,5in1 Men Shaper Gold,3. Solution Aware,Benefits-Driven,"""Waarom meerdere apparaten kopen als één alles kan?""",Ik wil één apparaat dat al mijn grooming behoeften oplost.,🖼️ Static ad,🖼️ Static ad,"5 functies, 1 toestel Men Shaper Gold",Meta,NL & BE,Geen specifieke customer Persona,,,,,,,,,,,,,0.0,2.28,3.26,,To Test,,,https://drive.google.com/drive/folders/104Wyx1eqB8TvEK1-hiF-zInI7KW-0JYp?usp=drive_link
555,194-2,5in1 Men Shaper Gold,3. Solution Aware,Benefits-Driven,"""Waarom meerdere apparaten kopen als één alles kan?""",Ik wil één apparaat dat al mijn grooming behoeften oplost.,🖼️ Static ad,🖼️ Static ad,Waarom vijf apparaten als èèn volstaat,Meta,NL & BE,Geen specifieke customer Persona,,,,,,,,,,,,,0.0,2.28,3.26,,To Test,,,https://drive.google.com/drive/folders/104Wyx1eqB8TvEK1-hiF-zInI7KW-0JYp?usp=drive_link
556,194-3,5in1 Men Shaper Gold,3. Solution Aware,Benefits-Driven,"""Waarom meerdere apparaten kopen als één alles kan?""",Ik wil één apparaat dat al mijn grooming behoeften oplost.,🖼️ Static ad,🖼️ Static ad,"Stop met stapelen, èèn trimmer. Hele lichaam. Klaar",Meta,NL & BE,Geen specifieke customer Persona,,,,,,,,,,,,,0.0,2.28,3.26,,To Test,,,https://drive.google.com/drive/folders/104Wyx1eqB8TvEK1-hiF-zInI7KW-0JYp?usp=drive_link
557,195-1,Essential Bundel,2. Problem Aware,Problem-Solution,Het perfecte vaderdagcadeau dat écht gebruikt wordt.,"Een cadeau geven dat waardevol, praktisch en betekenisvol is, zodat je vader er langdurig plezier van heeft.",🖼️ Static ad,🖼️ Static ad,De complete set voor vaderdag,Meta,NL & BE,Geen specifieke customer Persona,,,,,,,,,,,,,,,,,,,,
558,195-2,Essential Bundel,2. Problem Aware,Problem-Solution,Het perfecte vaderdagcadeau dat écht gebruikt wordt.,"Een cadeau geven dat waardevol, praktisch en betekenisvol is, zodat je vader er langdurig plezier van heeft.",🖼️ Static ad,🖼️ Static ad,Een cadeau dat niet in de kast belandt,Meta,NL & BE,Geen specifieke customer Persona,,,,,,,,,,,,,,,,,,,,
559,195-3,Essential Bundel,2. Problem Aware,Problem-Solution,Het perfecte vaderdagcadeau dat écht gebruikt wordt.,"Een cadeau geven dat waardevol, praktisch en betekenisvol is, zodat je vader er langdurig plezier van heeft.",🖼️ Static ad,🖼️ Static ad,Het beste cadeau voor jouw vader,Meta,NL & BE,Geen specifieke customer Persona,,,,,,,,,,,,,,,,,To Test,,Geen performance data. Meta: Not yet | TikTok: Not yet | Organic: Not yet,
560,196-1,Groom Guard,2. Problem Aware,Problem-Solution,"Meer comfort, zelfvertrouwen en aantrekkingskracht dankzij een goed verzorgde schaamstreek.","Je wilt je lichaamshaar moeiteloos onderhouden zodat je je comfortabeler, zelfverzekerder en aantrekkelijker voelt in intieme situaties.",🖼️ Static ad,🖼️ Static ad,Mn vriendin merkt nu het verschil,Meta,NL & BE,Geen specifieke customer Persona,,,,,,,,,,,,,,,,,To Test,,Geen performance data. Meta: Not yet | TikTok: Not yet | Organic: Not yet,
561,196-2,Groom Guard,2. Problem Aware,Problem-Solution,"Meer comfort, zelfvertrouwen en aantrekkingskracht dankzij een goed verzorgde schaamstreek.","Je wilt je lichaamshaar moeiteloos onderhouden zodat je je comfortabeler, zelfverzekerder en aantrekkelijker voelt in intieme situaties.",🖼️ Static ad,🖼️ Static ad,Geen prikkelende haartjes meer in mn broek,Meta,NL & BE,Geen specifieke customer Persona,,,,,,,,,,,,,,,,,To Test,,Geen performance data. Meta: Not yet | TikTok: Not yet | Organic: Not yet,
562,196-3,Groom Guard,2. Problem Aware,Problem-Solution,"Meer comfort, zelfvertrouwen en aantrekkingskracht dankzij een goed verzorgde schaamstreek.","Je wilt je lichaamshaar moeiteloos onderhouden zodat je je comfortabeler, zelfverzekerder en aantrekkelijker voelt in intieme situaties.",🖼️ Static ad,🖼️ Static ad,Eindelijk durf ik mijn boomstam te snoeien,Meta,NL & BE,Geen specifieke customer Persona,,,,,,,,,,,,,,,,,To Test,,Geen performance data. Meta: Not yet | TikTok: Not yet | Organic: Not yet,
563,197-1,Groom Guard,2. Problem Aware,Problem-Solution,Je wilt je vader een cadeau geven dat hij daadwerkelijk gebruikt en waarmee hij zich elke dag comfortabeler en beter verzorgd voelt.,Een praktisch vaderdagcadeau dat een dagelijks probleem oplost.,🖼️ Static ad,🖼️ Static ad,Het vaderdag cadeau dat hij niet teruglegt,Meta,NL & BE,Geen specifieke customer Persona,,,,,,,,,,,,,,,,,To Test,,Geen performance data. Meta: Not yet | TikTok: Not yet | Organic: Not yet,
564,197-2,Groom Guard,2. Problem Aware,Problem-Solution,Je wilt je vader een cadeau geven dat hij daadwerkelijk gebruikt en waarmee hij zich elke dag comfortabeler en beter verzorgd voelt.,Een praktisch vaderdagcadeau dat een dagelijks probleem oplost.,🖼️ Static ad,🖼️ Static ad,Klaar met klagen over die stoppels,Meta,NL & BE,Geen specifieke customer Persona,,,,,,,,,,,,,,,,,To Test,,Geen performance data. Meta: Not yet | TikTok: Not yet | Organic: Not yet,
565,198-1,Alle producten,2. Problem Aware,Negative / Pain Agitation,Verbeter je aantrekkingskracht door aandacht te besteden aan de verzorging die vrouwen écht opmerken.,"Je wilt aantrekkelijk en verzorgd overkomen, zodat je meer zelfvertrouwen hebt en je geen zorgen hoeft te maken over wat een partner van je lichaamsverzorging vindt.",🖼️ Static ad,🖼️ Static ad,Dit is volgens vrouwen de grootste afknaper bij mannen,Meta,NL & BE,Geen specifieke customer Persona,,,,,,,,,,,,,,,,,To Test,,Geen performance data. Meta: Not yet | TikTok: Not yet | Organic: Not yet,
566,198-2,Alle producten,2. Problem Aware,Negative / Pain Agitation,Verbeter je aantrekkingskracht door aandacht te besteden aan de verzorging die vrouwen écht opmerken.,"Je wilt aantrekkelijk en verzorgd overkomen, zodat je meer zelfvertrouwen hebt en je geen zorgen hoeft te maken over wat een partner van je lichaamsverzorging vindt.",🖼️ Static ad,🖼️ Static ad,Waarom haakt zij af nog voor het echt begint?,Meta,NL & BE,Geen specifieke customer Persona,,,,,,,,,,,,,,,,,To Test,,Geen performance data. Meta: Not yet | TikTok: Not yet | Organic: Not yet,
567,198-3,Alle producten,2. Problem Aware,Negative / Pain Agitation,Verbeter je aantrekkingskracht door aandacht te besteden aan de verzorging die vrouwen écht opmerken.,"Je wilt aantrekkelijk en verzorgd overkomen, zodat je meer zelfvertrouwen hebt en je geen zorgen hoeft te maken over wat een partner van je lichaamsverzorging vindt.",🖼️ Static ad,🖼️ Static ad,"Niet zn baard maar wat er onder zit, valt vrouwen op",Meta,NL & BE,Geen specifieke customer Persona,,,,,,,,,,,,,,,,,To Test,,Geen performance data. Meta: Not yet | TikTok: Not yet | Organic: Not yet,
568,199-1,Alle producten,2. Problem Aware,Comparison / Anti-X,Doorbreek de standaard vaderdagcadeaus met een cadeau dat écht gewaardeerd en gebruikt wordt.,"Je wilt je vader verrassen met een origineel en waardevol cadeau dat hij zelf niet snel zou kopen, maar waar hij jarenlang plezier van heeft.",🖼️ Static ad,🖼️ Static ad,Dit jaar geven we vader iets wat ze stiekem zelf nooit kopen,Meta,NL & BE,Geen specifieke customer Persona,,,,,,,,,,,,,,,,,To Test,,Geen performance data. Meta: Not yet | TikTok: Not yet | Organic: Not yet,
569,199-2,Alle producten,2. Problem Aware,Comparison / Anti-X,Doorbreek de standaard vaderdagcadeaus met een cadeau dat écht gewaardeerd en gebruikt wordt.,"Je wilt je vader verrassen met een origineel en waardevol cadeau dat hij zelf niet snel zou kopen, maar waar hij jarenlang plezier van heeft.",🖼️ Static ad,🖼️ Static ad,Waarom is een cadeau voor elke vader elk jaar zo moeilijk?,Meta,NL & BE,Geen specifieke customer Persona,,,,,,,,,,,,,,,,,To Test,,Geen performance data. Meta: Not yet | TikTok: Not yet | Organic: Not yet,
570,199-3,Alle producten,2. Problem Aware,Comparison / Anti-X,Doorbreek de standaard vaderdagcadeaus met een cadeau dat écht gewaardeerd en gebruikt wordt.,"Je wilt je vader verrassen met een origineel en waardevol cadeau dat hij zelf niet snel zou kopen, maar waar hij jarenlang plezier van heeft.",🖼️ Static ad,🖼️ Static ad,Stop dit jaar met de standaard vaderdagcadaus,Meta,NL & BE,Geen specifieke customer Persona,,,,,,,,,,,,,,,,,To Test,,Geen performance data. Meta: Not yet | TikTok: Not yet | Organic: Not yet,
571,200-1,Alle producten,1. Unaware,Authority / Expert,Het ondernemersverhaal achter een merk dat vanuit vakmanschap uitgroeide tot een succes.,"Je wilt producten kopen van een merk met een echt verhaal, gebouwd door iemand die kwaliteit en vakmanschap belangrijker vindt dan snelle winst.",🖼️ Static ad,🖼️ Static ad,Van loodgieter naar scheermerk: 7 lessen van Dustin Gibson,Meta,NL & BE,Geen specifieke customer Persona,,,,,,,,,,,,,,,,,To Test,,Geen performance data. Meta: Not yet | TikTok: Not yet | Organic: Not yet,
572,200-2,Alle producten,1. Unaware,Authority / Expert,Het ondernemersverhaal achter een merk dat vanuit vakmanschap uitgroeide tot een succes.,"Je wilt producten kopen van een merk met een echt verhaal, gebouwd door iemand die kwaliteit en vakmanschap belangrijker vindt dan snelle winst.",🖼️ Static ad,🖼️ Static ad,Deze gewoonte uit zijn loodgietersjaren zit nu in elk scheerapparaat dat hij verkoopt,Meta,NL & BE,Geen specifieke customer Persona,,,,,,,,,,,,,,,,,To Test,,Geen performance data. Meta: Not yet | TikTok: Not yet | Organic: Not yet,
573,200-3,Alle producten,1. Unaware,Authority / Expert,Het ondernemersverhaal achter een merk dat vanuit vakmanschap uitgroeide tot een succes.,"Je wilt producten kopen van een merk met een echt verhaal, gebouwd door iemand die kwaliteit en vakmanschap belangrijker vindt dan snelle winst.",🖼️ Static ad,🖼️ Static ad,Niemand vroeg om nog een scheermerk toch verkocht hij er honderdduizenden,Meta,NL & BE,Geen specifieke customer Persona,,,,,,,,,,,,,,,,,To Test,,Geen performance data. Meta: Not yet | TikTok: Not yet | Organic: Not yet,
574,201-1,Scheerapparaat Elite,1. Unaware,Authority / Expert,Ontwikkeld door iemand die het probleem zelf ervaarde en daarom een betere oplossing bouwde.,"Je wilt een product gebruiken dat is ontwikkeld vanuit een echt probleem en praktische ervaring, niet door een anoniem bedrijf dat zomaar iets verkoopt.",🖼️ Static ad,🖼️ Static ad,Bedacht door een loodgieter,Meta,NL & BE,Geen specifieke customer Persona,,,,,,,,,,,,,,,,,To Test,,Geen performance data. Meta: Not yet | TikTok: Not yet | Organic: Not yet,
575,201-2,Scheerapparaat Elite,1. Unaware,Authority / Expert,Ontwikkeld door iemand die het probleem zelf ervaarde en daarom een betere oplossing bouwde.,"Je wilt een product gebruiken dat is ontwikkeld vanuit een echt probleem en praktische ervaring, niet door een anoniem bedrijf dat zomaar iets verkoopt.",🖼️ Static ad,🖼️ Static ad,Wie heeft jouw shaver eigelijk bedacht,Meta,NL & BE,Geen specifieke customer Persona,,,,,,,,,,,,,,,,,To Test,,Geen performance data. Meta: Not yet | TikTok: Not yet | Organic: Not yet,
576,201-3,Scheerapparaat Elite,1. Unaware,Authority / Expert,Ontwikkeld door iemand die het probleem zelf ervaarde en daarom een betere oplossing bouwde.,"Je wilt een product gebruiken dat is ontwikkeld vanuit een echt probleem en praktische ervaring, niet door een anoniem bedrijf dat zomaar iets verkoopt.",🖼️ Static ad,🖼️ Static ad,Hij zag het probleem toen bouwde hji dit,Meta,NL & BE,Geen specifieke customer Persona,,,,,,,,,,,,,,,,,To Test,,Geen performance data. Meta: Not yet | TikTok: Not yet | Organic: Not yet,
577,202-1,Groom Guard,2. Problem Aware,Problem-Solution,Veilig en zorgeloos trimmen van gevoelige zones zonder angst voor sneetjes of irritatie.,"Je wilt je schaamstreek veilig en zonder stress verzorgen, zodat je je geen zorgen hoeft te maken over sneetjes, irritatie of ongemak.",🖼️ Static ad,🖼️ Static ad,180.000+ mannen trimmen al veilig daar beneden,Meta,NL & BE,Geen specifieke customer Persona,,,,,,,,,,,,,,,,,To Test,,Geen performance data. Meta: Not yet | TikTok: Not yet | Organic: Not yet,
578,202-2,Groom Guard,2. Problem Aware,Problem-Solution,Veilig en zorgeloos trimmen van gevoelige zones zonder angst voor sneetjes of irritatie.,"Je wilt je schaamstreek veilig en zonder stress verzorgen, zodat je je geen zorgen hoeft te maken over sneetjes, irritatie of ongemak.",🖼️ Static ad,🖼️ Static ad,Elektrisch trimmen bij je edele delen?,Meta,NL & BE,Geen specifieke customer Persona,,,,,,,,,,,,,,,,,To Test,,Geen performance data. Meta: Not yet | TikTok: Not yet | Organic: Not yet,
579,202-3,Groom Guard,2. Problem Aware,Problem-Solution,Veilig en zorgeloos trimmen van gevoelige zones zonder angst voor sneetjes of irritatie.,"Je wilt je schaamstreek veilig en zonder stress verzorgen, zodat je je geen zorgen hoeft te maken over sneetjes, irritatie of ongemak.",🖼️ Static ad,🖼️ Static ad,Glad trimmen hoeft geen bloedbad te zijn,Meta,NL & BE,Geen specifieke customer Persona,,,,,,,,,,,,,,,,,To Test,,Geen performance data. Meta: Not yet | TikTok: Not yet | Organic: Not yet,
580,203-1,Blade Baron,2. Problem Aware,Benefits-Driven,Een praktisch cadeau dat dagelijks gebruikt wordt en jarenlang meegaat.,Je wilt een cadeau geven dat langdurige waarde biedt en onderdeel wordt van iemands dagelijkse routine.,🖼️ Static ad,🖼️ Static ad,100 minuten scheren,Meta,NL & BE,Geen specifieke customer Persona,,,,,,,,,,,,,,,,,To Test,,Geen performance data. Meta: Not yet | TikTok: Not yet | Organic: Not yet,
581,203-2,Blade Baron,2. Problem Aware,Benefits-Driven,Een praktisch cadeau dat dagelijks gebruikt wordt en jarenlang meegaat.,Je wilt een cadeau geven dat langdurige waarde biedt en onderdeel wordt van iemands dagelijkse routine.,🖼️ Static ad,🖼️ Static ad,Welk cadeau gebruikt hij wel elke dag?,Meta,NL & BE,Geen specifieke customer Persona,,,,,,,,,,,,,,,,,To Test,,Geen performance data. Meta: Not yet | TikTok: Not yet | Organic: Not yet,
582,203-3,Blade Baron,2. Problem Aware,Benefits-Driven,Een praktisch cadeau dat dagelijks gebruikt wordt en jarenlang meegaat.,Je wilt een cadeau geven dat langdurige waarde biedt en onderdeel wordt van iemands dagelijkse routine.,🖼️ Static ad,🖼️ Static ad,Dit cadeau verdwijnt niet in een la,Meta,NL & BE,Geen specifieke customer Persona,,,,,,,,,,,,,,,,,To Test,,Geen performance data. Meta: Not yet | TikTok: Not yet | Organic: Not yet,
583,204-1,Groom Guard,2. Problem Aware,Benefits-Driven,Eindelijk een veilige manier om gevoelige zones te trimmen zonder risico op sneetjes.,"Je wilt je schaamstreek veilig en comfortabel verzorgen zonder angst voor sneetjes, irritatie of ongemakkelijke scheerongelukjes.",🖼️ Static ad,🖼️ Static ad,"Veilig daar beneden, eindelijk!",Meta,NL & BE,Geen specifieke customer Persona,,,,,,,,,,,,,,,,,To Test,,Geen performance data. Meta: Not yet | TikTok: Not yet | Organic: Not yet,
584,204-2,Groom Guard,2. Problem Aware,Benefits-Driven,Eindelijk een veilige manier om gevoelige zones te trimmen zonder risico op sneetjes.,"Je wilt je schaamstreek veilig en comfortabel verzorgen zonder angst voor sneetjes, irritatie of ongemakkelijke scheerongelukjes.",🖼️ Static ad,🖼️ Static ad,"Veilig daar beneden, eindelijk!",Meta,NL & BE,Geen specifieke customer Persona,,,,,,,,,,,,,,,,,To Test,,Geen performance data. Meta: Not yet | TikTok: Not yet | Organic: Not yet,
585,204-3,Groom Guard,2. Problem Aware,Benefits-Driven,Eindelijk een veilige manier om gevoelige zones te trimmen zonder risico op sneetjes.,"Je wilt je schaamstreek veilig en comfortabel verzorgen zonder angst voor sneetjes, irritatie of ongemakkelijke scheerongelukjes.",🖼️ Static ad,🖼️ Static ad,"Veilig daar beneden, eindelijk!",Meta,NL & BE,Geen specifieke customer Persona,,,,,,,,,,,,,,,,,To Test,,Geen performance data. Meta: Not yet | TikTok: Not yet | Organic: Not yet,
586,205-1,Groom Guard,4. Product Aware,Comparison / Anti-X,Waarom een gespecialiseerde bodygroomer beter werkt dan een standaard trimmer of scheerapparaat.,"Je wilt zeker weten dat je de beste en veiligste tool gebruikt voor intieme verzorging, in plaats van genoegen te nemen met een apparaat dat daar niet specifiek voor ontworpen is.",🖼️ Static ad,🖼️ Static ad,Waarom niet gewoon je philips?,Meta,NL & BE,Geen specifieke customer Persona,,,,,,,,,,,,,,,,,To Test,,Geen performance data. Meta: Not yet | TikTok: Not yet | Organic: Not yet,
587,205-2,Groom Guard,4. Product Aware,Comparison / Anti-X,Waarom een gespecialiseerde bodygroomer beter werkt dan een standaard trimmer of scheerapparaat.,"Je wilt zeker weten dat je de beste en veiligste tool gebruikt voor intieme verzorging, in plaats van genoegen te nemen met een apparaat dat daar niet specifiek voor ontworpen is.",🖼️ Static ad,🖼️ Static ad,Waarom niet gewoon je philips?,Meta,NL & BE,Geen specifieke customer Persona,,,,,,,,,,,,,,,,,To Test,,Geen performance data. Meta: Not yet | TikTok: Not yet | Organic: Not yet,
588,205-3,Groom Guard,4. Product Aware,Comparison / Anti-X,Waarom een gespecialiseerde bodygroomer beter werkt dan een standaard trimmer of scheerapparaat.,"Je wilt zeker weten dat je de beste en veiligste tool gebruikt voor intieme verzorging, in plaats van genoegen te nemen met een apparaat dat daar niet specifiek voor ontworpen is.",🖼️ Static ad,🖼️ Static ad,Waarom niet gewoon je philips?,Meta,NL & BE,Geen specifieke customer Persona,,,,,,,,,,,,,,,,,To Test,,Geen performance data. Meta: Not yet | TikTok: Not yet | Organic: Not yet,
589,206-1,Groom Guard,2. Problem Aware,Benefits-Driven,"Betere verzorging die niet alleen jij merkt, maar ook je partner.","Je wilt aantrekkelijker, verzorgder en zelfverzekerder overkomen, zodat je partner het verschil merkt.",🖼️ Static ad,🖼️ Static ad,Mn vriendin merkt het verschil!,Meta,NL & BE,Geen specifieke customer Persona,,,,,,,,,,,,,,,,,To Test,,Geen performance data. Meta: Not yet | TikTok: Not yet | Organic: Not yet,
590,206-2,Groom Guard,2. Problem Aware,Benefits-Driven,"Betere verzorging die niet alleen jij merkt, maar ook je partner.","Je wilt aantrekkelijker, verzorgder en zelfverzekerder overkomen, zodat je partner het verschil merkt.",🖼️ Static ad,🖼️ Static ad,Mn vriendin merkt het verschil!,Meta,NL & BE,Geen specifieke customer Persona,,,,,,,,,,,,,,,,,To Test,,Geen performance data. Meta: Not yet | TikTok: Not yet | Organic: Not yet,
591,206-3,Groom Guard,2. Problem Aware,Benefits-Driven,"Betere verzorging die niet alleen jij merkt, maar ook je partner.","Je wilt aantrekkelijker, verzorgder en zelfverzekerder overkomen, zodat je partner het verschil merkt.",🖼️ Static ad,🖼️ Static ad,Mn vriendin merkt het verschil!,Meta,NL & BE,Geen specifieke customer Persona,,,,,,,,,,,,,,,,,To Test,,Geen performance data. Meta: Not yet | TikTok: Not yet | Organic: Not yet,
592,207-1,Groom Guard PRO,4. Product Aware,Bundle Offer,De complete all-in-one groomingoplossing voor verzorging van top tot teen.,"Je wilt alles in huis hebben voor een complete, eenvoudige en verzorgde groomingroutine zonder losse apparaten of gedoe.",🖼️ Static ad,🖼️ Static ad,De complete groom guard pro set,Meta,NL & BE,Geen specifieke customer Persona,,,,,,,,,,,,,,,,,To Test,,Geen performance data. Meta: Not yet | TikTok: Not yet | Organic: Not yet,
593,207-2,Groom Guard PRO,4. Product Aware,Bundle Offer,De complete all-in-one groomingoplossing voor verzorging van top tot teen.,"Je wilt alles in huis hebben voor een complete, eenvoudige en verzorgde groomingroutine zonder losse apparaten of gedoe.",🖼️ Static ad,🖼️ Static ad,De complete groom guard pro set,Meta,NL & BE,Geen specifieke customer Persona,,,,,,,,,,,,,,,,,To Test,,Geen performance data. Meta: Not yet | TikTok: Not yet | Organic: Not yet,
594,207-3,Groom Guard PRO,4. Product Aware,Bundle Offer,De complete all-in-one groomingoplossing voor verzorging van top tot teen.,"Je wilt alles in huis hebben voor een complete, eenvoudige en verzorgde groomingroutine zonder losse apparaten of gedoe.",🖼️ Static ad,🖼️ Static ad,De complete groom guard pro set,Meta,NL & BE,Geen specifieke customer Persona,,,,,,,,,,,,,,,,,To Test,,Geen performance data. Meta: Not yet | TikTok: Not yet | Organic: Not yet,
595,208-1,Blade Baron,2. Problem Aware,Benefits-Driven,Moeiteloos en veilig scheren zonder de gebruikelijke risico's van gevoelige zones.,"Je wilt jezelf veilig en comfortabel kunnen verzorgen zonder angst voor sneetjes, irritatie of ongemak.",🖼️ Static ad,🖼️ Static ad,scheren zonder zorgen?,Meta,NL & BE,Geen specifieke customer Persona,,,,,,,,,,,,,,,,,To Test,,Geen performance data. Meta: Not yet | TikTok: Not yet | Organic: Not yet,
596,208-2,Blade Baron,2. Problem Aware,Benefits-Driven,Moeiteloos en veilig scheren zonder de gebruikelijke risico's van gevoelige zones.,"Je wilt jezelf veilig en comfortabel kunnen verzorgen zonder angst voor sneetjes, irritatie of ongemak.",🖼️ Static ad,🖼️ Static ad,scheren zonder zorgen?,Meta,NL & BE,Geen specifieke customer Persona,,,,,,,,,,,,,,,,,To Test,,Geen performance data. Meta: Not yet | TikTok: Not yet | Organic: Not yet,
597,208-3,Blade Baron,2. Problem Aware,Benefits-Driven,Moeiteloos en veilig scheren zonder de gebruikelijke risico's van gevoelige zones.,"Je wilt jezelf veilig en comfortabel kunnen verzorgen zonder angst voor sneetjes, irritatie of ongemak.",🖼️ Static ad,🖼️ Static ad,scheren zonder zorgen?,Meta,NL & BE,Geen specifieke customer Persona,,,,,,,,,,,,,,,,,To Test,,Geen performance data. Meta: Not yet | TikTok: Not yet | Organic: Not yet,
598,209-1,Groom Guard,2. Problem Aware,Benefits-Driven,"Maximaal comfort en controle tijdens het scheren, zelfs op de meest gevoelige plekken.","Je wilt je lichaam veilig en comfortabel kunnen verzorgen zonder irritatie, wondjes of ongemak.",🖼️ Static ad,🖼️ Static ad,Optimaal comfort altijd onder controlle,Meta,NL & BE,Geen specifieke customer Persona,,,,,,,,,,,,,,,,,To Test,,Geen performance data. Meta: Not yet | TikTok: Not yet | Organic: Not yet,
599,209-2,Groom Guard,2. Problem Aware,Benefits-Driven,"Maximaal comfort en controle tijdens het scheren, zelfs op de meest gevoelige plekken.","Je wilt je lichaam veilig en comfortabel kunnen verzorgen zonder irritatie, wondjes of ongemak.",🖼️ Static ad,🖼️ Static ad,Nooit meer wondjes na het scheren,Meta,NL & BE,Geen specifieke customer Persona,,,,,,,,,,,,,,,,,To Test,,Geen performance data. Meta: Not yet | TikTok: Not yet | Organic: Not yet,
600,209-3,Groom Guard,2. Problem Aware,Benefits-Driven,"Maximaal comfort en controle tijdens het scheren, zelfs op de meest gevoelige plekken.","Je wilt je lichaam veilig en comfortabel kunnen verzorgen zonder irritatie, wondjes of ongemak.",🖼️ Static ad,🖼️ Static ad,"Scheer comfortabel, overal",Meta,NL & BE,Geen specifieke customer Persona,,,,,,,,,,,,,,,,,To Test,,Geen performance data. Meta: Not yet | TikTok: Not yet | Organic: Not yet,
601,210-1,Groom Guard,4. Product Aware,Benefits-Driven,De complete groomingoplossing die alles biedt voor een eenvoudige en effectieve trim.,"Je wilt met minimale moeite een compleet verzorgd resultaat bereiken, inclusief lastig bereikbare plekken, zonder onnodige accessoires of meerdere apparaten.",🖼️ Static ad,🖼️ Static ad,"Glad, ook waar je niet bij kunt",Meta,NL & BE,Geen specifieke customer Persona,,,,,,,,,,,,,,,,,To Test,,Geen performance data. Meta: Not yet | TikTok: Not yet | Organic: Not yet,
602,210-2,Groom Guard,4. Product Aware,Benefits-Driven,De complete groomingoplossing die alles biedt voor een eenvoudige en effectieve trim.,"Je wilt met minimale moeite een compleet verzorgd resultaat bereiken, inclusief lastig bereikbare plekken, zonder onnodige accessoires of meerdere apparaten.",🖼️ Static ad,🖼️ Static ad,"Alles wat je nodig hebt, niks wat je niet nodig hebt",Meta,NL & BE,Geen specifieke customer Persona,,,,,,,,,,,,,,,,,To Test,,Geen performance data. Meta: Not yet | TikTok: Not yet | Organic: Not yet,
603,210-3,Groom Guard,4. Product Aware,Benefits-Driven,De complete groomingoplossing die alles biedt voor een eenvoudige en effectieve trim.,"Je wilt met minimale moeite een compleet verzorgd resultaat bereiken, inclusief lastig bereikbare plekken, zonder onnodige accessoires of meerdere apparaten.",🖼️ Static ad,🖼️ Static ad,"Alles wat je nodig hebt, voor de perfecte trim",Meta,NL & BE,Geen specifieke customer Persona,,,,,,,,,,,,,,,,,To Test,,Geen performance data. Meta: Not yet | TikTok: Not yet | Organic: Not yet,
604,211-1,Groom Guard,2. Problem Aware,Problem-Solution,Stap over op een comfortabelere manier van scheren zonder irritatie of ongemak.,"Je wilt een glad en verzorgd resultaat zonder huidirritatie, zodat je je elke dag comfortabel en zelfverzekerd voelt.",🖼️ Static ad,🖼️ Static ad,Van scheermes naar gladde huis,Meta,NL & BE,Geen specifieke customer Persona,,,,,,,,,,,,,,,,,To Test,,Geen performance data. Meta: Not yet | TikTok: Not yet | Organic: Not yet,
605,211-2,Groom Guard,2. Problem Aware,Problem-Solution,Stap over op een comfortabelere manier van scheren zonder irritatie of ongemak.,"Je wilt een glad en verzorgd resultaat zonder huidirritatie, zodat je je elke dag comfortabel en zelfverzekerd voelt.",🖼️ Static ad,🖼️ Static ad,Zeg dag tegen irritatie elke dag,Meta,NL & BE,Geen specifieke customer Persona,,,,,,,,,,,,,,,,,To Test,,Geen performance data. Meta: Not yet | TikTok: Not yet | Organic: Not yet,
606,211-3,Groom Guard,2. Problem Aware,Problem-Solution,Stap over op een comfortabelere manier van scheren zonder irritatie of ongemak.,"Je wilt een glad en verzorgd resultaat zonder huidirritatie, zodat je je elke dag comfortabel en zelfverzekerd voelt.",🖼️ Static ad,🖼️ Static ad,"Stop irritatie voel je goed, elke dag",Meta,NL & BE,Geen specifieke customer Persona,,,,,,,,,,,,,,,,,To Test,,Geen performance data. Meta: Not yet | TikTok: Not yet | Organic: Not yet,
607,212-1,Groom Guard,4. Product Aware,Comparison / Anti-X,Maak van je cadeaukaart een aankoop waar je elke dag iets aan hebt.,"Je wilt je geld besteden aan iets waar je écht dagelijks plezier van hebt, in plaats van aan een impulsieve aankoop die je nauwelijks gebruikt.",🖼️ Static ad,🖼️ Static ad,Cadeaukaart van bol? Hier moet je hem voor inwisselen,Meta,NL & BE,Geen specifieke customer Persona,,,,,,,,,,,,,,,,,To Test,,Geen performance data. Meta: Not yet | TikTok: Not yet | Organic: Not yet,
608,212-2,Groom Guard,4. Product Aware,Comparison / Anti-X,Maak van je cadeaukaart een aankoop waar je elke dag iets aan hebt.,"Je wilt je geld besteden aan iets waar je écht dagelijks plezier van hebt, in plaats van aan een impulsieve aankoop die je nauwelijks gebruikt.",🖼️ Static ad,🖼️ Static ad,Cadeaukaart van bol? Hier moet je hem voor inwisselen,Meta,NL & BE,Geen specifieke customer Persona,,,,,,,,,,,,,,,,,To Test,,Geen performance data. Meta: Not yet | TikTok: Not yet | Organic: Not yet,
609,212-3,Groom Guard,4. Product Aware,Comparison / Anti-X,Maak van je cadeaukaart een aankoop waar je elke dag iets aan hebt.,"Je wilt je geld besteden aan iets waar je écht dagelijks plezier van hebt, in plaats van aan een impulsieve aankoop die je nauwelijks gebruikt.",🖼️ Static ad,🖼️ Static ad,Cadeaukaart van bol? Hier moet je hem voor inwisselen,Meta,NL & BE,Geen specifieke customer Persona,,,,,,,,,,,,,,,,,To Test,,Geen performance data. Meta: Not yet | TikTok: Not yet | Organic: Not yet,
610,213-1,Groom Guard,2. Problem Aware,Benefits-Driven,Een praktisch cadeau dat onderdeel wordt van zijn dagelijkse routine.,"Je wilt een cadeau geven dat niet ongebruikt blijft liggen, maar waar hij dagelijks plezier en gemak van ervaart.",🖼️ Static ad,🖼️ Static ad,Eindelijk een cadeau dat hij echt gebruikt,Meta,NL & BE,Geen specifieke customer Persona,,,,,,,,,,,,,,,,,To Test,,Geen performance data. Meta: Not yet | TikTok: Not yet | Organic: Not yet,
611,213-2,Groom Guard,2. Problem Aware,Benefits-Driven,Een praktisch cadeau dat onderdeel wordt van zijn dagelijkse routine.,"Je wilt een cadeau geven dat niet ongebruikt blijft liggen, maar waar hij dagelijks plezier en gemak van ervaart.",🖼️ Static ad,🖼️ Static ad,Eindelijk een cadeau dat hij echt gebruikt,Meta,NL & BE,Geen specifieke customer Persona,,,,,,,,,,,,,,,,,To Test,,Geen performance data. Meta: Not yet | TikTok: Not yet | Organic: Not yet,
612,213-3,Groom Guard,2. Problem Aware,Benefits-Driven,Een praktisch cadeau dat onderdeel wordt van zijn dagelijkse routine.,"Je wilt een cadeau geven dat niet ongebruikt blijft liggen, maar waar hij dagelijks plezier en gemak van ervaart.",🖼️ Static ad,🖼️ Static ad,Eindelijk een cadeau dat hij echt gebruikt,Meta,NL & BE,Geen specifieke customer Persona,,,,,,,,,,,,,,,,,To Test,,Geen performance data. Meta: Not yet | TikTok: Not yet | Organic: Not yet,
613,214-1,Groom Guard,2. Problem Aware,Comparison / Anti-X,Stop met de cliché vaderdagcadeaus en geef iets dat écht gebruikt wordt.,"Je wilt je vader verrassen met een cadeau dat praktisch, waardevol en dagelijks bruikbaar is, in plaats van een standaard cadeau dat snel vergeten wordt.",🖼️ Static ad,🖼️ Static ad,"Niet weer parfum, dit gebruikt hij echt elke dag",Meta,NL & BE,Geen specifieke customer Persona,,,,,,,,,,,,,,,,,To Test,,Geen performance data. Meta: Not yet | TikTok: Not yet | Organic: Not yet,
614,214-2,Groom Guard,2. Problem Aware,Comparison / Anti-X,Stop met de cliché vaderdagcadeaus en geef iets dat écht gebruikt wordt.,"Je wilt je vader verrassen met een cadeau dat praktisch, waardevol en dagelijks bruikbaar is, in plaats van een standaard cadeau dat snel vergeten wordt.",🖼️ Static ad,🖼️ Static ad,"Niet weer parfum, dit gebruikt hij echt elke dag",Meta,NL & BE,Geen specifieke customer Persona,,,,,,,,,,,,,,,,,To Test,,Geen performance data. Meta: Not yet | TikTok: Not yet | Organic: Not yet,
615,214-3,Groom Guard,2. Problem Aware,Comparison / Anti-X,Stop met de cliché vaderdagcadeaus en geef iets dat écht gebruikt wordt.,"Je wilt je vader verrassen met een cadeau dat praktisch, waardevol en dagelijks bruikbaar is, in plaats van een standaard cadeau dat snel vergeten wordt.",🖼️ Static ad,🖼️ Static ad,"Niet weer parfum, dit gebruikt hij echt elke dag",Meta,NL & BE,Geen specifieke customer Persona,,,,,,,,,,,,,,,,,To Test,,Geen performance data. Meta: Not yet | TikTok: Not yet | Organic: Not yet,
616,215-1,Scheerapparaat Elite,2. Problem Aware,Comparison / Anti-X,Maak van een standaard cadeaukaart een cadeau waar hij elke dag plezier van heeft.,"Je wilt met je cadeaukaart iets kiezen dat niet alleen leuk is om te krijgen, maar ook dagelijks gebruikt en gewaardeerd wordt.",🖼️ Static ad,🖼️ Static ad,"Cadeaukaart van bol, voor vaderdag?",Meta,NL & BE,Geen specifieke customer Persona,,,,,,,,,,,,,,,,,To Test,,Geen performance data. Meta: Not yet | TikTok: Not yet | Organic: Not yet,
617,215-2,Scheerapparaat Elite,2. Problem Aware,Comparison / Anti-X,Maak van een standaard cadeaukaart een cadeau waar hij elke dag plezier van heeft.,"Je wilt met je cadeaukaart iets kiezen dat niet alleen leuk is om te krijgen, maar ook dagelijks gebruikt en gewaardeerd wordt.",🖼️ Static ad,🖼️ Static ad,"Cadeaukaart van bol, voor vaderdag?",Meta,NL & BE,Geen specifieke customer Persona,,,,,,,,,,,,,,,,,To Test,,Geen performance data. Meta: Not yet | TikTok: Not yet | Organic: Not yet,
618,215-3,Scheerapparaat Elite,2. Problem Aware,Comparison / Anti-X,Maak van een standaard cadeaukaart een cadeau waar hij elke dag plezier van heeft.,"Je wilt met je cadeaukaart iets kiezen dat niet alleen leuk is om te krijgen, maar ook dagelijks gebruikt en gewaardeerd wordt.",🖼️ Static ad,🖼️ Static ad,"Cadeaukaart van bol, voor vaderdag?",Meta,NL & BE,Geen specifieke customer Persona,,,,,,,,,,,,,,,,,To Test,,Geen performance data. Meta: Not yet | TikTok: Not yet | Organic: Not yet,
619,216-1,Scheerapparaat Elite,4. Product Aware,Benefits-Driven,"Meer functies, minder kosten: vier groomingtools in één apparaat.",Je wilt maximale functionaliteit krijgen zonder meerdere apparaten te hoeven kopen of teveel te betalen.,🖼️ Static ad,🖼️ Static ad,"Vier apparaten in een voor 49,95",Meta,NL & BE,Geen specifieke customer Persona,,,,,,,,,,,,,,,,,To Test,,Geen performance data. Meta: Not yet | TikTok: Not yet | Organic: Not yet,
620,216-2,Scheerapparaat Elite,4. Product Aware,Benefits-Driven,"Meer functies, minder kosten: vier groomingtools in één apparaat.",Je wilt maximale functionaliteit krijgen zonder meerdere apparaten te hoeven kopen of teveel te betalen.,🖼️ Static ad,🖼️ Static ad,"Vier apparaten in een voor 49,95",Meta,NL & BE,Geen specifieke customer Persona,,,,,,,,,,,,,,,,,To Test,,Geen performance data. Meta: Not yet | TikTok: Not yet | Organic: Not yet,
621,216-3,Scheerapparaat Elite,4. Product Aware,Benefits-Driven,"Meer functies, minder kosten: vier groomingtools in één apparaat.",Je wilt maximale functionaliteit krijgen zonder meerdere apparaten te hoeven kopen of teveel te betalen.,🖼️ Static ad,🖼️ Static ad,"Vier apparaten in een voor 49,95",Meta,NL & BE,Geen specifieke customer Persona,,,,,,,,,,,,,,,,,To Test,,Geen performance data. Meta: Not yet | TikTok: Not yet | Organic: Not yet,
622,217-1,Scheerapparaat Elite,2. Problem Aware,Comparison / Anti-X,Verras hem dit jaar met een cadeau dat hij daadwerkelijk gebruikt.,"Je wilt je vader verrassen met een cadeau dat nuttig, waardevol en dagelijks bruikbaar is, in plaats van een standaard cadeau dat snel vergeten wordt.",🖼️ Static ad,🖼️ Static ad,Geen sokken iets dat hij echt pakt,Meta,NL & BE,Geen specifieke customer Persona,,,,,,,,,,,,,,,,,To Test,,Geen performance data. Meta: Not yet | TikTok: Not yet | Organic: Not yet,
623,217-2,Scheerapparaat Elite,2. Problem Aware,Comparison / Anti-X,Verras hem dit jaar met een cadeau dat hij daadwerkelijk gebruikt.,"Je wilt je vader verrassen met een cadeau dat nuttig, waardevol en dagelijks bruikbaar is, in plaats van een standaard cadeau dat snel vergeten wordt.",🖼️ Static ad,🖼️ Static ad,Geen sokken iets dat hij echt pakt,Meta,NL & BE,Geen specifieke customer Persona,,,,,,,,,,,,,,,,,To Test,,Geen performance data. Meta: Not yet | TikTok: Not yet | Organic: Not yet,
624,217-3,Scheerapparaat Elite,2. Problem Aware,Comparison / Anti-X,Verras hem dit jaar met een cadeau dat hij daadwerkelijk gebruikt.,"Je wilt je vader verrassen met een cadeau dat nuttig, waardevol en dagelijks bruikbaar is, in plaats van een standaard cadeau dat snel vergeten wordt.",🖼️ Static ad,🖼️ Static ad,Geen sokken iets dat hij echt pakt,Meta,NL & BE,Geen specifieke customer Persona,,,,,,,,,,,,,,,,,To Test,,Geen performance data. Meta: Not yet | TikTok: Not yet | Organic: Not yet,
